path,exists,size_bytes,modified_time,sha256,role
D:\2026_07_23\CRG_TCN_review_v2\package_extracted\03_CRG_TCN_experiment_framework_v2_final_week_blind\configs\base_v2_2_2of4.yaml,True,5563,2026-07-26T06:47:09,ebf99bc367a0f7aa4e9244a0304ae65fea6cd8af6ee6124388504581c5103bd5,source evidence
D:\2026_07_23\CRG_TCN_review_v2\package_extracted\03_CRG_TCN_experiment_framework_v2_final_week_blind\manifests\v2_2_2of4\temporal_splits.json,True,2863,2026-07-26T06:47:59,b6f53a2e5e075095b8a5e963f9a86cbe93d382ff61e5a1b7746a538c4084e1bf,source evidence
D:\2026_07_23\CRG_TCN_review_v2\package_extracted\03_CRG_TCN_experiment_framework_v2_final_week_blind\scripts\build_hourly_panel.py,True,13814,2026-07-26T06:40:54,5ffd960790e7e0972aeb044e97ebaaaccec4149f137a850da3287b56a0088914,source evidence
D:\2026_07_23\CRG_TCN_review_v2\package_extracted\03_CRG_TCN_experiment_framework_v2_final_week_blind\scripts\build_splits.py,True,7665,2026-07-26T06:23:25,2c0eb9ea6f5627943ef00485f75cd24c69eec5d3b303f273fb88627c217267a6,source evidence
D:\2026_07_23\CRG_TCN_review_v2\package_extracted\03_CRG_TCN_experiment_framework_v2_final_week_blind\src\rolling_dataset.py,True,42324,2026-07-28T14:25:39,c41a0013d306c9c935d9d9b86afce8cc7bd55c6393a41d0f4929ec77e4ecc922,source evidence
D:\2026_07_23\CRG_TCN_review_v2\package_extracted\03_CRG_TCN_experiment_framework_v2_final_week_blind\manifests\v2_2_2of4\p0_data_pipeline_tests.json,True,886,2026-07-26T06:48:00,0c45e57f8ea4ee5e2309a6822d516d1892f0b3e2f463d709bdb0cefba1d39cad,source evidence
D:\2026_07_23\CRG_TCN_review_v2\package_extracted\03_CRG_TCN_experiment_framework_v2_final_week_blind\configs\matrices\v2_2\P7_final_week_frozen_10plus20seed.yaml,True,8920,2026-07-26T09:57:20,435da98d10f696419af4a7693e7ef22efa5476397ed512f60a6094b66dbe1ba3,source evidence
D:\2026_07_23\CRG_TCN_review_v2\package_extracted\03_CRG_TCN_experiment_framework_v2_final_week_blind\data\raw\SOURCE_PROVENANCE.md,True,1127,2026-07-26T06:12:57,16f8d05c10656f875acffa5fc870f5cb87d9a395060b13cc3b0a0b25da233fa7,source evidence
D:\2026_07_23\CRG_TCN_review_v2\package_extracted\03_CRG_TCN_experiment_framework_v2_final_week_blind\data\raw\tomtom_cleaned_records.csv.gz,True,15525348,2026-06-23T03:51:06,915e2f50d30752c7fdb666cae83a4e49945d0d81913ea791531043ae84fdf5c3,raw input metadata only; bytes not copied
