sample_id,fold,split,node_id,forecast_origin,horizon,stored_target,recomputed_target,absolute_difference,target_match,history_length,history_latest_le_origin,target_observed_count_recomputed
b27d2cd0384cc6d8bd05386c,3,train,N009,2025-12-19 01:00:00,6,90.0,90.0,0.0,True,24,True,6
8c11faef7dedc58dae9181ec,4,test,N004,2026-02-10 04:00:00,3,90.0,90.0,0.0,True,24,True,3
daf7748c5e3e2cae705887ce,5,train,N039,2025-12-13 03:00:00,1,100.0,100.0,0.0,True,24,True,1
04346684ad4254080d8fa3bf,6,train,N029,2025-12-16 18:00:00,3,95.44444444444444,95.44444444444444,0.0,True,24,True,3
06262c85159610a4b10445da,4,train,N037,2026-01-01 20:00:00,3,100.0,100.0,0.0,True,24,True,3
03cc4b51e37dc3e3c9cafa49,5,train,N007,2026-01-24 10:00:00,6,90.0,90.0,0.0,True,24,True,5
75deecf68e72701f929c0e9c,1,train,N038,2026-01-01 13:00:00,1,100.0,100.0,0.0,True,24,True,1
7f06b358705f1f9b6cef3be4,2,train,N013,2025-12-14 09:00:00,1,94.0,94.0,0.0,True,24,True,1
0b1552601853a45b1d053699,6,test,N021,2026-02-28 20:00:00,1,100.0,100.0,0.0,True,24,True,1
9f46f9dacf497ac2bd3b46d1,1,train,N013,2025-12-12 02:00:00,6,94.0,94.0,0.0,True,24,True,6
ccee682fb1a3b20c4f6c6442,2,train,N017,2026-01-03 17:00:00,1,99.0,99.0,0.0,True,24,True,1
ad52c60252400ca2f81074d4,5,train,N030,2026-01-12 04:00:00,6,98.0,98.0,0.0,True,24,True,6
a648b7d170adc9006abea595,4,train,N009,2026-01-15 18:00:00,1,90.0,90.0,0.0,True,24,True,1
89db0e4549f5b2c4e4a2f09c,2,train,N027,2026-01-09 17:00:00,1,100.0,100.0,0.0,True,24,True,1
0ccdb52ae56869836ab4c386,2,train,N033,2026-01-11 14:00:00,6,100.0,100.0,0.0,True,24,True,5
8198fd99cf4c859a31a2f6c3,3,validation,N035,2026-01-26 20:00:00,1,100.0,100.0,0.0,True,24,True,1
646f16e27ecbde4730829c84,1,validation,N041,2026-01-14 23:00:00,1,88.0,88.0,0.0,True,24,True,1
f0abe7301839cf090e914c5d,4,train,N047,2025-12-29 14:00:00,1,64.66666666666667,64.66666666666667,0.0,True,24,True,1
bed7a6936e45463239637db0,2,train,N026,2025-12-16 04:00:00,6,100.0,100.0,0.0,True,24,True,6
ff4f465df14ebedc0e5e924f,4,train,N033,2026-01-10 17:00:00,3,100.0,100.0,0.0,True,24,True,3
b05bb4d232b6e99a30454478,4,train,N041,2025-12-24 21:00:00,1,84.0,84.0,0.0,True,24,True,1
e060cc6da5d44e895290a605,4,validation,N047,2026-02-04 22:00:00,1,78.0,78.0,0.0,True,24,True,1
9c50495f6db4ead061631ae2,5,train,N049,2026-01-09 00:00:00,1,53.0,53.0,0.0,True,24,True,1
ff3e66057f5f97e334276d49,2,validation,N042,2026-01-22 21:00:00,3,78.0,78.0,0.0,True,24,True,3
a0750b98f7629e4b30215464,2,train,N008,2025-12-17 03:00:00,1,90.0,90.0,0.0,True,24,True,1
42b91c8daa79eacdae9273a2,3,train,N021,2026-01-04 14:00:00,1,100.0,100.0,0.0,True,24,True,1
2cf38bfc3b8c88533f006d7b,6,train,N006,2025-12-31 02:00:00,3,90.0,90.0,0.0,True,24,True,3
b1cb471890d0c5e7620ec6ca,4,train,N031,2026-01-08 10:00:00,6,100.0,100.0,0.0,True,24,True,6
e9095346e73f63fa9819c1da,2,validation,N025,2026-01-24 17:00:00,1,98.0,98.0,0.0,True,24,True,1
315eb3a0c90ebeda5957bfae,3,train,N007,2025-12-25 08:00:00,3,90.0,90.0,0.0,True,24,True,3
e17e3258cea7ae03d0d98224,3,train,N015,2026-01-02 21:00:00,3,94.0,94.0,0.0,True,24,True,3
604b9bfcd8ff6b2b061c4f44,2,train,N015,2025-12-18 17:00:00,6,94.0,94.0,0.0,True,24,True,6
6d939638d21114ab91f264d4,2,train,N030,2025-12-16 02:00:00,6,98.0,98.0,0.0,True,24,True,6
5f1e6a3e987e4d85f0046f18,1,train,N035,2025-12-18 14:00:00,1,100.0,100.0,0.0,True,24,True,1
b1e905701e54e13c67d37b96,5,train,N006,2026-01-15 14:00:00,1,90.0,90.0,0.0,True,24,True,1
a7f7a3f4f7d17fe8e641e841,4,train,N047,2026-01-15 14:00:00,6,65.41666666666667,65.41666666666667,0.0,True,24,True,6
47c9e300e318a0d3a7d5e40e,2,validation,N041,2026-01-19 11:00:00,6,87.1,87.1,0.0,True,24,True,5
91f32aebb6bf833f3d529cc9,1,train,N047,2026-01-05 09:00:00,3,65.1388888888889,65.1388888888889,0.0,True,24,True,3
20af190899ef79799e36863f,3,validation,N031,2026-01-28 10:00:00,3,100.0,100.0,0.0,True,24,True,3
a1b6869a78f6c01d1d2bed88,1,train,N012,2025-12-09 19:00:00,6,94.0,94.0,0.0,True,24,True,5
30f203aac90fc0d2874cefc2,3,train,N045,2025-12-24 05:00:00,3,72.52777777777777,72.52777777777777,0.0,True,24,True,3
7d1218389222b765eceac77b,6,validation,N036,2026-02-19 19:00:00,3,100.0,100.0,0.0,True,24,True,3
c948be4d5ed7580460746091,4,test,N027,2026-02-09 05:00:00,6,100.0,100.0,0.0,True,24,True,6
c368e07585b6b95b6e30f301,1,train,N021,2025-12-18 09:00:00,1,100.0,100.0,0.0,True,24,True,1
3d6585668890ba62ad1b82f0,2,train,N032,2025-12-27 09:00:00,3,100.0,100.0,0.0,True,24,True,3
3c0cf41fb171f13a85d3d7e9,3,train,N029,2025-12-28 06:00:00,1,98.0,98.0,0.0,True,24,True,1
b645bd1f62894b8f56f613fb,5,train,N043,2026-01-13 23:00:00,6,77.55555555555556,77.55555555555556,0.0,True,24,True,6
5d35ca9bfedb1cbb1f08b035,4,train,N033,2025-12-16 01:00:00,1,100.0,100.0,0.0,True,24,True,1
b637bb14a49a841c13528878,2,train,N032,2025-12-22 06:00:00,6,100.0,100.0,0.0,True,24,True,6
19032076d4de64d891e91e78,1,train,N002,2025-12-17 23:00:00,1,94.0,94.0,0.0,True,24,True,1
f65b32c7c06d358f2371617d,2,train,N018,2025-12-20 16:00:00,1,98.0,98.0,0.0,True,24,True,1
8cfab051be0daea34cc9df52,4,test,N036,2026-02-13 22:00:00,6,100.0,100.0,0.0,True,24,True,5
4c55bf24cc459a2fc6d02e1a,1,test,N037,2026-01-22 05:00:00,1,100.0,100.0,0.0,True,24,True,1
fe76e5055e9d7d98a604e2f2,1,train,N043,2025-12-14 03:00:00,3,78.0,78.0,0.0,True,24,True,3
eef0230bacd89c358b431846,4,train,N047,2025-12-18 22:00:00,1,78.0,78.0,0.0,True,24,True,1
395b0e694c22c85ae1881c8e,5,train,N027,2026-01-11 21:00:00,6,100.0,100.0,0.0,True,24,True,6
67219e2c05875559b5be3c01,6,train,N048,2025-12-28 19:00:00,1,58.0,58.0,0.0,True,24,True,1
e63f9748f43ef39ca881f17b,2,test,N009,2026-01-30 10:00:00,1,90.0,90.0,0.0,True,24,True,1
9b5b43b1b179c661ea9b456f,4,train,N020,2025-12-29 17:00:00,1,100.0,100.0,0.0,True,24,True,1
46223b20e92b68839f4d6f8c,1,train,N051,2026-01-10 16:00:00,1,63.0,63.0,0.0,True,24,True,1
f4ecd848d16a7df9297caf23,1,train,N030,2025-12-27 20:00:00,1,93.0,93.0,0.0,True,24,True,1
815aa286ab5632d1a45c484a,6,test,N032,2026-02-25 19:00:00,6,99.05555555555554,99.05555555555554,0.0,True,24,True,6
17415976fbd3952a93f4ff1f,3,train,N021,2025-12-26 09:00:00,1,100.0,100.0,0.0,True,24,True,1
60faf0e09954f265d3424df4,5,train,N004,2025-12-12 17:00:00,3,90.0,90.0,0.0,True,24,True,3
9a7cf2443545a3eaa27f7fb9,6,train,N020,2025-12-23 18:00:00,6,100.0,100.0,0.0,True,24,True,6
b3353a725ff619e8f7dc5b6c,6,train,N023,2026-01-08 05:00:00,6,99.26666666666667,99.26666666666667,0.0,True,24,True,5
c081eeeedfbf34cfff7870b3,3,train,N010,2025-12-26 04:00:00,3,94.0,94.0,0.0,True,24,True,3
95645cf810dbc45d14df86db,6,train,N006,2026-02-05 07:00:00,3,90.0,90.0,0.0,True,24,True,3
b6f7cb270fb8e9d4c33afacd,6,test,N044,2026-02-23 11:00:00,3,62.44444444444445,62.44444444444445,0.0,True,24,True,3
cb0a5acc9e2763ca42e2e1cb,6,train,N013,2025-12-17 05:00:00,6,94.0,94.0,0.0,True,24,True,6
f9a8f6bcff35122caad0a4c9,3,train,N001,2025-12-18 22:00:00,1,90.0,90.0,0.0,True,24,True,1
5abeefbd4bb242c26f32d6fb,5,train,N009,2025-12-15 17:00:00,6,90.0,90.0,0.0,True,24,True,6
953011d8c123728000ad48f4,1,train,N044,2025-12-20 12:00:00,6,61.47222222222223,61.47222222222223,0.0,True,24,True,6
500f1f108079577d33644400,2,train,N011,2025-12-19 21:00:00,1,94.0,94.0,0.0,True,24,True,1
2d6619baa5ed50c597e0c35b,5,train,N046,2025-12-11 03:00:00,3,86.41666666666667,86.41666666666667,0.0,True,24,True,3
90ea6252f7c038817bac3d60,2,train,N012,2025-12-28 22:00:00,1,94.0,94.0,0.0,True,24,True,1
b7ea709d77a7faba1dcbecde,4,train,N045,2025-12-11 01:00:00,6,75.36111111111111,75.36111111111111,0.0,True,24,True,6
80c9640fc076922d742b3fbc,2,train,N043,2025-12-18 00:00:00,1,78.0,78.0,0.0,True,24,True,1
d589d6323e52b9d2a85bd562,2,validation,N040,2026-01-23 07:00:00,6,100.0,100.0,0.0,True,24,True,5
ac866a6238dc92ee18441a86,6,train,N041,2026-01-16 23:00:00,1,88.0,88.0,0.0,True,24,True,1
867fbaf5d0149b3beb2b5ae1,4,train,N024,2026-02-01 02:00:00,1,100.0,100.0,0.0,True,24,True,1
f37f36cb041c6b80369cad69,5,train,N007,2026-02-07 00:00:00,1,90.0,90.0,0.0,True,24,True,1
826b309633d2af6fa6ce26d5,3,train,N027,2025-12-11 09:00:00,3,100.0,100.0,0.0,True,24,True,3
ccbc66b2c5e0390106bd5a9c,4,train,N001,2025-12-18 07:00:00,1,90.0,90.0,0.0,True,24,True,1
74fa5577003a2028f7ba0c9c,4,train,N039,2026-01-09 06:00:00,3,100.0,100.0,0.0,True,24,True,3
9f6af4fcb5749ff44e88cd13,5,train,N020,2025-12-14 06:00:00,6,100.0,100.0,0.0,True,24,True,6
a975a7961deb1465fdb2e2ca,3,train,N035,2026-01-05 04:00:00,6,100.0,100.0,0.0,True,24,True,6
b985e89c72db11de740631ca,4,train,N050,2026-01-08 22:00:00,1,41.0,41.0,0.0,True,24,True,1
721dc56628637ff02e8f45c9,3,train,N041,2026-01-15 18:00:00,6,85.2,85.2,0.0,True,24,True,5
f32f1c56e3e11e395a332269,6,validation,N016,2026-02-19 12:00:00,1,88.5,88.5,0.0,True,24,True,1
e53ba4d3d3dcaa6d77c6e335,3,train,N043,2025-12-24 16:00:00,3,56.63888888888889,56.63888888888889,0.0,True,24,True,3
a5da16af3aa20e56dc2838d3,5,validation,N031,2026-02-10 11:00:00,3,100.0,100.0,0.0,True,24,True,3
8e55a547bb368a1ebcff365d,6,validation,N014,2026-02-16 01:00:00,6,94.0,94.0,0.0,True,24,True,6
8d39e46abed7aa86c1b5f625,1,train,N022,2025-12-25 19:00:00,3,98.0,98.0,0.0,True,24,True,3
279a800e8ca42ceb856a483f,2,train,N018,2026-01-18 11:00:00,1,98.0,98.0,0.0,True,24,True,1
0cac6bf1738fd24546f622d2,3,train,N024,2025-12-30 20:00:00,6,95.94444444444446,95.94444444444446,0.0,True,24,True,6
b4a7004c6e0a5c59e1bb7007,2,train,N002,2026-01-17 11:00:00,1,94.0,94.0,0.0,True,24,True,1
63de9a9759caced87a2ea1bc,3,train,N030,2025-12-19 14:00:00,3,98.0,98.0,0.0,True,24,True,3
6aba1f07384eb571cdb675e3,5,train,N002,2026-01-26 08:00:00,3,94.0,94.0,0.0,True,24,True,3
6a0e7c71ef17ee860949d7f8,4,train,N030,2026-01-25 02:00:00,6,98.0,98.0,0.0,True,24,True,5
a1cb062dbb0c30a0d890c92a,6,train,N014,2026-01-07 16:00:00,1,94.0,94.0,0.0,True,24,True,1
a429416521a0d85860accd99,3,train,N013,2026-01-18 05:00:00,1,94.0,94.0,0.0,True,24,True,1
62b8d4314832e2978b585b21,1,validation,N043,2026-01-12 22:00:00,1,78.0,78.0,0.0,True,24,True,1
bfc429fc603a78e50bd49f04,6,train,N004,2025-12-26 02:00:00,6,90.0,90.0,0.0,True,24,True,6
94fe9dba134c34446bf46675,4,validation,N011,2026-02-02 21:00:00,1,94.0,94.0,0.0,True,24,True,1
088711c8120099b3ee47514d,3,train,N032,2025-12-11 13:00:00,3,100.0,100.0,0.0,True,24,True,3
bed41e7470bc8401f6277eae,6,train,N013,2025-12-12 01:00:00,3,94.0,94.0,0.0,True,24,True,3
6867925d2731b118d33a1080,3,train,N001,2026-01-07 04:00:00,1,90.0,90.0,0.0,True,24,True,1
17fce9bf03be776684defe33,1,train,N007,2025-12-31 06:00:00,6,89.0,89.0,0.0,True,24,True,6
eff22d047f9e48ea00c1913f,4,train,N020,2026-01-12 23:00:00,1,100.0,100.0,0.0,True,24,True,1
6e1dc164a5d97554ab66067c,4,test,N011,2026-02-11 04:00:00,6,94.0,94.0,0.0,True,24,True,5
b28afb1cb3ee4b83957952d8,3,train,N019,2025-12-26 00:00:00,6,98.0,98.0,0.0,True,24,True,6
eeb68248e261f7459afc0687,5,train,N048,2026-01-18 21:00:00,1,78.0,78.0,0.0,True,24,True,1
a8b095aa5bb75adcccb89ab4,1,validation,N038,2026-01-15 03:00:00,1,100.0,100.0,0.0,True,24,True,1
99e5cd64c7cb4e247d62d174,3,train,N028,2026-01-14 08:00:00,1,100.0,100.0,0.0,True,24,True,1
e0b07e7f90ad0b8c3c5ee063,2,validation,N008,2026-01-24 11:00:00,1,90.0,90.0,0.0,True,24,True,1
54fdd1b1de9ead5b0b740ec8,6,train,N038,2025-12-17 00:00:00,6,100.0,100.0,0.0,True,24,True,6
3677e3b8d18bb3837899d29e,2,train,N016,2026-01-12 09:00:00,6,99.0,99.0,0.0,True,24,True,5
8e6396273724373aedf605cb,6,train,N033,2025-12-27 12:00:00,6,96.45833333333333,96.45833333333333,0.0,True,24,True,6
37a2c74a3ea91c82647986d0,1,train,N028,2026-01-05 10:00:00,1,100.0,100.0,0.0,True,24,True,1
b4f888286c17fd3545bde2bf,2,train,N009,2025-12-09 20:00:00,6,90.0,90.0,0.0,True,24,True,5
8f00df9d70f76f13bb1c5447,2,train,N017,2025-12-17 21:00:00,1,91.66666666666667,91.66666666666667,0.0,True,24,True,1
8debb363fdf30865e4ae6e57,5,validation,N017,2026-02-13 13:00:00,3,99.0,99.0,0.0,True,24,True,3
7f528be526724515c8b8b4f8,5,train,N013,2026-02-04 07:00:00,1,94.0,94.0,0.0,True,24,True,1
d7ae3dffff174722db5f38c1,6,train,N051,2026-01-28 21:00:00,3,76.5,76.5,0.0,True,24,True,3
785ac78830ee175a72463e8c,4,train,N027,2025-12-28 22:00:00,6,100.0,100.0,0.0,True,24,True,6
6fcbd53453a583669c0bf818,5,train,N001,2025-12-19 21:00:00,3,90.0,90.0,0.0,True,24,True,3
b7748c6204d18b27dadcc9ba,2,train,N048,2026-01-04 15:00:00,1,67.0,67.0,0.0,True,24,True,1
78acf51d9771b5c7fbf4f020,1,test,N028,2026-01-21 15:00:00,3,98.55555555555556,98.55555555555556,0.0,True,24,True,3
4c374eef7211d023b50bdea0,1,train,N038,2025-12-17 01:00:00,3,100.0,100.0,0.0,True,24,True,3
851ca344dd7990a6f5e7d7d9,3,train,N046,2026-01-08 02:00:00,6,82.0,82.0,0.0,True,24,True,6
aab8e5200ffc7a0a21d2b99a,6,train,N049,2025-12-14 12:00:00,3,32.333333333333336,32.333333333333336,0.0,True,24,True,3
7878d1077850bedfdc61aba0,2,train,N035,2025-12-12 15:00:00,1,100.0,100.0,0.0,True,24,True,1
c0516487f46c480ea80462aa,3,train,N007,2025-12-26 20:00:00,3,84.77777777777777,84.77777777777777,0.0,True,24,True,3
70ce6a3e5070c7dd119a8b8b,4,train,N021,2025-12-11 02:00:00,3,100.0,100.0,0.0,True,24,True,3
f556be8d7f6bfb15fbbebcc6,5,train,N036,2026-01-08 13:00:00,3,100.0,100.0,0.0,True,24,True,3
ff11037a9ef831c61f70c09b,5,train,N013,2026-02-07 21:00:00,3,94.0,94.0,0.0,True,24,True,3
eacee150fe7f633559e7a612,4,train,N002,2025-12-13 15:00:00,6,93.91666666666667,93.91666666666667,0.0,True,24,True,6
79bf954d13c8d47afc5bc283,5,train,N019,2026-01-07 21:00:00,6,98.0,98.0,0.0,True,24,True,5
c29b20f5f11893fc68d61610,3,train,N001,2025-12-25 17:00:00,3,90.0,90.0,0.0,True,24,True,3
cc4c697f99cda2b101badfd8,4,train,N003,2026-01-16 09:00:00,6,90.0,90.0,0.0,True,24,True,5
c911e6ede25ba02aece237c0,6,train,N047,2025-12-29 00:00:00,6,77.66666666666667,77.66666666666667,0.0,True,24,True,6
5d1a02b03a53258128e6d8cd,6,train,N023,2025-12-10 06:00:00,6,100.0,100.0,0.0,True,24,True,6
48e4146853cdfd9cf292f90b,6,train,N033,2026-01-27 01:00:00,6,100.0,100.0,0.0,True,24,True,5
9aeb6d9775f7a9234abc902f,3,train,N028,2025-12-17 00:00:00,6,100.0,100.0,0.0,True,24,True,5
dda5d0573af0d498785bc1b6,4,train,N051,2025-12-23 15:00:00,3,59.416666666666664,59.416666666666664,0.0,True,24,True,3
7de2b439fc0dbf7ab0f9a33b,2,train,N001,2025-12-28 03:00:00,1,90.0,90.0,0.0,True,24,True,1
38b849887ad5eaf203785c61,6,train,N035,2026-01-14 04:00:00,6,100.0,100.0,0.0,True,24,True,6
a13e84e3ad32eb9a762edbb1,6,train,N008,2026-01-20 05:00:00,1,90.0,90.0,0.0,True,24,True,1
fbd0d60cfe2b73f960a4e00e,4,train,N035,2026-01-01 08:00:00,3,100.0,100.0,0.0,True,24,True,3
b5b45650585485c51f9cd04e,5,train,N045,2025-12-18 07:00:00,3,65.61111111111111,65.61111111111111,0.0,True,24,True,3
fae2634d521b512719eb98c1,5,train,N001,2026-02-04 10:00:00,3,90.0,90.0,0.0,True,24,True,3
f131cbcae4f9cdcac54270c8,3,train,N042,2026-01-03 22:00:00,1,78.0,78.0,0.0,True,24,True,1
16414b5ebfbc00cf544088d1,5,train,N013,2026-01-02 19:00:00,1,94.0,94.0,0.0,True,24,True,1
c432ab2b7883c0e972029323,1,train,N018,2025-12-30 06:00:00,3,98.0,98.0,0.0,True,24,True,3
8e47907a19e378328c9710a3,1,train,N039,2025-12-14 05:00:00,3,100.0,100.0,0.0,True,24,True,3
d2c22d783478c0252d871b36,5,train,N037,2025-12-21 12:00:00,1,100.0,100.0,0.0,True,24,True,1
2f51d27877c9f870f5597cf2,4,train,N045,2026-01-15 03:00:00,1,78.0,78.0,0.0,True,24,True,1
e4ce4968d5c993c95626a41d,3,train,N030,2025-12-20 18:00:00,1,98.0,98.0,0.0,True,24,True,1
900c122d58bfdcad741a5209,2,train,N039,2025-12-27 21:00:00,3,100.0,100.0,0.0,True,24,True,3
2bb39c057a2fd4aaf2ba74b9,2,train,N001,2025-12-22 13:00:00,1,90.0,90.0,0.0,True,24,True,1
b2164733f1dde3dc0f7abdf8,2,test,N007,2026-02-01 14:00:00,6,88.7,88.7,0.0,True,24,True,5
5962ec953df7ca3527bf8bf7,3,validation,N031,2026-01-30 03:00:00,1,100.0,100.0,0.0,True,24,True,1
79a5d029abcd6152a11044a3,3,train,N011,2026-01-05 10:00:00,1,94.0,94.0,0.0,True,24,True,1
836d7b609f7d18e491f7cc2d,4,train,N029,2025-12-26 07:00:00,1,98.0,98.0,0.0,True,24,True,1
67fae288f42fdd9b04cc103a,5,train,N035,2026-01-16 22:00:00,1,100.0,100.0,0.0,True,24,True,1
aefbd046a16271394fef3e72,1,train,N020,2025-12-23 13:00:00,1,100.0,100.0,0.0,True,24,True,1
bcfdf14a2b9e1dc6e9c96fa2,1,train,N011,2025-12-16 17:00:00,3,94.0,94.0,0.0,True,24,True,3
0ea61563e0512d332c916508,5,train,N048,2025-12-18 06:00:00,1,62.75,62.75,0.0,True,24,True,1
c098e6a1bc07d65aea1255cb,3,test,N024,2026-02-08 00:00:00,3,100.0,100.0,0.0,True,24,True,3
a27f547169cbef4d0a2c7633,3,train,N050,2025-12-20 14:00:00,6,29.48611111111111,29.48611111111111,0.0,True,24,True,6
4717d95d7b8289a1f04ac9de,2,train,N024,2025-12-25 21:00:00,1,100.0,100.0,0.0,True,24,True,1
5679949f1a9b0d35b223011b,2,train,N025,2026-01-13 08:00:00,1,98.0,98.0,0.0,True,24,True,1
761360849b729562d4a7c3c2,4,train,N017,2026-02-01 12:00:00,1,99.0,99.0,0.0,True,24,True,1
3d6d2b121de42b951cdddc91,2,test,N014,2026-01-31 16:00:00,1,94.0,94.0,0.0,True,24,True,1
cac91215a5c1e14e65b3ae18,6,train,N030,2025-12-20 13:00:00,3,98.0,98.0,0.0,True,24,True,3
269f5b5fa49dcece33616255,5,train,N016,2026-01-14 20:00:00,1,86.5,86.5,0.0,True,24,True,1
31d27ec7cfdb69f0be99f693,6,train,N046,2026-02-14 13:00:00,6,87.33333333333333,87.33333333333333,0.0,True,24,True,6
82d36c0832833d5f41147ede,1,train,N005,2025-12-11 09:00:00,1,43.0,43.0,0.0,True,24,True,1
10009b44b68e81b4bbe55d64,6,test,N033,2026-02-27 19:00:00,3,96.58333333333333,96.58333333333333,0.0,True,24,True,3
e34c6d0201fe4cc7aa409f46,2,train,N024,2025-12-19 21:00:00,6,100.0,100.0,0.0,True,24,True,6
79a77428a7b4ef65098661dd,5,test,N015,2026-02-19 22:00:00,6,94.0,94.0,0.0,True,24,True,6
ba9269be5df31dccc734bb33,4,train,N007,2025-12-14 16:00:00,6,90.0,90.0,0.0,True,24,True,6
2afda22da8d38504957e84dd,5,train,N042,2026-01-30 14:00:00,1,64.5,64.5,0.0,True,24,True,1
a97e177c737a3c9ea3928ec6,1,train,N012,2025-12-18 08:00:00,6,94.0,94.0,0.0,True,24,True,6
99194ce5f1b055cfc9a27c54,5,train,N016,2025-12-23 11:00:00,1,99.0,99.0,0.0,True,24,True,1
ffc264fe0bd35b377365da36,2,train,N051,2025-12-25 09:00:00,6,68.71666666666667,68.71666666666667,0.0,True,24,True,5
f81139e34e13ff591932b5e5,2,test,N005,2026-01-28 04:00:00,1,43.0,43.0,0.0,True,24,True,1
4c700ee86bbedce0c6b12466,1,train,N003,2025-12-13 08:00:00,6,90.0,90.0,0.0,True,24,True,6
11dfa7569f0d9c3d5a5fdd4a,3,validation,N012,2026-01-26 01:00:00,3,94.0,94.0,0.0,True,24,True,3
f4ec6018f7c6e713c50243c2,1,validation,N038,2026-01-14 04:00:00,3,100.0,100.0,0.0,True,24,True,3
5ae7c022d633bfcbbb0818f1,3,train,N042,2025-12-29 06:00:00,1,70.0,70.0,0.0,True,24,True,1
160f6962187e40e1a4c73f40,3,train,N045,2025-12-30 23:00:00,3,76.75,76.75,0.0,True,24,True,3
7599645ff67b6aa47c05e436,3,train,N010,2025-12-22 01:00:00,3,94.0,94.0,0.0,True,24,True,3
683a06372abf9d6acc4d341b,3,test,N047,2026-02-06 16:00:00,1,60.0,60.0,0.0,True,24,True,1
4310eae3ec94562f75537719,1,train,N025,2025-12-29 16:00:00,1,98.0,98.0,0.0,True,24,True,1
1592acea15934e819c20f394,5,train,N037,2025-12-27 12:00:00,6,97.125,97.125,0.0,True,24,True,6
f465de175639306a24de667e,5,train,N021,2026-02-06 13:00:00,6,100.0,100.0,0.0,True,24,True,6
700f5caf757a1d2291b835d1,4,train,N048,2026-01-30 19:00:00,6,73.43333333333334,73.43333333333334,0.0,True,24,True,5
687c86f23c709ff27f92b7d9,6,train,N019,2026-01-15 20:00:00,3,98.0,98.0,0.0,True,24,True,3
e1ee306631e8e326d68b06ea,1,train,N044,2025-12-26 07:00:00,6,66.30555555555556,66.30555555555556,0.0,True,24,True,6
cfff760e3fe6435ab72c68f3,2,train,N029,2026-01-02 19:00:00,1,98.0,98.0,0.0,True,24,True,1
ad5331ab52f0ceba922e86fa,5,train,N029,2026-01-30 21:00:00,1,98.0,98.0,0.0,True,24,True,1
acc33db1c9d8d272e7ebc756,5,train,N022,2026-01-02 23:00:00,1,98.0,98.0,0.0,True,24,True,1
b828373d3d1760711e3f5f7f,6,train,N021,2025-12-16 09:00:00,3,100.0,100.0,0.0,True,24,True,3
501a3174e964cb5753c493cd,1,train,N032,2026-01-06 19:00:00,6,98.25,98.25,0.0,True,24,True,6
680756c62d3504031e263072,5,train,N001,2025-12-26 09:00:00,3,90.0,90.0,0.0,True,24,True,3
0049748c65b5083426b5190d,6,train,N045,2025-12-23 11:00:00,1,65.75,65.75,0.0,True,24,True,1
e98352f2fa7c8048b40d67d4,6,train,N004,2026-01-08 18:00:00,1,90.0,90.0,0.0,True,24,True,1
b84723d627da74578640d02c,6,train,N042,2026-01-04 00:00:00,6,78.0,78.0,0.0,True,24,True,6
491814dad054715d6e490bd5,5,train,N032,2025-12-25 04:00:00,6,100.0,100.0,0.0,True,24,True,6
644b6d0bf024719cb86b0edb,6,train,N023,2026-01-06 10:00:00,6,100.0,100.0,0.0,True,24,True,6
316e9fd71385379ea214deed,6,train,N046,2026-01-19 20:00:00,3,88.0,88.0,0.0,True,24,True,3
c41929fcefdfd3b20286f344,1,train,N007,2025-12-16 11:00:00,6,90.0,90.0,0.0,True,24,True,6
4851f1e23238ef7af23cc77d,2,train,N030,2025-12-22 01:00:00,6,98.0,98.0,0.0,True,24,True,6
5906ba79dd732b8b54f7023d,6,train,N024,2026-01-04 22:00:00,1,100.0,100.0,0.0,True,24,True,1
c4c32be122bb674eb14b0244,5,train,N050,2026-01-02 18:00:00,6,40.4,40.4,0.0,True,24,True,5
1e499280d09a0d9619c097f1,4,train,N040,2025-12-16 15:00:00,3,94.44444444444444,94.44444444444444,0.0,True,24,True,3
c3661061b9b536d3fffe747a,6,train,N040,2026-01-01 06:00:00,1,100.0,100.0,0.0,True,24,True,1
d817bfc30c6e74c4d7f1f4be,3,train,N005,2026-01-22 18:00:00,1,43.0,43.0,0.0,True,24,True,1
8e73936134581929afcf79f0,1,train,N023,2025-12-12 14:00:00,6,99.8888888888889,99.8888888888889,0.0,True,24,True,6
7b9da887fb9593a4d9a9f26e,5,train,N019,2026-01-23 06:00:00,1,98.0,98.0,0.0,True,24,True,1
9535fb9e9be7e91d2eb82263,6,train,N011,2026-01-06 01:00:00,3,94.0,94.0,0.0,True,24,True,3
ca2b9ac7906048a119afc7fd,4,train,N033,2026-01-05 15:00:00,1,100.0,100.0,0.0,True,24,True,1
85d91772beac50de15b88c01,6,train,N037,2025-12-11 04:00:00,1,100.0,100.0,0.0,True,24,True,1
fceed79c617f19b89c28c424,6,train,N002,2025-12-21 00:00:00,6,94.0,94.0,0.0,True,24,True,6
17b9374c0ca4e0ecfde77132,2,train,N024,2025-12-13 17:00:00,1,100.0,100.0,0.0,True,24,True,1
a06210c813eac8e85bacbaea,4,train,N020,2025-12-25 14:00:00,3,100.0,100.0,0.0,True,24,True,3
e309062fe6d63bed565e0369,6,test,N034,2026-02-23 17:00:00,6,100.0,100.0,0.0,True,24,True,6
1f09061a8f7232efb250d93c,3,train,N028,2025-12-23 19:00:00,1,100.0,100.0,0.0,True,24,True,1
34a9d61971f140d9cb4907a5,4,train,N021,2026-01-08 22:00:00,1,100.0,100.0,0.0,True,24,True,1
5b4034bda4c1097e77d77011,1,train,N016,2026-01-05 16:00:00,1,99.0,99.0,0.0,True,24,True,1
b1db475be156e4f1ab634d59,3,train,N007,2025-12-20 15:00:00,1,90.0,90.0,0.0,True,24,True,1
c5546062a11e0701a6a8eb2a,1,train,N021,2025-12-10 14:00:00,3,100.0,100.0,0.0,True,24,True,3
486b8c7b37a4748eca93d74b,4,train,N043,2026-01-19 16:00:00,1,58.5,58.5,0.0,True,24,True,1
2d236657cc0cc2f6ffb134d7,6,train,N030,2026-02-07 09:00:00,3,98.0,98.0,0.0,True,24,True,3
6a32c5864b5d3b2d224fab6b,3,train,N002,2025-12-24 18:00:00,3,91.8888888888889,91.8888888888889,0.0,True,24,True,3
f53fc133b5034fcd3f6e9b33,2,validation,N009,2026-01-20 13:00:00,1,90.0,90.0,0.0,True,24,True,1
500a83fc6ea54661009b6315,1,train,N003,2025-12-29 09:00:00,6,90.0,90.0,0.0,True,24,True,6
a646161856bd571639ece6c3,6,train,N025,2026-02-15 12:00:00,3,98.0,98.0,0.0,True,24,True,3
4c55eea716a43a73ff6832ee,6,train,N032,2025-12-15 09:00:00,1,100.0,100.0,0.0,True,24,True,1
445d58d4c336aaaefce524a7,5,train,N022,2026-01-13 21:00:00,6,98.0,98.0,0.0,True,24,True,5
03a6d4f144a222f2a3b925df,1,train,N051,2026-01-10 14:00:00,3,62.888888888888886,62.888888888888886,0.0,True,24,True,3
19f26f38419666310dec2c77,3,train,N030,2026-01-04 19:00:00,1,98.0,98.0,0.0,True,24,True,1
52490d17ab4d0dbd437f6005,2,train,N041,2025-12-24 19:00:00,1,77.0,77.0,0.0,True,24,True,1
95eba468e8bf62739c564502,4,train,N006,2026-01-25 11:00:00,3,90.0,90.0,0.0,True,24,True,3
b0c867c1d8d33c0131dbb968,1,train,N004,2025-12-31 05:00:00,3,90.0,90.0,0.0,True,24,True,3
6d2ec083f5dcaad2ce9a2dc7,5,train,N045,2025-12-26 06:00:00,3,66.41666666666667,66.41666666666667,0.0,True,24,True,3
71361e7fe7392e95081ee616,3,train,N020,2025-12-27 23:00:00,3,100.0,100.0,0.0,True,24,True,3
ab1fcefdb097606c3130dc8a,5,train,N047,2026-01-04 05:00:00,1,78.0,78.0,0.0,True,24,True,1
d639ee9a96c5670176ca1543,5,train,N003,2025-12-29 14:00:00,6,90.0,90.0,0.0,True,24,True,6
5b5a754325b225c18fecec62,6,train,N021,2025-12-26 05:00:00,1,100.0,100.0,0.0,True,24,True,1
453c7cdb8747c884e54a50dc,5,train,N020,2026-01-30 20:00:00,6,100.0,100.0,0.0,True,24,True,6
6acf1989a3e844627247fc2a,6,test,N031,2026-02-23 12:00:00,3,100.0,100.0,0.0,True,24,True,3
8920aa5adec8fef12bd47c8f,4,train,N014,2026-01-15 06:00:00,6,94.0,94.0,0.0,True,24,True,5
d0757ae0a9143b2bff9d868d,3,train,N015,2025-12-31 03:00:00,3,94.0,94.0,0.0,True,24,True,3
26671022337a17413b299335,2,train,N033,2026-01-14 06:00:00,1,100.0,100.0,0.0,True,24,True,1
573b83c4757f2fa91d2996b7,1,train,N031,2025-12-15 13:00:00,3,94.33333333333333,94.33333333333333,0.0,True,24,True,3
0cdc17f3a6452f53d6d54915,2,train,N025,2025-12-09 20:00:00,6,98.0,98.0,0.0,True,24,True,5
78302f894a9d8429cdbf508a,1,validation,N005,2026-01-18 16:00:00,3,43.0,43.0,0.0,True,24,True,3
ef6f8b16766f67ab837cb402,5,train,N019,2025-12-15 02:00:00,6,98.0,98.0,0.0,True,24,True,6
90fa2deb9cd5d640b53fe36d,2,train,N016,2025-12-21 06:00:00,1,99.0,99.0,0.0,True,24,True,1
467c04515a95e91f819f37b0,1,train,N029,2025-12-12 03:00:00,3,98.0,98.0,0.0,True,24,True,3
d7d2d6f218f83af250c1f038,2,train,N048,2026-01-05 05:00:00,3,69.0,69.0,0.0,True,24,True,3
d246719184014400c98673e0,6,test,N043,2026-02-27 07:00:00,1,67.5,67.5,0.0,True,24,True,1
3eae4289ede14e1d32efe264,2,train,N011,2025-12-14 15:00:00,3,94.0,94.0,0.0,True,24,True,3
4a09b3577e0e29d14f44bad3,6,train,N031,2026-01-13 20:00:00,1,100.0,100.0,0.0,True,24,True,1
f1ab482c748ca81557adb7f4,3,test,N037,2026-02-06 13:00:00,1,100.0,100.0,0.0,True,24,True,1
6e2cb8196e3eae66ef45aa5b,4,train,N012,2026-01-09 12:00:00,6,94.0,94.0,0.0,True,24,True,5
8c2893856196672008a8ff81,5,train,N023,2026-01-28 11:00:00,1,100.0,100.0,0.0,True,24,True,1
6b900f4674f3d5bc3e786a61,5,train,N017,2025-12-18 18:00:00,6,98.125,98.125,0.0,True,24,True,6
f25d7f67b2a1a5f033d3876a,3,train,N019,2025-12-15 13:00:00,6,96.53333333333333,96.53333333333333,0.0,True,24,True,5
848e1701f60fa63e77083ac2,1,train,N041,2025-12-18 00:00:00,1,89.0,89.0,0.0,True,24,True,1
485baec1dc8963181c11814f,2,train,N029,2025-12-16 11:00:00,6,98.0,98.0,0.0,True,24,True,5
9584fbac92ba470caa0c8ca7,2,train,N043,2025-12-16 00:00:00,6,77.0,77.0,0.0,True,24,True,6
ed0063a4fa26af3df223a524,6,train,N002,2025-12-09 17:00:00,3,94.0,94.0,0.0,True,24,True,3
80f8dbe6de6eeec0fee820a1,3,train,N004,2026-01-17 14:00:00,3,89.83333333333333,89.83333333333333,0.0,True,24,True,3
91d7d3f7b3a7164a0e8bac1f,6,train,N002,2026-01-16 09:00:00,6,94.0,94.0,0.0,True,24,True,6
f6684b6787e5559a5ff10165,1,train,N050,2025-12-29 22:00:00,3,50.138888888888886,50.138888888888886,0.0,True,24,True,3
ecbdb1757af32370b66d45f7,3,train,N007,2025-12-17 03:00:00,1,90.0,90.0,0.0,True,24,True,1
acd66879e7b9498aa830e971,5,train,N034,2025-12-27 01:00:00,1,100.0,100.0,0.0,True,24,True,1
6583a9a90fcfb9365481b0d1,5,train,N036,2026-01-12 12:00:00,6,98.2,98.2,0.0,True,24,True,5
f6ebf56d74efae7ffc334971,2,train,N030,2026-01-15 21:00:00,1,98.0,98.0,0.0,True,24,True,1
dd07b3bdc6bfafe7bc86aa69,2,train,N048,2026-01-09 14:00:00,1,67.5,67.5,0.0,True,24,True,1
f3eefd4c25ec745edbca0f93,6,train,N046,2026-01-08 03:00:00,3,85.66666666666667,85.66666666666667,0.0,True,24,True,3
9abce9b19a79a4c4116f777a,6,train,N004,2026-01-25 05:00:00,6,90.0,90.0,0.0,True,24,True,5
4ebe5bd4b6bdc09ac393410e,6,train,N040,2026-01-25 20:00:00,1,100.0,100.0,0.0,True,24,True,1
875fd3ce66aff2a00e5198a8,5,train,N003,2025-12-22 05:00:00,6,90.0,90.0,0.0,True,24,True,6
3e19c5cfe62488ccc903f251,4,train,N020,2026-01-20 19:00:00,1,100.0,100.0,0.0,True,24,True,1
bd4fa5f3d9a360dec5ab9660,2,train,N004,2025-12-12 11:00:00,1,90.0,90.0,0.0,True,24,True,1
30ae0cce4baddb452bd328ba,4,validation,N015,2026-02-05 12:00:00,3,94.0,94.0,0.0,True,24,True,3
a4121e0f549cb782c7067ea6,4,test,N021,2026-02-10 07:00:00,1,100.0,100.0,0.0,True,24,True,1
2b3aa519c5e54686d1dd4fc2,3,train,N020,2025-12-28 19:00:00,6,93.80555555555554,93.80555555555554,0.0,True,24,True,6
8b8554ca4a4bfcf401600fe9,2,train,N006,2025-12-23 10:00:00,6,89.95833333333333,89.95833333333333,0.0,True,24,True,6
b644db62f9fa99dfba4ab32a,3,train,N030,2026-01-15 06:00:00,1,98.0,98.0,0.0,True,24,True,1
bfa0f7149e8a0487456cae3c,1,train,N027,2025-12-26 22:00:00,3,100.0,100.0,0.0,True,24,True,3
5b65376d27d29015ca09da41,3,validation,N039,2026-02-01 13:00:00,3,100.0,100.0,0.0,True,24,True,3
2dde23f6dc488e2dfba1a595,2,train,N013,2025-12-17 14:00:00,6,94.0,94.0,0.0,True,24,True,6
70c283f27c744c92211bb74b,4,train,N048,2026-01-06 10:00:00,3,65.05555555555556,65.05555555555556,0.0,True,24,True,3
045b974a86dfe6f295b1574a,3,test,N029,2026-02-03 15:00:00,3,98.0,98.0,0.0,True,24,True,3
0682ef214010f948f5232244,2,train,N031,2026-01-07 03:00:00,6,100.0,100.0,0.0,True,24,True,6
394125406812060eec067466,6,train,N016,2026-02-14 13:00:00,1,99.0,99.0,0.0,True,24,True,1
e56bed1a7e98365ec3bc5779,4,train,N016,2025-12-17 17:00:00,1,99.0,99.0,0.0,True,24,True,1
b740c6535ef6a47234864667,2,train,N003,2025-12-11 00:00:00,6,90.0,90.0,0.0,True,24,True,5
2a4cd74c6e5d99bc1996d59b,4,train,N040,2025-12-28 13:00:00,6,97.75,97.75,0.0,True,24,True,6
0f4d6e2137d96e4d4e17501f,5,train,N048,2025-12-16 17:00:00,3,58.916666666666664,58.916666666666664,0.0,True,24,True,3
146f8575af8778075972c1fe,3,test,N005,2026-02-05 00:00:00,6,43.0,43.0,0.0,True,24,True,5
49fa27c2d24781916fdcf489,6,train,N026,2025-12-26 15:00:00,1,100.0,100.0,0.0,True,24,True,1
d3d0e613f5d7d9b4b9eeb974,4,train,N035,2026-01-09 21:00:00,3,100.0,100.0,0.0,True,24,True,3
c4e3335beeebc8b4ce8420c9,1,train,N014,2026-01-10 13:00:00,6,94.0,94.0,0.0,True,24,True,6
6b95d11d0db74ae8cc9de610,3,test,N051,2026-02-02 22:00:00,6,78.0,78.0,0.0,True,24,True,5
c14aaad819e885c04d13d578,4,train,N005,2026-01-08 08:00:00,6,43.0,43.0,0.0,True,24,True,6
e89a4297becb182a8eb65b35,2,train,N035,2026-01-06 02:00:00,6,100.0,100.0,0.0,True,24,True,5
dfcb43adb0eca5121d447557,5,train,N045,2025-12-21 06:00:00,1,76.25,76.25,0.0,True,24,True,1
eb41f102d0c44602a1c43399,4,train,N021,2025-12-13 23:00:00,1,100.0,100.0,0.0,True,24,True,1
6eefdeff9b6478920307da2d,5,train,N004,2026-02-02 12:00:00,3,90.0,90.0,0.0,True,24,True,3
18fe07ea8812befe4bdb1b30,6,train,N030,2026-01-17 10:00:00,3,98.0,98.0,0.0,True,24,True,3
7f904b8887f9e8fecc029a4c,6,train,N015,2026-01-08 23:00:00,1,94.0,94.0,0.0,True,24,True,1
69d65c4ad69364ea1d0ce21b,4,train,N014,2026-01-12 11:00:00,6,94.0,94.0,0.0,True,24,True,5
a0a68df624ecad1739b93ec6,4,train,N037,2025-12-20 16:00:00,1,100.0,100.0,0.0,True,24,True,1
5e18323c233d1802eea7b1dc,3,train,N043,2025-12-09 14:00:00,3,65.41666666666667,65.41666666666667,0.0,True,24,True,3
16316f344c2bfe6a5eb264d6,5,train,N039,2026-02-06 15:00:00,3,100.0,100.0,0.0,True,24,True,3
0fa1d75a717faab8cd6b59d8,3,train,N014,2025-12-12 14:00:00,1,94.0,94.0,0.0,True,24,True,1
80504523f35ad76305e3fce6,2,train,N047,2025-12-19 01:00:00,3,78.0,78.0,0.0,True,24,True,3
f98dd018494f52d93fd3752e,4,train,N017,2026-01-14 06:00:00,1,99.0,99.0,0.0,True,24,True,1
e36d6e505d665bc886e380c1,6,train,N025,2025-12-30 01:00:00,6,98.0,98.0,0.0,True,24,True,6
c50741a4108b2e65e4b1fb97,2,train,N010,2025-12-30 18:00:00,3,84.47222222222223,84.47222222222223,0.0,True,24,True,3
a617b6ccea1541e1fd3bec70,1,train,N020,2025-12-25 02:00:00,3,100.0,100.0,0.0,True,24,True,3
ec5e0de172760ceddf9795ba,6,train,N011,2026-02-15 02:00:00,6,94.0,94.0,0.0,True,24,True,6
1474d471b4c6ac52890d7375,4,train,N021,2025-12-30 00:00:00,1,100.0,100.0,0.0,True,24,True,1
44ef7b5a4b42535263183cc4,3,test,N009,2026-02-05 19:00:00,6,90.0,90.0,0.0,True,24,True,6
853f7c75fb1d610adda43278,6,train,N007,2025-12-16 01:00:00,6,90.0,90.0,0.0,True,24,True,6
fdcfcf8ed05694a736f442f2,5,train,N049,2026-02-04 09:00:00,1,34.666666666666664,34.666666666666664,0.0,True,24,True,1
0a7de57dc105222f2ce833ab,6,train,N010,2026-02-11 15:00:00,1,94.0,94.0,0.0,True,24,True,1
cfaea5b7d68fd764f20c3509,5,train,N046,2026-02-02 18:00:00,3,88.0,88.0,0.0,True,24,True,3
3fb628e383fe06a21ffb2624,3,test,N022,2026-02-03 15:00:00,1,98.0,98.0,0.0,True,24,True,1
2b10880a1215785d77c63e58,2,train,N022,2025-12-18 21:00:00,1,98.0,98.0,0.0,True,24,True,1
cc33297b750016cffbdb15e2,2,train,N033,2025-12-18 10:00:00,3,100.0,100.0,0.0,True,24,True,3
760bcf72e1dc86da887a1573,6,train,N033,2025-12-13 17:00:00,6,98.6111111111111,98.6111111111111,0.0,True,24,True,6
5fad5141811d1d0dc50162fa,4,train,N005,2025-12-18 20:00:00,3,43.0,43.0,0.0,True,24,True,3
51504acfd9e7272d4349226e,4,train,N018,2025-12-20 15:00:00,6,98.0,98.0,0.0,True,24,True,6
bc5cac5bff370a86c259b805,3,train,N041,2025-12-14 19:00:00,6,86.25,86.25,0.0,True,24,True,6
f72c21d7f7d6ed3d45985b22,5,test,N024,2026-02-21 15:00:00,3,100.0,100.0,0.0,True,24,True,3
25e080ef00e044c4070d6884,5,train,N036,2025-12-28 23:00:00,1,100.0,100.0,0.0,True,24,True,1
884fc458f27e9d82eab02c1b,5,train,N050,2025-12-17 08:00:00,1,31.0,31.0,0.0,True,24,True,1
3e4714eb262001c454f9357b,4,validation,N011,2026-02-08 11:00:00,1,94.0,94.0,0.0,True,24,True,1
1036923cbf4eac91ef558c8e,5,test,N043,2026-02-19 12:00:00,6,64.91666666666667,64.91666666666667,0.0,True,24,True,6
3b707594844c71927430c6b8,6,train,N039,2025-12-10 12:00:00,3,100.0,100.0,0.0,True,24,True,3
fb2f9f9178a1497c2ce4c02c,5,train,N037,2026-02-04 06:00:00,1,100.0,100.0,0.0,True,24,True,1
f1286347431813cfffd3f568,1,train,N027,2025-12-19 12:00:00,3,100.0,100.0,0.0,True,24,True,3
3ae0f24a72b235d09e52586b,4,train,N031,2025-12-18 09:00:00,3,100.0,100.0,0.0,True,24,True,3
41f81225ee2fe6e9575f85bd,6,train,N039,2026-01-25 17:00:00,1,100.0,100.0,0.0,True,24,True,1
5a50fc4591e82e7df5839725,6,train,N049,2025-12-21 23:00:00,6,51.625,51.625,0.0,True,24,True,6
ba4239b36c0593c7d2ad12d1,3,train,N004,2026-01-04 22:00:00,3,90.0,90.0,0.0,True,24,True,3
a522761b9ee6cddff58aaaaa,6,train,N034,2026-01-31 14:00:00,3,100.0,100.0,0.0,True,24,True,3
1a3815cac04e8d2dbe0681d0,6,train,N015,2025-12-29 23:00:00,1,94.0,94.0,0.0,True,24,True,1
7671dbcdd21af57062f871de,2,train,N001,2026-01-05 09:00:00,1,90.0,90.0,0.0,True,24,True,1
d10afda40aae67462a68c8f7,4,test,N027,2026-02-15 18:00:00,3,95.66666666666667,95.66666666666667,0.0,True,24,True,3
0fe9484a60bbb4a67039f4a3,6,train,N008,2026-02-01 05:00:00,3,90.0,90.0,0.0,True,24,True,3
7ac35e1650152d8cb66025f3,5,train,N029,2026-01-16 20:00:00,6,98.0,98.0,0.0,True,24,True,6
c523a743e633da07417266c3,6,train,N020,2026-01-09 20:00:00,6,100.0,100.0,0.0,True,24,True,5
dca7904a2094155a7d2571c7,4,test,N032,2026-02-14 11:00:00,3,100.0,100.0,0.0,True,24,True,3
6c76e8b2cb0df88172b39a47,4,train,N032,2026-01-04 04:00:00,6,100.0,100.0,0.0,True,24,True,6
3de52a15b633f1683e341aa3,1,train,N025,2026-01-06 16:00:00,1,98.0,98.0,0.0,True,24,True,1
9b4348d402f79cd80c9e539d,1,train,N044,2026-01-10 14:00:00,6,65.56666666666666,65.56666666666666,0.0,True,24,True,5
8746d873cb00c3ca65edc198,3,train,N013,2025-12-20 08:00:00,6,94.0,94.0,0.0,True,24,True,6
c129f019fce01365d9185d47,4,train,N004,2026-02-01 00:00:00,1,90.0,90.0,0.0,True,24,True,1
0917b68b112f86baed5b93c7,2,train,N048,2026-01-12 02:00:00,6,70.66666666666666,70.66666666666666,0.0,True,24,True,6
c496652a9f643174657548b1,4,train,N019,2026-01-13 15:00:00,6,98.0,98.0,0.0,True,24,True,5
10749144dfb744c766f85954,2,train,N014,2025-12-12 08:00:00,1,94.0,94.0,0.0,True,24,True,1
29b1e14eecf44615b800cd59,3,train,N021,2025-12-18 11:00:00,1,100.0,100.0,0.0,True,24,True,1
3fe24e6a02c1473bebf81989,4,train,N013,2025-12-22 08:00:00,3,94.0,94.0,0.0,True,24,True,3
ad44332fa23dcfc2101fa253,3,test,N016,2026-02-05 16:00:00,6,97.9,97.9,0.0,True,24,True,5
98691f18132104b9cf873d60,2,test,N019,2026-01-27 02:00:00,1,98.0,98.0,0.0,True,24,True,1
643381ecd59404d89fe0cf85,2,train,N010,2026-01-10 02:00:00,3,94.0,94.0,0.0,True,24,True,3
6452fc4452a3dc7e1ef7d1fe,3,train,N049,2026-01-05 10:00:00,1,34.666666666666664,34.666666666666664,0.0,True,24,True,1
8c0955fe64d9c327a8bfcb43,4,train,N031,2026-01-25 00:00:00,3,100.0,100.0,0.0,True,24,True,3
d5099b1445453eeff419b1db,6,train,N050,2025-12-31 16:00:00,1,28.666666666666668,28.666666666666668,0.0,True,24,True,1
21e8128e6045b6062fc7ff52,5,train,N027,2025-12-20 13:00:00,6,100.0,100.0,0.0,True,24,True,5
d45a750d463e87b316686e8f,2,train,N001,2025-12-27 12:00:00,3,90.0,90.0,0.0,True,24,True,3
82854d0d31ee019e84fa2ad6,5,train,N046,2025-12-25 06:00:00,3,88.58333333333333,88.58333333333333,0.0,True,24,True,3
8487b21af8e2dca64e3d1225,6,train,N024,2026-01-23 17:00:00,3,100.0,100.0,0.0,True,24,True,3
1af548a1db286b74a259858d,4,train,N017,2025-12-15 03:00:00,1,99.0,99.0,0.0,True,24,True,1
1dea209166c55e1d65ab4001,3,test,N031,2026-02-04 01:00:00,1,100.0,100.0,0.0,True,24,True,1
5a04dbb8700ad98098bc8575,4,train,N047,2025-12-20 15:00:00,1,62.75,62.75,0.0,True,24,True,1
bf3139a60f0dcbfc6937beea,2,validation,N012,2026-01-19 02:00:00,6,94.0,94.0,0.0,True,24,True,5
3972eee1104acc177bc80412,3,train,N049,2026-01-04 02:00:00,1,53.0,53.0,0.0,True,24,True,1
bf784d09346a620d5e7222d4,4,train,N042,2025-12-10 22:00:00,3,78.0,78.0,0.0,True,24,True,3
81677ee102e18ad49254257c,5,train,N004,2026-01-10 23:00:00,3,90.0,90.0,0.0,True,24,True,3
45bd175ade84e3214bbb987f,4,train,N035,2026-01-04 20:00:00,1,100.0,100.0,0.0,True,24,True,1
7211a824c3b214ab63e06301,3,train,N020,2026-01-20 04:00:00,3,100.0,100.0,0.0,True,24,True,3
dec3edbd791d3a4a730b969c,3,train,N017,2025-12-11 10:00:00,3,99.0,99.0,0.0,True,24,True,3
37e91d9e110874c2ee10d713,6,train,N021,2025-12-29 12:00:00,1,100.0,100.0,0.0,True,24,True,1
af013fac85f3ca555a36c15c,4,test,N022,2026-02-11 23:00:00,6,98.0,98.0,0.0,True,24,True,5
83a34853684daf4f89b08ab7,4,validation,N049,2026-02-04 17:00:00,6,36.52777777777778,36.52777777777778,0.0,True,24,True,6
99f78874e092a2db60bab660,1,train,N011,2025-12-29 03:00:00,3,94.0,94.0,0.0,True,24,True,3
bac2563d911cbee166a558aa,4,train,N009,2026-01-09 20:00:00,6,90.0,90.0,0.0,True,24,True,5
1b9896df1ba27f2fd2701a64,5,train,N032,2025-12-14 15:00:00,6,95.29166666666667,95.29166666666667,0.0,True,24,True,6
8e6810e09fb3f9dcbbbd77cc,6,train,N033,2025-12-27 04:00:00,3,100.0,100.0,0.0,True,24,True,3
e863bf5c060339e122ff3361,6,train,N050,2025-12-21 17:00:00,3,32.583333333333336,32.583333333333336,0.0,True,24,True,3
6032fa113ad392f880fac618,2,test,N040,2026-01-31 08:00:00,6,100.0,100.0,0.0,True,24,True,5
1d016a9279bab36886f75c9c,2,test,N041,2026-01-27 07:00:00,6,86.6,86.6,0.0,True,24,True,5
39234abc8bdb8ec21a26a65a,5,test,N009,2026-02-16 06:00:00,1,90.0,90.0,0.0,True,24,True,1
9d4dbbffc4d3e0a80f063d40,4,train,N036,2025-12-27 14:00:00,1,100.0,100.0,0.0,True,24,True,1
e9fa9ce39db00f8fce9453bb,4,train,N013,2026-01-08 08:00:00,6,94.0,94.0,0.0,True,24,True,6
823d9629844817f38c1f137b,3,test,N017,2026-02-04 02:00:00,1,99.0,99.0,0.0,True,24,True,1
43e188c0996b1dda186ed177,5,train,N015,2025-12-27 05:00:00,1,94.0,94.0,0.0,True,24,True,1
3d5471ba221bda53336f5d05,2,train,N043,2025-12-26 12:00:00,1,66.0,66.0,0.0,True,24,True,1
9d92b4cda6db8209fee003f3,5,train,N033,2025-12-31 18:00:00,1,100.0,100.0,0.0,True,24,True,1
fa8e2a4933533663e2440fe9,3,train,N013,2025-12-21 03:00:00,1,94.0,94.0,0.0,True,24,True,1
5daf428575292066c920b7e2,1,train,N037,2025-12-30 06:00:00,1,100.0,100.0,0.0,True,24,True,1
dd73c6b9cc69f3829470ac47,2,test,N008,2026-01-30 14:00:00,3,90.0,90.0,0.0,True,24,True,3
dcc761e30466ba0c1c6c453b,3,train,N018,2025-12-14 12:00:00,3,98.0,98.0,0.0,True,24,True,3
d819c5905946ba15896dd4c2,6,train,N050,2026-01-01 20:00:00,1,39.0,39.0,0.0,True,24,True,1
88086882a4eec6ae855713e4,4,train,N017,2025-12-21 00:00:00,1,99.0,99.0,0.0,True,24,True,1
a0b992e24255df4cee911cb3,6,train,N013,2026-01-07 06:00:00,1,94.0,94.0,0.0,True,24,True,1
96efc218b34b039a6106e34b,5,train,N051,2026-02-08 01:00:00,3,78.0,78.0,0.0,True,24,True,3
7f559bdce059b50996c58bd7,5,train,N008,2026-01-06 07:00:00,3,90.0,90.0,0.0,True,24,True,3
a3226e3e3b47896a3a2e30e4,3,train,N012,2026-01-04 03:00:00,6,94.0,94.0,0.0,True,24,True,6
79b6fbcb7ac065948d35d18a,6,train,N050,2026-01-23 00:00:00,6,52.4,52.4,0.0,True,24,True,5
1ab9682f5f333222dac39fc3,4,train,N030,2026-01-07 10:00:00,6,98.0,98.0,0.0,True,24,True,6
9351942823475312cc8dd8af,1,train,N004,2025-12-27 09:00:00,3,90.0,90.0,0.0,True,24,True,3
e5ac3b091d17d6d02309fb7d,4,validation,N020,2026-02-06 15:00:00,6,100.0,100.0,0.0,True,24,True,6
aaac507574d216951b4d5ec8,4,validation,N031,2026-02-04 22:00:00,3,100.0,100.0,0.0,True,24,True,3
144ce7e2bf7016e9a802e3a1,5,train,N026,2026-01-01 13:00:00,3,100.0,100.0,0.0,True,24,True,3
8841351a78c5327c008bc12b,6,train,N049,2026-01-14 03:00:00,6,34.4,34.4,0.0,True,24,True,5
9c685e7da08b30873e7d60cf,2,train,N008,2025-12-29 12:00:00,1,90.0,90.0,0.0,True,24,True,1
106002156c41e4b31bafa672,2,train,N033,2026-01-04 05:00:00,6,100.0,100.0,0.0,True,24,True,6
6be53816d1f854f8bcfa62bf,6,train,N006,2026-01-27 16:00:00,1,90.0,90.0,0.0,True,24,True,1
711fb2122bbb3e7f517e24d0,3,train,N006,2026-01-24 22:00:00,1,79.0,79.0,0.0,True,24,True,1
be50e8a2deed03c0af0daa51,4,train,N030,2026-01-21 13:00:00,6,98.0,98.0,0.0,True,24,True,6
ea49959a82b68b8a156cf976,6,train,N019,2026-01-03 22:00:00,3,95.33333333333333,95.33333333333333,0.0,True,24,True,3
10a3aa9f1e4b73aaf8591ebb,3,train,N011,2025-12-11 13:00:00,6,94.0,94.0,0.0,True,24,True,5
6b40636ae9db2a2c9e05be9e,5,train,N004,2025-12-17 01:00:00,1,90.0,90.0,0.0,True,24,True,1
554eedc3208085f3e3c5a833,4,train,N018,2025-12-18 09:00:00,1,98.0,98.0,0.0,True,24,True,1
e526eae998d6d2e55b96a781,1,train,N003,2026-01-06 02:00:00,6,90.0,90.0,0.0,True,24,True,6
93bb08967a2ad6a1d94fd6e8,1,train,N008,2025-12-11 15:00:00,1,90.0,90.0,0.0,True,24,True,1
721adaa7d0d12c90ea0b7dd4,3,validation,N022,2026-01-26 16:00:00,1,98.0,98.0,0.0,True,24,True,1
bd15ed59d1941b3b767a7a9f,4,train,N047,2025-12-09 16:00:00,1,63.25,63.25,0.0,True,24,True,1
06c4de066b1cf4030fab2c5a,6,train,N045,2025-12-30 08:00:00,6,62.416666666666664,62.416666666666664,0.0,True,24,True,6
4980805e180a98b6001007ab,4,train,N034,2025-12-24 10:00:00,1,100.0,100.0,0.0,True,24,True,1
4744c1a63f24e9496662e13f,5,train,N008,2026-02-02 04:00:00,6,90.0,90.0,0.0,True,24,True,5
c83ddba64024fefd9a776413,2,train,N003,2026-01-11 09:00:00,6,90.0,90.0,0.0,True,24,True,6
2a286d79aa260299de42a98f,6,train,N028,2026-01-04 06:00:00,3,100.0,100.0,0.0,True,24,True,3
44acf43582319a41aa7d5986,6,train,N032,2026-01-11 06:00:00,3,100.0,100.0,0.0,True,24,True,3
49466780c4b1e2f40a34fde2,1,train,N030,2025-12-28 15:00:00,6,95.19444444444446,95.19444444444446,0.0,True,24,True,6
f2040b10bc1e5cfb5bd97eaa,1,train,N002,2025-12-20 11:00:00,6,94.0,94.0,0.0,True,24,True,6
ccfa02f7a8979b7139c14155,2,train,N014,2025-12-10 13:00:00,3,94.0,94.0,0.0,True,24,True,3
400be8dd5bec4dabfb268760,3,train,N029,2026-01-10 05:00:00,1,98.0,98.0,0.0,True,24,True,1
e94c3c98bb017a911ff130ad,5,train,N011,2026-01-07 01:00:00,6,94.0,94.0,0.0,True,24,True,5
2bab160f79d222434d5403a6,2,train,N019,2025-12-17 18:00:00,6,97.04166666666667,97.04166666666667,0.0,True,24,True,6
aa61cea00ba048d4922d3cd0,2,test,N046,2026-01-30 21:00:00,3,88.0,88.0,0.0,True,24,True,3
58279a9ebcfc8c4d5f67cbe6,4,train,N027,2026-01-19 21:00:00,6,100.0,100.0,0.0,True,24,True,5
672ab54f6aa7d2ead21a03d4,2,train,N049,2025-12-22 05:00:00,6,32.86111111111111,32.86111111111111,0.0,True,24,True,6
4e691730d225f57f091caff8,1,train,N024,2025-12-10 16:00:00,1,100.0,100.0,0.0,True,24,True,1
a22c42e759d371f39b10d0b8,3,train,N007,2026-01-04 02:00:00,3,90.0,90.0,0.0,True,24,True,3
5b50b3c74dcf6e4cab1caa0a,2,train,N015,2025-12-17 01:00:00,1,94.0,94.0,0.0,True,24,True,1
23d2d007459ccaea12982f57,3,validation,N041,2026-01-29 00:00:00,1,88.0,88.0,0.0,True,24,True,1
eebfba0c5395910501bc5a3b,4,validation,N050,2026-02-04 04:00:00,1,49.666666666666664,49.666666666666664,0.0,True,24,True,1
72ed3972dd84657859e08e29,6,train,N013,2025-12-27 00:00:00,6,94.0,94.0,0.0,True,24,True,6
09adc8e0c279c4fd931bd229,3,train,N005,2025-12-18 04:00:00,1,43.0,43.0,0.0,True,24,True,1
943b13efeea463cabe837677,3,train,N034,2026-01-15 08:00:00,6,100.0,100.0,0.0,True,24,True,5
5a2b1d7c0b43b569bc5cb5c8,1,train,N018,2025-12-16 23:00:00,3,98.0,98.0,0.0,True,24,True,3
6ab5a44886e20d767fcee719,6,train,N034,2026-01-04 08:00:00,6,100.0,100.0,0.0,True,24,True,6
7086a26e44b0c6f24c455867,1,train,N038,2026-01-07 15:00:00,1,100.0,100.0,0.0,True,24,True,1
35680ec395408e2533504f04,2,test,N010,2026-01-29 15:00:00,1,94.0,94.0,0.0,True,24,True,1
3c20a86a3a22d855448b3b09,2,validation,N047,2026-01-24 03:00:00,6,74.33333333333334,74.33333333333334,0.0,True,24,True,5
56da69a37a1b7ba2cb58e500,1,train,N018,2025-12-12 22:00:00,6,98.0,98.0,0.0,True,24,True,6
e7887763e0804eabb4938110,3,train,N025,2026-01-16 01:00:00,6,98.0,98.0,0.0,True,24,True,5
81f4b78e584e68c5504061be,4,validation,N006,2026-02-07 05:00:00,6,90.0,90.0,0.0,True,24,True,5
4481ed3b32fd6127bbc48e2d,2,validation,N034,2026-01-23 18:00:00,6,100.0,100.0,0.0,True,24,True,5
5de0271cbcc9d48c87446303,1,train,N032,2025-12-24 07:00:00,3,100.0,100.0,0.0,True,24,True,3
c335d5de889631df4992b58e,6,train,N011,2026-02-04 15:00:00,6,94.0,94.0,0.0,True,24,True,5
ac2042b150004db7c7e98dd9,3,train,N019,2026-01-16 09:00:00,1,98.0,98.0,0.0,True,24,True,1
d0aaa1b0697624cf77ad94e7,6,train,N009,2025-12-13 12:00:00,3,90.0,90.0,0.0,True,24,True,3
1c53d6d30c8b9e02fb46c84f,5,test,N046,2026-02-21 13:00:00,3,88.0,88.0,0.0,True,24,True,3
ff75bb0fc653e3afc169c1e1,5,test,N047,2026-02-21 11:00:00,6,64.47222222222221,64.47222222222221,0.0,True,24,True,6
ac5a74c01f205bb8bf345f3f,3,train,N019,2026-01-18 19:00:00,3,98.0,98.0,0.0,True,24,True,3
03cda784e6697caa7e04c86b,2,validation,N036,2026-01-25 01:00:00,3,100.0,100.0,0.0,True,24,True,3
5d6b4b17c8805c82f56da6b7,1,train,N036,2026-01-02 08:00:00,1,100.0,100.0,0.0,True,24,True,1
a1a42f3206467351d9e90d4a,3,train,N024,2025-12-16 09:00:00,3,100.0,100.0,0.0,True,24,True,3
62393c548a5d0040ff3743f8,6,train,N044,2026-02-07 14:00:00,3,63.833333333333336,63.833333333333336,0.0,True,24,True,3
0d971513c870aa4d11ca068f,2,train,N025,2025-12-18 03:00:00,1,98.0,98.0,0.0,True,24,True,1
2d7de4858e46fa1ff938c443,6,train,N030,2026-01-04 03:00:00,3,98.0,98.0,0.0,True,24,True,3
dd27716b74094f8012aaf1c9,4,train,N033,2026-01-31 09:00:00,3,100.0,100.0,0.0,True,24,True,3
bdcbe850f4d13a2ae3f25837,2,train,N019,2026-01-05 06:00:00,1,98.0,98.0,0.0,True,24,True,1
b0cae5eb1b00339d526150ba,2,validation,N022,2026-01-22 18:00:00,6,98.0,98.0,0.0,True,24,True,5
0e289a14e94920c2dcae7c4b,3,train,N007,2025-12-28 02:00:00,6,90.0,90.0,0.0,True,24,True,6
4e25ed59b8b1679d7ec37de6,4,train,N028,2025-12-18 03:00:00,3,100.0,100.0,0.0,True,24,True,3
9ec9fc6cc354a7e973de11b6,3,train,N033,2026-01-07 13:00:00,1,100.0,100.0,0.0,True,24,True,1
ec5c24b6ad10f6137c67fcce,6,train,N008,2025-12-18 02:00:00,6,90.0,90.0,0.0,True,24,True,6
3e548cd7e0ff83f8a8c90749,1,train,N044,2026-01-11 10:00:00,6,64.16666666666667,64.16666666666667,0.0,True,24,True,6
d0054f854d904eec1491a611,4,train,N011,2026-01-16 21:00:00,6,94.0,94.0,0.0,True,24,True,5
67c1379dcdf8cf628c72d862,2,train,N021,2025-12-22 19:00:00,3,100.0,100.0,0.0,True,24,True,3
d9a2940ae089667634194421,5,train,N005,2025-12-13 22:00:00,6,43.0,43.0,0.0,True,24,True,6
efada9c6d34522b87ce9254b,6,train,N035,2025-12-24 08:00:00,3,100.0,100.0,0.0,True,24,True,3
967b8f5f4b0b27f45e31199d,5,train,N017,2026-01-09 10:00:00,3,99.0,99.0,0.0,True,24,True,3
43edbad91538f14416f81638,2,train,N012,2025-12-25 18:00:00,3,91.25,91.25,0.0,True,24,True,3
b18c57cb751f73d5cef5385d,3,train,N015,2025-12-18 05:00:00,6,94.0,94.0,0.0,True,24,True,6
255b5827370ed4d59b1d6227,3,train,N043,2025-12-31 11:00:00,3,60.77777777777778,60.77777777777778,0.0,True,24,True,3
c45caf03522da31b8bb2d857,1,train,N001,2025-12-16 02:00:00,3,90.0,90.0,0.0,True,24,True,3
58cc5aa3e6271eaf6ac72099,4,train,N015,2026-02-01 09:00:00,3,94.0,94.0,0.0,True,24,True,3
c7a0cab22e7876c220c458a8,5,train,N039,2026-01-01 02:00:00,3,98.16666666666667,98.16666666666667,0.0,True,24,True,3
cfaa8035bf47836f3247e985,2,test,N026,2026-01-30 06:00:00,3,100.0,100.0,0.0,True,24,True,3
26f844cf4bbcb40001a90741,6,train,N023,2025-12-17 00:00:00,1,100.0,100.0,0.0,True,24,True,1
15c260099336fa350bcd001f,4,test,N019,2026-02-15 19:00:00,1,98.0,98.0,0.0,True,24,True,1
142b451a78032778f5494d88,2,train,N037,2025-12-23 21:00:00,3,100.0,100.0,0.0,True,24,True,3
b0ead355af8142e4d4b8c5b5,2,train,N010,2026-01-07 08:00:00,3,94.0,94.0,0.0,True,24,True,3
4d78e533fb5dca2d71fb1114,3,train,N027,2025-12-22 13:00:00,1,100.0,100.0,0.0,True,24,True,1
16c0957264ffedc970d4b775,6,train,N039,2026-01-18 16:00:00,1,100.0,100.0,0.0,True,24,True,1
11e303954abd6ea7872dd483,3,train,N050,2025-12-14 13:00:00,6,32.97222222222222,32.97222222222222,0.0,True,24,True,6
2daeea785cd9a475f0348e30,5,train,N031,2025-12-12 17:00:00,1,100.0,100.0,0.0,True,24,True,1
51a0393b96fb711c128e8ef0,5,train,N023,2025-12-22 19:00:00,3,100.0,100.0,0.0,True,24,True,3
12ea4feb855aec900e1a527d,6,test,N024,2026-02-25 12:00:00,6,100.0,100.0,0.0,True,24,True,5
5403dcc64319dcf729774542,3,train,N002,2025-12-16 17:00:00,6,92.25,92.25,0.0,True,24,True,6
3cfe0b26563465da10d5eed8,4,train,N005,2025-12-10 05:00:00,6,43.0,43.0,0.0,True,24,True,5
5d20ae4c4ec0d43612496e72,2,train,N032,2025-12-29 15:00:00,6,100.0,100.0,0.0,True,24,True,5
34393a5c8209cdd06e8f84aa,5,train,N043,2026-01-15 09:00:00,1,66.5,66.5,0.0,True,24,True,1
a0164f0c4b32042576eb7673,6,train,N036,2025-12-29 19:00:00,6,100.0,100.0,0.0,True,24,True,5
88ea565376e0359b54348657,3,train,N001,2025-12-31 04:00:00,1,90.0,90.0,0.0,True,24,True,1
cbd17a8f81b6afd3b0f0c76d,5,validation,N032,2026-02-13 10:00:00,1,100.0,100.0,0.0,True,24,True,1
20fea77989050695d48401ae,2,train,N026,2025-12-29 10:00:00,3,100.0,100.0,0.0,True,24,True,3
ad2574c8067151c24cc6c306,4,train,N044,2026-01-14 02:00:00,1,78.0,78.0,0.0,True,24,True,1
22565f811174a1c73f74479c,6,train,N043,2026-02-02 09:00:00,3,64.22222222222221,64.22222222222221,0.0,True,24,True,3
48812fdaff33a57bf9bef677,1,train,N043,2025-12-26 00:00:00,6,75.61111111111111,75.61111111111111,0.0,True,24,True,6
012eb8594a0bdb0922442dd7,2,train,N024,2025-12-17 11:00:00,3,100.0,100.0,0.0,True,24,True,3
f44a419c27ea1baca09c31f7,6,train,N042,2025-12-15 07:00:00,1,65.66666666666667,65.66666666666667,0.0,True,24,True,1
61890ce810938236354cea31,6,train,N033,2025-12-26 18:00:00,3,96.16666666666667,96.16666666666667,0.0,True,24,True,3
3d4884ba1a97f04988c7b8a1,4,validation,N021,2026-02-05 02:00:00,1,100.0,100.0,0.0,True,24,True,1
5acb3be158cbfaeb8482e670,3,train,N015,2025-12-15 01:00:00,3,94.0,94.0,0.0,True,24,True,3
2fe61945b0e3aab32cd71eb8,5,train,N045,2026-01-20 12:00:00,1,65.0,65.0,0.0,True,24,True,1
4d4b83a219994a6c0e0c029f,4,validation,N023,2026-02-07 10:00:00,3,100.0,100.0,0.0,True,24,True,3
b6de01445e83011710a01503,6,train,N001,2025-12-09 20:00:00,1,90.0,90.0,0.0,True,24,True,1
f6bdbd85cdafe4767f24aa0e,6,train,N044,2026-02-04 03:00:00,6,69.33333333333333,69.33333333333333,0.0,True,24,True,6
80c80807607b84b98b2c3fa4,4,test,N042,2026-02-14 19:00:00,1,67.5,67.5,0.0,True,24,True,1
2edec8c0889cbb6db2a35241,1,test,N027,2026-01-23 12:00:00,3,100.0,100.0,0.0,True,24,True,3
fec2b9ab9697b4d481dbbbfa,4,train,N042,2026-01-14 15:00:00,6,67.3,67.3,0.0,True,24,True,5
dd47e4df14d28bbf93a55d67,4,train,N048,2025-12-09 19:00:00,3,72.91666666666667,72.91666666666667,0.0,True,24,True,3
9aa5c8ab72f8fc31f5d3184f,4,train,N037,2026-01-10 11:00:00,3,100.0,100.0,0.0,True,24,True,3
8b57ac6579b070343e67f24d,5,test,N031,2026-02-16 05:00:00,1,100.0,100.0,0.0,True,24,True,1
272e3d7544ca269ec4c0cfc4,2,train,N031,2025-12-21 06:00:00,6,100.0,100.0,0.0,True,24,True,6
401f1cd1383afc98131b8e9b,2,train,N031,2025-12-28 06:00:00,1,100.0,100.0,0.0,True,24,True,1
655ad1f4ee445fa51c97a7e5,2,train,N017,2025-12-18 15:00:00,1,99.0,99.0,0.0,True,24,True,1
5e017ec95a342d23c66ef002,6,train,N022,2025-12-23 10:00:00,3,98.0,98.0,0.0,True,24,True,3
d169dcfc65b8023e74275256,6,train,N030,2026-01-20 15:00:00,6,98.0,98.0,0.0,True,24,True,5
af406065e738b848218b5ece,1,test,N032,2026-01-19 08:00:00,3,100.0,100.0,0.0,True,24,True,3
52b4d54b264179b45b3a0a54,5,train,N005,2025-12-25 19:00:00,3,43.0,43.0,0.0,True,24,True,3
804de5035224d906b84f1084,2,validation,N038,2026-01-23 01:00:00,1,100.0,100.0,0.0,True,24,True,1
f8da2faad1808fb6f04bbff8,4,train,N032,2026-01-18 20:00:00,1,100.0,100.0,0.0,True,24,True,1
15c3b90cf9d5233748a3b984,4,train,N020,2025-12-13 06:00:00,1,100.0,100.0,0.0,True,24,True,1
b4414733f07f523f53140dcc,3,train,N034,2026-01-05 06:00:00,3,100.0,100.0,0.0,True,24,True,3
aa475c64a52b4a33b8c04f21,2,train,N046,2025-12-09 19:00:00,6,89.0,89.0,0.0,True,24,True,5
01365d89572953b2563b78c1,3,train,N002,2025-12-16 23:00:00,6,94.0,94.0,0.0,True,24,True,6
6faa11a9cdc0b0b51af365aa,4,train,N004,2025-12-25 20:00:00,6,84.125,84.125,0.0,True,24,True,6
7edbfbed99a636ce1b7694a8,1,train,N021,2025-12-17 22:00:00,6,100.0,100.0,0.0,True,24,True,6
66c87169082b9853fcaed570,6,train,N016,2026-01-19 19:00:00,1,99.0,99.0,0.0,True,24,True,1
4f3fb5fd7c1b11b2d9ca2561,5,train,N011,2026-01-10 13:00:00,6,94.0,94.0,0.0,True,24,True,6
5489de5b7d49e0c0b5afca1f,6,train,N026,2026-01-14 03:00:00,1,100.0,100.0,0.0,True,24,True,1
71db3c2a22d42a4a5d3f2687,6,train,N006,2026-01-31 05:00:00,6,90.0,90.0,0.0,True,24,True,5
e68b6341467c324a7e5876d4,3,train,N046,2026-01-01 02:00:00,3,89.0,89.0,0.0,True,24,True,3
ffec56eb62fdab3118940112,5,train,N050,2025-12-15 08:00:00,3,34.69444444444445,34.69444444444445,0.0,True,24,True,3
d9f636d13ca10bb8ffc98333,5,train,N002,2025-12-20 17:00:00,3,94.0,94.0,0.0,True,24,True,3
d1b03d08fdc748d8b80b2e76,6,train,N027,2026-02-06 06:00:00,6,100.0,100.0,0.0,True,24,True,5
18c85ed5318ecafe8aaf6866,1,train,N047,2025-12-30 14:00:00,6,63.11111111111111,63.11111111111111,0.0,True,24,True,6
a0673bb67cd6715e789aa9e5,5,train,N030,2026-01-11 07:00:00,1,98.0,98.0,0.0,True,24,True,1
b45c2e846fbf90baed7ba38d,6,validation,N051,2026-02-18 04:00:00,3,76.16666666666667,76.16666666666667,0.0,True,24,True,3
199739bb4f85008bb2c12cdf,2,train,N021,2025-12-20 03:00:00,1,100.0,100.0,0.0,True,24,True,1
be61e831bb0e20c4f2837bbd,2,train,N043,2025-12-21 07:00:00,6,64.70833333333333,64.70833333333333,0.0,True,24,True,6
89a3535a332ad846fab82b80,2,train,N010,2025-12-17 19:00:00,1,94.0,94.0,0.0,True,24,True,1
f54edd91323bd221a6a38fe2,6,validation,N012,2026-02-16 01:00:00,1,94.0,94.0,0.0,True,24,True,1
76ce06e97e14ca91607b100f,5,train,N018,2025-12-29 17:00:00,3,96.25,96.25,0.0,True,24,True,3
edf9a60748d3d9fa49d41870,5,train,N024,2026-01-16 06:00:00,1,100.0,100.0,0.0,True,24,True,1
151266de255870b5d974613c,5,train,N032,2025-12-26 19:00:00,3,96.75,96.75,0.0,True,24,True,3
13f333582ff09e7985d31138,3,validation,N015,2026-02-01 14:00:00,6,94.0,94.0,0.0,True,24,True,6
bbb316dfec34d5023b4c47ff,2,validation,N030,2026-01-21 09:00:00,1,98.0,98.0,0.0,True,24,True,1
4a27cdae6f2f03f376c5fdf3,1,train,N015,2025-12-15 04:00:00,6,94.0,94.0,0.0,True,24,True,6
38098b35b7a23e19206d4c30,4,train,N026,2025-12-17 00:00:00,1,100.0,100.0,0.0,True,24,True,1
5642a32c4dcb5cbd64af49d2,2,train,N016,2025-12-24 19:00:00,3,99.0,99.0,0.0,True,24,True,3
d5feab338cdafb4be6a9de31,4,train,N024,2026-01-04 09:00:00,1,98.0,98.0,0.0,True,24,True,1
205eec11488e90548274fa6a,1,validation,N029,2026-01-16 20:00:00,3,98.0,98.0,0.0,True,24,True,3
e2589466d89cb0b48e4fedc7,4,train,N025,2025-12-23 18:00:00,1,98.0,98.0,0.0,True,24,True,1
67261343b6652ef815044b4b,3,train,N038,2026-01-14 03:00:00,6,100.0,100.0,0.0,True,24,True,5
007fc2a9240c20f2faf35020,5,train,N003,2025-12-19 03:00:00,1,90.0,90.0,0.0,True,24,True,1
f63d69e8efa20db64c973d13,6,train,N001,2026-01-01 06:00:00,6,90.0,90.0,0.0,True,24,True,6
7436e10c2c6a8f6cdeba329d,1,train,N047,2025-12-22 04:00:00,6,68.55555555555556,68.55555555555556,0.0,True,24,True,6
09bffd5b2f10b6ac174cd62d,2,train,N050,2026-01-15 00:00:00,1,49.5,49.5,0.0,True,24,True,1
babb6bfed1bd3e2df83a8376,4,validation,N013,2026-02-06 05:00:00,6,94.0,94.0,0.0,True,24,True,6
8c6d0f7c7b94954ddac1e906,4,validation,N040,2026-02-08 18:00:00,3,100.0,100.0,0.0,True,24,True,3
bd631ac13ed30e19c20ac320,2,train,N015,2026-01-14 09:00:00,1,94.0,94.0,0.0,True,24,True,1
d5bae6fb9ffef2974a08ab73,6,train,N003,2026-01-20 13:00:00,6,90.0,90.0,0.0,True,24,True,5
1299ae70efb11a17cdc923c4,6,train,N003,2026-01-09 17:00:00,6,90.0,90.0,0.0,True,24,True,6
c63a5a19db1b768ed1b3939c,4,test,N028,2026-02-09 03:00:00,3,100.0,100.0,0.0,True,24,True,3
19ab1bb558854fc3658c9d1b,2,train,N017,2026-01-11 06:00:00,1,99.0,99.0,0.0,True,24,True,1
7d38697580f5dbb5f1b014a4,6,train,N038,2026-01-28 22:00:00,1,100.0,100.0,0.0,True,24,True,1
df5405613c6cb6a1aba1b650,5,train,N002,2025-12-30 02:00:00,6,93.29166666666667,93.29166666666667,0.0,True,24,True,6
33c2b706440d25d623851352,3,train,N024,2026-01-10 21:00:00,3,100.0,100.0,0.0,True,24,True,3
507a0304e62da522a1b2d16e,4,test,N012,2026-02-14 04:00:00,6,94.0,94.0,0.0,True,24,True,6
9636d4692f091ac875ffa6ca,3,test,N046,2026-02-03 12:00:00,6,86.0,86.0,0.0,True,24,True,5
635b2ee52e0f126b97942c40,5,train,N026,2026-01-31 22:00:00,1,100.0,100.0,0.0,True,24,True,1
85348affd085ef0d2ffabfac,2,train,N010,2025-12-12 08:00:00,3,94.0,94.0,0.0,True,24,True,3
eb543049d037fb660bd1e3d9,6,train,N020,2026-01-28 09:00:00,1,100.0,100.0,0.0,True,24,True,1
cc799c5bfa4ed1858ea96ac8,3,train,N009,2025-12-10 21:00:00,1,90.0,90.0,0.0,True,24,True,1
069b1fdb1df8837f7f514908,5,train,N011,2026-01-12 02:00:00,1,94.0,94.0,0.0,True,24,True,1
fca2743d15a7d69540bad7ac,3,validation,N028,2026-01-29 06:00:00,1,100.0,100.0,0.0,True,24,True,1
7a186bc53aeee6f0aa10de9b,4,train,N041,2026-01-15 03:00:00,1,88.0,88.0,0.0,True,24,True,1
a576005f833151604885170e,5,train,N042,2025-12-30 18:00:00,3,63.0,63.0,0.0,True,24,True,3
ed89fec66b9a06cf2fe66c31,4,train,N028,2026-01-02 03:00:00,1,100.0,100.0,0.0,True,24,True,1
20b106534b5f8138b18bdf4f,2,train,N043,2025-12-26 02:00:00,6,71.61111111111111,71.61111111111111,0.0,True,24,True,6
00b66bdbfb25cbcc48509960,6,train,N029,2026-01-29 15:00:00,3,98.0,98.0,0.0,True,24,True,3
555aafe0b6b68c488020cbf3,6,train,N019,2026-01-08 14:00:00,1,98.0,98.0,0.0,True,24,True,1
7ed81548a04acf3654952f14,3,train,N050,2025-12-29 17:00:00,6,39.49999999999999,39.49999999999999,0.0,True,24,True,6
bbdf35efceccf02c760ca449,2,train,N041,2026-01-10 12:00:00,3,85.44444444444444,85.44444444444444,0.0,True,24,True,3
fb79241d01098f108c928f74,4,train,N040,2025-12-24 08:00:00,3,100.0,100.0,0.0,True,24,True,3
516494d2df1351b6e7b90dbf,6,train,N030,2025-12-21 07:00:00,3,98.0,98.0,0.0,True,24,True,3
272ff1921ba09bfabc8aeab5,4,validation,N024,2026-02-05 09:00:00,3,100.0,100.0,0.0,True,24,True,3
bf923efaf07cd2f0163d03c3,5,train,N029,2026-01-15 02:00:00,6,98.0,98.0,0.0,True,24,True,6
b7ad89cc7603a49593c618bb,5,validation,N024,2026-02-14 10:00:00,3,100.0,100.0,0.0,True,24,True,3
7fd927d343d4e7e93c5059a4,1,validation,N036,2026-01-15 17:00:00,3,100.0,100.0,0.0,True,24,True,3
b00c91cf6e7be74bb65ad802,3,train,N014,2026-01-13 01:00:00,6,94.0,94.0,0.0,True,24,True,5
ba5395cb2ad69f499cca6bef,4,train,N030,2025-12-25 18:00:00,6,97.125,97.125,0.0,True,24,True,6
5ab8579617d08df5130bca3f,3,train,N030,2025-12-10 18:00:00,6,98.0,98.0,0.0,True,24,True,6
a98f7ad03fdcb45b0712d509,3,train,N020,2025-12-30 18:00:00,3,96.25,96.25,0.0,True,24,True,3
b4e26fa0edab905ea8700896,3,train,N020,2025-12-25 07:00:00,1,100.0,100.0,0.0,True,24,True,1
dcf3fd8f29ab852727c16d05,6,train,N033,2026-01-05 06:00:00,1,100.0,100.0,0.0,True,24,True,1
ffd7252528d2ca2f6e62e5a2,1,train,N033,2025-12-22 15:00:00,1,100.0,100.0,0.0,True,24,True,1
42625478d9482cdf3973d8fe,4,train,N043,2026-01-16 12:00:00,1,65.0,65.0,0.0,True,24,True,1
04d305799d179c0f4203c6d8,1,validation,N034,2026-01-18 17:00:00,3,100.0,100.0,0.0,True,24,True,3
daff3f7b779d7bd82a00d10b,1,train,N022,2025-12-10 16:00:00,1,98.0,98.0,0.0,True,24,True,1
2c61e985f4f66609591ac6ab,5,validation,N031,2026-02-10 12:00:00,6,100.0,100.0,0.0,True,24,True,5
5afb58cbbb596f16ad74386d,1,validation,N030,2026-01-12 08:00:00,1,98.0,98.0,0.0,True,24,True,1
aa3fb4ac2276990cf7659c87,1,train,N014,2026-01-03 03:00:00,6,94.0,94.0,0.0,True,24,True,6
3e53b82a36b5a5a58e6aba12,4,validation,N041,2026-02-08 03:00:00,6,88.0,88.0,0.0,True,24,True,5
16a9afe88e3e1b523da6f178,6,train,N026,2026-01-17 13:00:00,1,100.0,100.0,0.0,True,24,True,1
7464b80ff7dcd02abcc702da,3,train,N016,2025-12-12 10:00:00,1,99.0,99.0,0.0,True,24,True,1
316724e7a33650bd17775907,1,train,N024,2026-01-06 05:00:00,1,100.0,100.0,0.0,True,24,True,1
acbbf1ac6f94a130e95100eb,1,test,N036,2026-01-23 19:00:00,3,100.0,100.0,0.0,True,24,True,3
237264d6748824131e9ed38a,2,train,N034,2025-12-17 04:00:00,1,100.0,100.0,0.0,True,24,True,1
884a3629fceafdb1eb2752d1,2,train,N009,2025-12-31 02:00:00,6,90.0,90.0,0.0,True,24,True,6
2366f474b484495921229f51,5,train,N037,2026-01-12 08:00:00,6,100.0,100.0,0.0,True,24,True,6
1a51adf634aa9dbac7fac59d,5,train,N050,2025-12-11 10:00:00,3,35.388888888888886,35.388888888888886,0.0,True,24,True,3
7195a199e065974607a9397e,1,train,N041,2026-01-10 19:00:00,6,89.0,89.0,0.0,True,24,True,6
b3092274e14b194017c3ad2d,1,train,N046,2025-12-09 17:00:00,3,88.33333333333333,88.33333333333333,0.0,True,24,True,3
31384d2ca6912417fb103123,3,train,N015,2026-01-03 02:00:00,1,94.0,94.0,0.0,True,24,True,1
6e99c839b5c8a83a4f3b2747,3,train,N008,2026-01-20 06:00:00,1,90.0,90.0,0.0,True,24,True,1
8c8bdf8397680aefa813b99e,6,train,N031,2025-12-18 23:00:00,6,98.95833333333333,98.95833333333333,0.0,True,24,True,6
9f9d4b2b1315c38ebf6a6707,1,validation,N018,2026-01-14 12:00:00,1,98.0,98.0,0.0,True,24,True,1
d3070493c2b386db726a7c9a,2,train,N048,2026-01-09 05:00:00,6,64.56666666666666,64.56666666666666,0.0,True,24,True,5
3852b9ff600595d70ea81ffa,3,train,N049,2026-01-24 12:00:00,6,27.4,27.4,0.0,True,24,True,5
f52431997572e5268d725394,2,test,N028,2026-01-29 08:00:00,1,100.0,100.0,0.0,True,24,True,1
e474c703febeac58a6c8f55f,5,train,N033,2026-01-08 08:00:00,3,97.66666666666667,97.66666666666667,0.0,True,24,True,3
cdd05e3b498135a4baa24d62,6,train,N018,2026-01-22 07:00:00,3,98.0,98.0,0.0,True,24,True,3
98d8fd6c1bc71c2c6405c804,6,train,N043,2026-02-09 03:00:00,1,78.0,78.0,0.0,True,24,True,1
402025c778d1257d550b1ea6,4,train,N011,2026-01-19 16:00:00,1,94.0,94.0,0.0,True,24,True,1
707b6e494bf8a4959f2eaacc,4,validation,N035,2026-02-06 22:00:00,3,100.0,100.0,0.0,True,24,True,3
eff08aca20b8a407294a01c0,5,test,N012,2026-02-20 07:00:00,1,94.0,94.0,0.0,True,24,True,1
a2b8ce1b3814d74b124018e7,2,train,N051,2026-01-07 23:00:00,3,78.0,78.0,0.0,True,24,True,3
9a48636e59784ab454d4d0d3,2,train,N008,2025-12-15 22:00:00,1,90.0,90.0,0.0,True,24,True,1
3950f11b300bab2d146179f9,1,train,N049,2026-01-08 00:00:00,1,53.0,53.0,0.0,True,24,True,1
8fd12672d8d2479dd0ba5dd9,6,train,N048,2026-01-06 04:00:00,1,78.0,78.0,0.0,True,24,True,1
afebf6ab90ae893e4fbb7585,5,train,N005,2026-01-11 18:00:00,1,43.0,43.0,0.0,True,24,True,1
e5495f121d299cc19ebc46a4,5,train,N004,2026-01-09 05:00:00,1,90.0,90.0,0.0,True,24,True,1
b6f568d990721e8b4bbde3a0,5,train,N011,2025-12-27 01:00:00,3,94.0,94.0,0.0,True,24,True,3
ea8e9e1839b75a670bff06cc,4,train,N010,2026-01-26 18:00:00,6,92.1,92.1,0.0,True,24,True,5
bf02452a3c353947d5c595f5,2,validation,N020,2026-01-19 10:00:00,1,100.0,100.0,0.0,True,24,True,1
614a37ad3009a26d1df5a39e,6,train,N016,2025-12-17 17:00:00,1,99.0,99.0,0.0,True,24,True,1
6d4b713da88fc548cae2837d,5,train,N012,2026-01-09 07:00:00,3,94.0,94.0,0.0,True,24,True,3
94f5424eba427806bb98f902,4,train,N045,2025-12-15 05:00:00,1,71.0,71.0,0.0,True,24,True,1
135a3fa830ff30ddfae48130,3,train,N006,2025-12-13 16:00:00,3,90.0,90.0,0.0,True,24,True,3
b8ba8a2867f266ef8ad2e01c,2,train,N051,2025-12-23 09:00:00,3,64.3888888888889,64.3888888888889,0.0,True,24,True,3
213a174cd4037971bd9e52b2,2,train,N016,2025-12-22 03:00:00,1,99.0,99.0,0.0,True,24,True,1
885842c0096bd78247d127e0,3,train,N012,2025-12-22 15:00:00,3,94.0,94.0,0.0,True,24,True,3
b8bd48e82f89dfdf8f8f949a,3,train,N006,2026-01-16 03:00:00,1,90.0,90.0,0.0,True,24,True,1
39f300e22e347f7e860845f2,6,train,N021,2025-12-23 19:00:00,1,100.0,100.0,0.0,True,24,True,1
82685ff2effe56a62bf872c1,5,train,N003,2025-12-31 11:00:00,1,90.0,90.0,0.0,True,24,True,1
995921c3765a445865254003,2,validation,N006,2026-01-21 03:00:00,1,90.0,90.0,0.0,True,24,True,1
321cc6bb981545746dfc6dfe,1,train,N028,2025-12-19 13:00:00,3,100.0,100.0,0.0,True,24,True,3
5686610e340464823c3a1b75,6,train,N031,2025-12-13 10:00:00,1,100.0,100.0,0.0,True,24,True,1
3f94d90ce5d20bcc8a8010ba,5,train,N022,2025-12-25 12:00:00,6,98.0,98.0,0.0,True,24,True,6
503d67b84dc1cf95f4d6d9df,3,train,N018,2025-12-21 15:00:00,3,98.0,98.0,0.0,True,24,True,3
2be36d5c9f5dc520f1aaadc6,5,train,N033,2025-12-14 13:00:00,1,100.0,100.0,0.0,True,24,True,1
832a20d49aa9fdc81172ec36,5,train,N001,2026-01-23 10:00:00,6,90.0,90.0,0.0,True,24,True,5
ba44cf3c28ab39765b46a8e0,5,train,N020,2026-01-04 13:00:00,3,100.0,100.0,0.0,True,24,True,3
00ea6e3f15c4c4265e5fdd68,6,train,N038,2026-01-27 11:00:00,1,100.0,100.0,0.0,True,24,True,1
ceb88c173d22b6958fcf04b7,4,train,N043,2026-01-22 05:00:00,6,65.9,65.9,0.0,True,24,True,5
c80d74522cc04dad3dbc47d8,3,train,N005,2025-12-14 10:00:00,3,43.0,43.0,0.0,True,24,True,3
d930f7f835e357b6d22cd7d7,5,train,N033,2026-01-06 14:00:00,1,100.0,100.0,0.0,True,24,True,1
689f8ca9efe8e5e756ffbb55,6,train,N042,2025-12-24 15:00:00,3,56.666666666666664,56.666666666666664,0.0,True,24,True,3
12ebb5c7618aad6da24b41e9,2,train,N019,2025-12-12 22:00:00,1,98.0,98.0,0.0,True,24,True,1
e868a9556a484dce1ebd9681,3,train,N023,2026-01-15 06:00:00,3,100.0,100.0,0.0,True,24,True,3
799e469d0225d8a536fdc19c,6,train,N003,2025-12-13 21:00:00,1,90.0,90.0,0.0,True,24,True,1
72e2013c77ac89b7cc734c00,4,train,N043,2025-12-25 05:00:00,3,76.83333333333333,76.83333333333333,0.0,True,24,True,3
45a4fb1c3a5f6cc657d8736f,5,train,N010,2026-01-15 01:00:00,1,94.0,94.0,0.0,True,24,True,1
cbab09da6929eab4a5a77a89,4,train,N047,2026-01-01 05:00:00,1,72.66666666666667,72.66666666666667,0.0,True,24,True,1
5fa150cd8021aecbb9ce27eb,6,train,N003,2026-01-08 13:00:00,3,90.0,90.0,0.0,True,24,True,3
20425c75512ca8c58689ed90,4,train,N021,2026-01-31 22:00:00,3,100.0,100.0,0.0,True,24,True,3
fbf1a331503aad3387d8d75c,2,train,N019,2025-12-14 08:00:00,3,98.0,98.0,0.0,True,24,True,3
58fed33c39dfda2e9fb2c227,3,train,N034,2025-12-17 17:00:00,6,92.66666666666667,92.66666666666667,0.0,True,24,True,6
5303b9dfdad7b7e07c9efcf3,4,train,N013,2026-01-31 12:00:00,6,94.0,94.0,0.0,True,24,True,5
1b48e07b973f7c84b30ec7b1,5,validation,N028,2026-02-09 11:00:00,3,100.0,100.0,0.0,True,24,True,3
7780b64f38ec7791f257f8a3,6,train,N047,2026-01-05 01:00:00,1,78.0,78.0,0.0,True,24,True,1
c24937243486435d96c1b034,3,train,N041,2026-01-22 21:00:00,1,88.0,88.0,0.0,True,24,True,1
9059755921405f6524374fc2,6,validation,N032,2026-02-19 02:00:00,3,100.0,100.0,0.0,True,24,True,3
8436a4db10f2c45ba65978bb,6,train,N014,2026-01-01 07:00:00,6,94.0,94.0,0.0,True,24,True,5
ec909eeeaf8e68133d565f56,1,train,N029,2025-12-29 08:00:00,6,98.0,98.0,0.0,True,24,True,6
a1ab6f508075d2c64b44a06f,2,test,N049,2026-02-01 14:00:00,1,26.333333333333332,26.333333333333332,0.0,True,24,True,1
e8a6d2a18aa33c97b0cab9d7,3,train,N005,2026-01-12 16:00:00,1,43.0,43.0,0.0,True,24,True,1
dd1c902e4e1006eb6beac75a,1,train,N038,2025-12-27 00:00:00,1,100.0,100.0,0.0,True,24,True,1
0aa762ad917044a043161ffa,1,train,N021,2025-12-16 09:00:00,3,100.0,100.0,0.0,True,24,True,3
22ef9fdafe2769b70b96110d,2,train,N034,2025-12-31 03:00:00,3,100.0,100.0,0.0,True,24,True,3
5ea1a908870b05c1dc8e8d78,1,train,N003,2025-12-10 05:00:00,6,90.0,90.0,0.0,True,24,True,5
4957e26bd26759ce9c7a2441,5,train,N013,2025-12-17 19:00:00,6,94.0,94.0,0.0,True,24,True,6
7089749c922c321823338ba3,1,train,N023,2025-12-22 01:00:00,1,100.0,100.0,0.0,True,24,True,1
846429ef4084b4f84904f695,4,validation,N041,2026-02-03 20:00:00,3,88.0,88.0,0.0,True,24,True,3
5f4939abbf7d0878e4b9ee9b,6,train,N025,2026-02-08 00:00:00,3,98.0,98.0,0.0,True,24,True,3
727ece7bf4d8abace2f47785,5,train,N037,2025-12-31 05:00:00,1,100.0,100.0,0.0,True,24,True,1
74f485b87a914dc8bc178667,6,train,N036,2026-01-18 04:00:00,1,100.0,100.0,0.0,True,24,True,1
12bb4f2486ba04adde157665,6,train,N050,2026-01-13 03:00:00,6,35.72222222222222,35.72222222222222,0.0,True,24,True,6
b652d70b4d1fd6962134b3b7,5,train,N019,2025-12-20 17:00:00,6,98.0,98.0,0.0,True,24,True,6
07e28c041dcad04c5c946eca,5,train,N030,2026-02-07 01:00:00,3,98.0,98.0,0.0,True,24,True,3
85644c175fb73aad39e14357,4,validation,N019,2026-02-05 17:00:00,6,98.0,98.0,0.0,True,24,True,6
5393896fc9bf71a9aadb6272,6,validation,N043,2026-02-19 13:00:00,3,66.16666666666667,66.16666666666667,0.0,True,24,True,3
8a432066776c8b986ef7d209,1,train,N009,2025-12-25 15:00:00,3,90.0,90.0,0.0,True,24,True,3
3288ed356dd75e3b02b9b465,1,train,N016,2025-12-12 01:00:00,3,99.0,99.0,0.0,True,24,True,3
a6f00a6816e6704137c00723,2,train,N032,2025-12-29 22:00:00,3,100.0,100.0,0.0,True,24,True,3
b3a21dfdb44679fb1c30a71e,6,train,N048,2026-01-11 21:00:00,6,77.53333333333333,77.53333333333333,0.0,True,24,True,5
bd5a1c07d8ff15281f231605,6,train,N002,2026-01-28 17:00:00,6,94.0,94.0,0.0,True,24,True,5
fcd93d7bdb3d637ae22603d6,1,train,N040,2025-12-16 07:00:00,6,100.0,100.0,0.0,True,24,True,6
f1cef8e07d4183a9579fc439,1,train,N006,2025-12-26 05:00:00,6,90.0,90.0,0.0,True,24,True,6
f1fccc20ad0314cf8b77e8aa,4,train,N002,2025-12-20 23:00:00,1,94.0,94.0,0.0,True,24,True,1
8ae7528c9a9450d8e3ac3c69,5,train,N012,2025-12-27 07:00:00,1,94.0,94.0,0.0,True,24,True,1
bfde36c56383f323b8b2ebcd,4,train,N006,2026-01-24 11:00:00,3,90.0,90.0,0.0,True,24,True,3
f5b5fa573b5af5d26fdc6887,5,validation,N032,2026-02-14 08:00:00,1,100.0,100.0,0.0,True,24,True,1
bb0c35f0f8786bda6fbcd80a,5,validation,N003,2026-02-14 21:00:00,1,90.0,90.0,0.0,True,24,True,1
006393dfa9a9e866b585a504,5,train,N021,2025-12-21 19:00:00,6,94.77777777777779,94.77777777777779,0.0,True,24,True,6
d1a57aacbef69903fc4bb07d,3,train,N017,2025-12-10 20:00:00,3,97.5,97.5,0.0,True,24,True,3
d55392c6119a5b52b5f15b45,6,train,N035,2025-12-27 18:00:00,3,98.58333333333333,98.58333333333333,0.0,True,24,True,3
3483e878cd99100c2367ad1a,6,validation,N010,2026-02-19 19:00:00,1,94.0,94.0,0.0,True,24,True,1
3c81a38065aad062d6fa626b,5,train,N021,2026-01-06 09:00:00,6,100.0,100.0,0.0,True,24,True,6
1e7e35c1fc3c5404c76ca467,3,test,N046,2026-02-07 15:00:00,6,88.0,88.0,0.0,True,24,True,5
7c44cf62098b2ba160c7994b,1,train,N003,2026-01-11 15:00:00,6,90.0,90.0,0.0,True,24,True,5
3ce7acad2a0aaa389bc8f5f8,6,validation,N019,2026-02-16 07:00:00,3,98.0,98.0,0.0,True,24,True,3
c96a93aaeb8f42619d8d7ec4,3,train,N006,2025-12-18 13:00:00,6,90.0,90.0,0.0,True,24,True,6
3726fa21b34d3374ce4ff739,2,train,N015,2025-12-16 23:00:00,3,94.0,94.0,0.0,True,24,True,3
7ad5196f1d99ccbb96539dae,5,test,N033,2026-02-21 12:00:00,6,100.0,100.0,0.0,True,24,True,6
f20ab2251f82493bfb18d379,5,train,N038,2025-12-27 12:00:00,6,98.95833333333333,98.95833333333333,0.0,True,24,True,6
c2aee62d189493cffaf4b388,2,train,N033,2025-12-13 06:00:00,6,100.0,100.0,0.0,True,24,True,6
b82e0b22fe2632d0791c4d58,1,train,N046,2025-12-29 21:00:00,1,89.0,89.0,0.0,True,24,True,1
6ad82be9a7049c8173dea3f7,2,train,N037,2026-01-13 23:00:00,1,100.0,100.0,0.0,True,24,True,1
2267f570ebe499787d24fa9c,1,train,N029,2025-12-20 23:00:00,1,98.0,98.0,0.0,True,24,True,1
6a7143c7ac9801af2d40b35a,4,train,N032,2026-01-06 01:00:00,6,100.0,100.0,0.0,True,24,True,6
a4188c0b6346520b3b942569,3,train,N007,2025-12-26 17:00:00,1,90.0,90.0,0.0,True,24,True,1
db26b4eb9abbf9c92e4ec949,6,train,N019,2025-12-20 20:00:00,6,98.0,98.0,0.0,True,24,True,6
9e9af19bee7def4c746e292c,2,train,N008,2025-12-18 04:00:00,3,90.0,90.0,0.0,True,24,True,3
2ae5a7352bbab28c4b229668,6,test,N035,2026-02-25 21:00:00,6,99.16666666666667,99.16666666666667,0.0,True,24,True,6
aa438662f235aa4a29e12b66,5,validation,N049,2026-02-13 23:00:00,6,52.77777777777777,52.77777777777777,0.0,True,24,True,6
0a45c1f48bce5a9f32974360,3,train,N035,2025-12-10 13:00:00,3,100.0,100.0,0.0,True,24,True,3
d7ad1dea973710c4640b3bdf,5,train,N012,2026-01-28 21:00:00,1,94.0,94.0,0.0,True,24,True,1
d53d9ddd793166c4d806f5b2,3,validation,N030,2026-02-01 08:00:00,3,98.0,98.0,0.0,True,24,True,3
807041e630f4e5e8b2bc915b,6,validation,N036,2026-02-20 22:00:00,1,100.0,100.0,0.0,True,24,True,1
d3690ea58b33120456d2637c,1,train,N019,2026-01-09 07:00:00,3,98.0,98.0,0.0,True,24,True,3
faeedb47321a98a59cf37f38,3,train,N024,2025-12-18 17:00:00,1,100.0,100.0,0.0,True,24,True,1
d22cf266c26b8b19a78d0e29,3,test,N032,2026-02-06 08:00:00,3,100.0,100.0,0.0,True,24,True,3
7a5167cfd3a1c1355c64635f,1,train,N025,2025-12-15 21:00:00,1,98.0,98.0,0.0,True,24,True,1
5c966976f18b1a12d995f64c,4,train,N008,2026-01-30 07:00:00,6,90.0,90.0,0.0,True,24,True,6
d55d0681b5567177c715eb7a,5,validation,N016,2026-02-14 08:00:00,1,99.0,99.0,0.0,True,24,True,1
35e84cd7a7049a92c9135cdd,5,train,N027,2026-02-05 22:00:00,6,100.0,100.0,0.0,True,24,True,5
d13bac87f33536f691031d96,1,train,N011,2025-12-13 16:00:00,3,93.83333333333333,93.83333333333333,0.0,True,24,True,3
c7f57e0599019841fd692340,4,train,N030,2026-01-23 23:00:00,6,98.0,98.0,0.0,True,24,True,5
df3c7d80dcd2675df2465dbc,3,train,N018,2025-12-24 10:00:00,1,98.0,98.0,0.0,True,24,True,1
e4ee527abbc70c3f19be92e4,6,train,N044,2026-02-03 23:00:00,1,78.0,78.0,0.0,True,24,True,1
551b558e371d9c05af7d6e4e,3,train,N040,2026-01-02 15:00:00,6,100.0,100.0,0.0,True,24,True,6
a8fce5833abaae1da51bb388,4,train,N014,2025-12-10 23:00:00,6,92.77777777777779,92.77777777777779,0.0,True,24,True,6
32298dd4b5f0c97dc4852cfe,4,test,N002,2026-02-13 07:00:00,6,94.0,94.0,0.0,True,24,True,5
439df10f086cdbb180ef385f,6,train,N040,2025-12-15 06:00:00,6,100.0,100.0,0.0,True,24,True,6
2b501aadc57261cfc9234f60,4,train,N036,2026-01-07 22:00:00,1,100.0,100.0,0.0,True,24,True,1
1c89a09f97e0eddb0cdd4479,3,train,N035,2026-01-04 13:00:00,3,98.33333333333333,98.33333333333333,0.0,True,24,True,3
4b98d02715f9ee975ecee987,3,train,N001,2025-12-18 19:00:00,3,90.0,90.0,0.0,True,24,True,3
074e010c3e5bf1e66f85ef71,5,train,N022,2025-12-31 10:00:00,6,98.0,98.0,0.0,True,24,True,6
6db7aee3998f141c978bbbd9,6,train,N037,2025-12-26 07:00:00,1,100.0,100.0,0.0,True,24,True,1
96351afda13179d7b109d4dd,1,test,N038,2026-01-19 23:00:00,6,100.0,100.0,0.0,True,24,True,5
82570590ae3dcf5e959ea9cb,1,train,N003,2025-12-10 10:00:00,1,90.0,90.0,0.0,True,24,True,1
895f969685a6853cbe9e0370,3,train,N034,2026-01-11 04:00:00,3,100.0,100.0,0.0,True,24,True,3
d86dc3646ab45315a56b1c22,6,train,N048,2026-01-27 19:00:00,1,68.0,68.0,0.0,True,24,True,1
2d7b440f5d8a9a581563ec72,1,train,N011,2026-01-10 09:00:00,1,94.0,94.0,0.0,True,24,True,1
6ff2848e7d920a1d9564732f,3,train,N012,2026-01-09 04:00:00,6,94.0,94.0,0.0,True,24,True,6
78b6e53701b7baa21b3778cf,5,train,N046,2026-01-17 06:00:00,1,85.0,85.0,0.0,True,24,True,1
d0ae8d3e46e6d87b006edff3,3,train,N032,2026-01-06 12:00:00,1,100.0,100.0,0.0,True,24,True,1
4f26ebfe34d8134a50d73664,4,train,N047,2026-01-19 13:00:00,1,67.0,67.0,0.0,True,24,True,1
79b79c99a4cf776e51081597,1,test,N049,2026-01-20 11:00:00,6,32.0,32.0,0.0,True,24,True,5
adadca18b43662f0abe9b801,3,train,N040,2025-12-10 20:00:00,1,100.0,100.0,0.0,True,24,True,1
26ad6d2bafab61b2c0fc0ef4,5,train,N038,2026-01-11 03:00:00,3,100.0,100.0,0.0,True,24,True,3
a8e39c6ae382576027f2e94e,5,test,N041,2026-02-21 10:00:00,1,88.0,88.0,0.0,True,24,True,1
319ba7a8aa906cbd3f5c6f17,6,test,N032,2026-02-24 16:00:00,1,100.0,100.0,0.0,True,24,True,1
e25bec10cf2d2d5ab6bb7b28,2,train,N031,2025-12-26 00:00:00,3,100.0,100.0,0.0,True,24,True,3
7b3dbac323857cdaedfa5643,2,train,N031,2025-12-12 00:00:00,1,100.0,100.0,0.0,True,24,True,1
891a594a22da78a0cf5a0cec,4,train,N036,2025-12-13 19:00:00,1,100.0,100.0,0.0,True,24,True,1
97b169aa2d89f80b5d6688d8,5,train,N035,2025-12-25 20:00:00,3,98.41666666666667,98.41666666666667,0.0,True,24,True,3
88f54f5acd322e3c8bd4c491,1,train,N028,2025-12-11 16:00:00,1,100.0,100.0,0.0,True,24,True,1
bf0da482149122e03c7f291f,3,train,N028,2026-01-04 01:00:00,1,100.0,100.0,0.0,True,24,True,1
8a379be37e7966b38549d376,1,train,N017,2026-01-07 05:00:00,1,99.0,99.0,0.0,True,24,True,1
d554b1ef35729a09418aa3d0,2,train,N015,2025-12-31 06:00:00,6,94.0,94.0,0.0,True,24,True,6
b6e4bdad5b6c450130d306a0,5,validation,N011,2026-02-15 01:00:00,6,94.0,94.0,0.0,True,24,True,6
536ef0a3b348dceac34aaef0,6,train,N008,2026-01-09 06:00:00,6,90.0,90.0,0.0,True,24,True,6
a81ad2272061b3cc36d3f98c,5,train,N051,2026-01-06 20:00:00,1,72.0,72.0,0.0,True,24,True,1
06edf750dcb6b6bc16eea64f,3,test,N050,2026-02-06 15:00:00,3,28.333333333333332,28.333333333333332,0.0,True,24,True,3
c8752c7dd8624b5335c515bd,6,train,N004,2026-02-10 10:00:00,6,90.0,90.0,0.0,True,24,True,5
f825d4ec37f01b7ac63c8f0f,5,train,N045,2026-01-06 09:00:00,6,65.30555555555556,65.30555555555556,0.0,True,24,True,6
f440f00a656806c4520f2792,3,train,N016,2025-12-14 07:00:00,3,99.0,99.0,0.0,True,24,True,3
226995d4393855863a7431a1,2,train,N013,2026-01-04 20:00:00,6,94.0,94.0,0.0,True,24,True,6
f0f1f728bef87fb821cafffc,3,train,N017,2025-12-13 03:00:00,6,97.3888888888889,97.3888888888889,0.0,True,24,True,6
d7ef94b50912c18c08ceaf28,4,train,N050,2025-12-15 20:00:00,6,47.72222222222223,47.72222222222223,0.0,True,24,True,6
d3bef607e7b2713b3282b107,1,train,N018,2026-01-06 19:00:00,6,98.0,98.0,0.0,True,24,True,6
83453f34e74ab4fd9839ef22,2,train,N035,2025-12-13 14:00:00,6,100.0,100.0,0.0,True,24,True,6
13f4f724531748f07ccb492c,4,test,N045,2026-02-15 15:00:00,1,65.0,65.0,0.0,True,24,True,1
af92c03addee0fcf3e8a62c0,5,train,N051,2026-02-07 08:00:00,1,63.666666666666664,63.666666666666664,0.0,True,24,True,1
3204373c51a92cc0caa42d6d,6,train,N027,2026-01-14 22:00:00,1,100.0,100.0,0.0,True,24,True,1
ccd1737043c0f9a5535ffd84,2,train,N019,2025-12-30 06:00:00,6,98.0,98.0,0.0,True,24,True,6
a446dac875d00aa2fce70d53,6,train,N008,2026-01-09 20:00:00,3,90.0,90.0,0.0,True,24,True,3
91fcf2abd3291534c64c2c83,6,train,N014,2025-12-12 04:00:00,1,94.0,94.0,0.0,True,24,True,1
03bebe77509133bcb1c2bb2b,1,train,N014,2025-12-28 13:00:00,6,94.0,94.0,0.0,True,24,True,6
a306ecade57d96afafed4bdb,1,train,N022,2025-12-19 10:00:00,6,98.0,98.0,0.0,True,24,True,6
6ea3df71d43e845da1ae8d93,6,train,N025,2025-12-15 22:00:00,1,98.0,98.0,0.0,True,24,True,1
7e3e812d3b9a4bfdc645ecf6,6,train,N031,2025-12-13 17:00:00,6,100.0,100.0,0.0,True,24,True,5
a768b8a62e97abea0eaa698b,6,train,N012,2026-02-03 23:00:00,3,94.0,94.0,0.0,True,24,True,3
f599e2584f8b2ec01b986bbe,3,train,N025,2026-01-24 22:00:00,3,98.0,98.0,0.0,True,24,True,3
beafac0ac7ddd5f8f973115f,4,train,N011,2026-01-22 22:00:00,1,94.0,94.0,0.0,True,24,True,1
c5cb8276f00d7cc0a12d7358,6,train,N022,2026-01-13 01:00:00,6,98.0,98.0,0.0,True,24,True,6
1e3f985cc3473011674f3c55,4,train,N046,2026-01-01 18:00:00,6,89.0,89.0,0.0,True,24,True,5
77c762256139f00fc08fc62a,2,train,N019,2025-12-18 13:00:00,1,98.0,98.0,0.0,True,24,True,1
d2de0efac6161316dcefa9b8,6,test,N044,2026-02-23 00:00:00,6,75.46666666666667,75.46666666666667,0.0,True,24,True,5
3bf61a15a0f396d081ed4e52,3,validation,N006,2026-01-31 01:00:00,3,90.0,90.0,0.0,True,24,True,3
c7e53198c86f27e6369bdb21,4,train,N042,2025-12-27 04:00:00,3,77.0,77.0,0.0,True,24,True,3
cb4312d3422242fd56425aee,2,train,N001,2025-12-28 18:00:00,1,90.0,90.0,0.0,True,24,True,1
f625a720ba9e615804509090,6,train,N045,2026-01-30 08:00:00,1,64.5,64.5,0.0,True,24,True,1
938df3f72f08ed328216cd70,2,train,N023,2025-12-12 11:00:00,1,100.0,100.0,0.0,True,24,True,1
be38b39d5fc72f74afa6f2c4,1,train,N009,2025-12-24 19:00:00,3,90.0,90.0,0.0,True,24,True,3
761268ef5efe610c08aac364,2,train,N018,2025-12-12 12:00:00,6,98.0,98.0,0.0,True,24,True,6
9eb9fa296dd45a6f81a0ced4,1,train,N051,2025-12-27 01:00:00,6,77.2,77.2,0.0,True,24,True,5
39e34792d1119ab7a759e42b,6,validation,N021,2026-02-20 11:00:00,3,100.0,100.0,0.0,True,24,True,3
6ac170e8cf7e74392e322938,2,train,N036,2026-01-05 17:00:00,1,100.0,100.0,0.0,True,24,True,1
fc88297b0855d09ef938bcb3,4,train,N051,2025-12-13 02:00:00,3,78.0,78.0,0.0,True,24,True,3
aa0a2119a5e86abc4eb3a0a4,3,train,N022,2026-01-16 16:00:00,3,98.0,98.0,0.0,True,24,True,3
c5796971c49cb0f7de2d0942,5,validation,N043,2026-02-09 06:00:00,3,64.44444444444444,64.44444444444444,0.0,True,24,True,3
dac732ae8a8a036874bef84d,5,test,N002,2026-02-21 14:00:00,1,94.0,94.0,0.0,True,24,True,1
7872670c70598f03325ae651,6,train,N027,2025-12-12 12:00:00,1,100.0,100.0,0.0,True,24,True,1
0c5c36e936aa6e5df6d1cb2e,4,train,N032,2025-12-26 00:00:00,6,100.0,100.0,0.0,True,24,True,6
b1f807559d4bdf6b0e04fee1,6,train,N026,2026-02-03 19:00:00,1,100.0,100.0,0.0,True,24,True,1
98d40f7224d60aaa8435d4bc,4,validation,N044,2026-02-07 02:00:00,1,78.0,78.0,0.0,True,24,True,1
e281476c3434eae242e1aff5,2,train,N009,2025-12-27 22:00:00,6,90.0,90.0,0.0,True,24,True,6
4f90321be05da1605c3f88f8,3,train,N014,2025-12-29 17:00:00,3,94.0,94.0,0.0,True,24,True,3
9fb950a5fe1d68b0c77e6709,3,train,N028,2025-12-21 20:00:00,3,92.55555555555556,92.55555555555556,0.0,True,24,True,3
e04ce9e5da659dc3956f298e,6,train,N035,2026-01-28 05:00:00,3,100.0,100.0,0.0,True,24,True,3
85a75e546dc1284f3fb8938f,6,train,N046,2025-12-19 21:00:00,3,89.0,89.0,0.0,True,24,True,3
e62825e127a234274db31d1a,5,train,N028,2026-01-12 21:00:00,3,100.0,100.0,0.0,True,24,True,3
59bf4f6a8842685e12bbca5e,6,train,N050,2025-12-19 21:00:00,3,44.25,44.25,0.0,True,24,True,3
9fc39ea498b42edb0f77b45a,5,train,N007,2026-02-07 22:00:00,3,90.0,90.0,0.0,True,24,True,3
a8f3f41e73170da5df27c4d9,5,train,N030,2025-12-22 06:00:00,6,98.0,98.0,0.0,True,24,True,6
2b8fcaa21c09f3b4d244d0af,2,validation,N045,2026-01-19 05:00:00,6,65.2,65.2,0.0,True,24,True,5
bf571dd801849a27aac60626,6,train,N023,2025-12-10 19:00:00,1,100.0,100.0,0.0,True,24,True,1
71426a70c9a62f1ec3620b8e,3,train,N024,2025-12-16 18:00:00,1,100.0,100.0,0.0,True,24,True,1
ac66ec2a8201b032dafbed29,3,train,N010,2026-01-16 22:00:00,1,94.0,94.0,0.0,True,24,True,1
9903d74d625ba53ec1f4348d,2,test,N005,2026-01-28 12:00:00,1,43.0,43.0,0.0,True,24,True,1
e844378412be024d6e9e24ec,3,train,N017,2025-12-21 06:00:00,6,99.0,99.0,0.0,True,24,True,5
1fef01bc0f1816f3d5071619,1,train,N017,2025-12-15 20:00:00,3,99.0,99.0,0.0,True,24,True,3
a9aed37268d9fc5904ac213c,6,train,N025,2026-01-16 04:00:00,3,98.0,98.0,0.0,True,24,True,3
209c54e30d7eb11114530336,5,train,N044,2025-12-18 11:00:00,3,65.94444444444444,65.94444444444444,0.0,True,24,True,3
e29bacee5a2cbc5d054c21d3,6,train,N021,2025-12-19 21:00:00,6,100.0,100.0,0.0,True,24,True,6
8a7e301f673142a357369f87,4,train,N008,2026-01-01 12:00:00,3,90.0,90.0,0.0,True,24,True,3
17622729f8815ac015c78f93,6,validation,N048,2026-02-16 16:00:00,1,61.333333333333336,61.333333333333336,0.0,True,24,True,1
6898569c469d417179b83c7d,3,test,N010,2026-02-05 01:00:00,3,94.0,94.0,0.0,True,24,True,3
30090c36b9dfba76d7a8b705,2,train,N012,2025-12-20 10:00:00,6,94.0,94.0,0.0,True,24,True,6
e9c3889bbc94f5dd25387499,1,train,N011,2025-12-19 21:00:00,1,94.0,94.0,0.0,True,24,True,1
2e9a6c8d7022ccdd9dcfe1d6,2,train,N001,2026-01-01 09:00:00,1,90.0,90.0,0.0,True,24,True,1
8050674554b75a682966955f,3,train,N021,2026-01-02 19:00:00,6,100.0,100.0,0.0,True,24,True,5
85b9e0a4e3a10c8d3932ab4f,6,train,N040,2026-01-03 02:00:00,6,100.0,100.0,0.0,True,24,True,5
ecea89a1972759ef6e6e9536,6,train,N045,2026-01-07 22:00:00,3,78.0,78.0,0.0,True,24,True,3
cc1fb36c92cca3ef3997d811,4,train,N042,2026-01-27 01:00:00,3,78.0,78.0,0.0,True,24,True,3
2fa325de129ad71c0aca99b6,6,train,N043,2025-12-28 07:00:00,6,69.70833333333333,69.70833333333333,0.0,True,24,True,6
704b2eae36d1a7474bba2300,4,test,N046,2026-02-14 02:00:00,1,89.0,89.0,0.0,True,24,True,1
77b4de54b273f1f48dd62d04,3,validation,N046,2026-01-26 22:00:00,1,88.0,88.0,0.0,True,24,True,1
20e9ec327cb0564cb2a4a322,6,test,N013,2026-02-23 00:00:00,3,94.0,94.0,0.0,True,24,True,3
cd4ffb0569b11753aff87bd4,5,train,N003,2025-12-24 20:00:00,1,90.0,90.0,0.0,True,24,True,1
59ab01fd484dd03aa5652291,5,train,N010,2026-02-03 19:00:00,6,94.0,94.0,0.0,True,24,True,5
606b8480bc3f4ddd7a458409,4,test,N027,2026-02-13 20:00:00,6,100.0,100.0,0.0,True,24,True,5
7924677d13b15246020e95b1,6,train,N024,2025-12-16 13:00:00,3,98.41666666666667,98.41666666666667,0.0,True,24,True,3
b459fab0a0a8278bb23e6b79,3,train,N014,2025-12-16 08:00:00,1,94.0,94.0,0.0,True,24,True,1
1147a64c1b2983ead3d9a728,2,train,N006,2025-12-12 13:00:00,6,90.0,90.0,0.0,True,24,True,6
4506a0646fa74dd0b9ff6fd0,3,train,N040,2025-12-31 03:00:00,3,100.0,100.0,0.0,True,24,True,3
7e646f071c805876376192f8,6,train,N050,2026-02-15 06:00:00,6,28.833333333333332,28.833333333333332,0.0,True,24,True,6
630897084fe6b89b1b465f10,2,train,N045,2026-01-04 16:00:00,6,69.77777777777777,69.77777777777777,0.0,True,24,True,6
ca79b528fe917caecfa1e5d7,1,validation,N004,2026-01-13 23:00:00,3,90.0,90.0,0.0,True,24,True,3
b35b0b24edc2e134a7b8622c,5,train,N021,2025-12-25 06:00:00,1,100.0,100.0,0.0,True,24,True,1
8a21f1a834cd3a9de12388d0,5,train,N047,2025-12-31 09:00:00,1,59.5,59.5,0.0,True,24,True,1
d5f8037aa44cac0546a5d69b,3,test,N030,2026-02-07 08:00:00,6,98.0,98.0,0.0,True,24,True,6
e59d43c7ef1776cc4dcde0c9,3,train,N029,2025-12-21 06:00:00,6,98.0,98.0,0.0,True,24,True,6
84433f3ffec4c97a3bd27ec7,1,train,N007,2025-12-26 05:00:00,6,90.0,90.0,0.0,True,24,True,6
6e575105ffd49fc89a040213,2,train,N044,2025-12-09 20:00:00,3,75.08333333333333,75.08333333333333,0.0,True,24,True,3
30292d40724e4d5535822f81,1,train,N008,2026-01-06 13:00:00,6,89.22222222222221,89.22222222222221,0.0,True,24,True,6
01f732f113986556fb79b198,5,train,N002,2025-12-13 14:00:00,6,93.91666666666667,93.91666666666667,0.0,True,24,True,6
fd6c35851dcc8455d3aeab4b,5,train,N035,2026-01-25 01:00:00,3,100.0,100.0,0.0,True,24,True,3
9fa6dd053adaf7dcc912caa8,6,train,N042,2025-12-30 14:00:00,6,63.430555555555564,63.430555555555564,0.0,True,24,True,6
dbd9ff0f83f1334b5328fa28,1,train,N007,2025-12-12 13:00:00,3,90.0,90.0,0.0,True,24,True,3
96b1c8c5692c4d9a1dff49a2,2,train,N017,2025-12-26 00:00:00,1,99.0,99.0,0.0,True,24,True,1
c81989cd1cbc06362af0daa0,2,train,N020,2025-12-23 15:00:00,6,100.0,100.0,0.0,True,24,True,6
4b9da3e18b82414a71b5594d,1,train,N020,2025-12-24 19:00:00,1,100.0,100.0,0.0,True,24,True,1
dab1090d337e3b72e71613d2,1,train,N036,2026-01-04 10:00:00,1,100.0,100.0,0.0,True,24,True,1
0259a310ec9504715ff40259,2,train,N025,2026-01-13 09:00:00,1,98.0,98.0,0.0,True,24,True,1
8e6ec3f95cefa22e8c65066d,6,train,N027,2025-12-11 16:00:00,3,100.0,100.0,0.0,True,24,True,3
d409421ae65d5b547beba653,5,train,N022,2026-02-07 13:00:00,6,98.0,98.0,0.0,True,24,True,6
2812cb8fca02a9200b5b429e,6,train,N026,2026-02-02 18:00:00,1,100.0,100.0,0.0,True,24,True,1
ec9bc152eef5e5c09be9e3e7,2,train,N026,2026-01-03 08:00:00,3,100.0,100.0,0.0,True,24,True,3
4c50cd3736b7d11695382cc2,3,train,N011,2025-12-22 22:00:00,1,94.0,94.0,0.0,True,24,True,1
a92791cec32681541d1bc30e,6,train,N023,2025-12-23 05:00:00,3,100.0,100.0,0.0,True,24,True,3
295afd28afa51d69c2c8ffde,5,train,N038,2026-01-26 07:00:00,3,100.0,100.0,0.0,True,24,True,3
12b66e7572c33fcacf42a277,5,train,N008,2026-01-26 18:00:00,1,90.0,90.0,0.0,True,24,True,1
2d3b165977d22a96505597ff,5,train,N028,2025-12-27 05:00:00,1,100.0,100.0,0.0,True,24,True,1
81381135beeeee73aaa0990a,4,train,N024,2026-01-06 04:00:00,1,100.0,100.0,0.0,True,24,True,1
1fd9aa567e2b8fd154840b4d,2,train,N037,2026-01-02 02:00:00,3,100.0,100.0,0.0,True,24,True,3
4d2f66b2395ec7666fdd7b24,4,validation,N046,2026-02-02 04:00:00,6,79.7,79.7,0.0,True,24,True,5
d07cffe87a0eb0e68135b5aa,3,train,N009,2025-12-19 23:00:00,6,90.0,90.0,0.0,True,24,True,6
311afec0d9c94dfe0b595ec3,4,validation,N049,2026-02-07 09:00:00,6,28.194444444444446,28.194444444444446,0.0,True,24,True,6
747e0f8a31ffa08e190f27e8,2,train,N021,2026-01-04 03:00:00,6,100.0,100.0,0.0,True,24,True,6
ddb75c801794afb4cc6134c0,6,test,N027,2026-02-26 18:00:00,3,100.0,100.0,0.0,True,24,True,3
4413e15636d494420296e6fb,5,train,N041,2026-01-17 20:00:00,6,88.0,88.0,0.0,True,24,True,5
730126f7682ccf29b7727ff7,2,train,N019,2026-01-14 03:00:00,6,98.0,98.0,0.0,True,24,True,5
bd3b13ff6806e06b1f855286,5,train,N004,2026-01-09 06:00:00,1,90.0,90.0,0.0,True,24,True,1
e0a9a3aef5b5d0fe8a7c299a,2,train,N017,2026-01-12 23:00:00,6,99.0,99.0,0.0,True,24,True,5
cea7279facf5a91fbd25ac2c,4,train,N026,2025-12-12 03:00:00,6,100.0,100.0,0.0,True,24,True,6
c2937d740951260763f690e0,6,validation,N022,2026-02-22 18:00:00,1,98.0,98.0,0.0,True,24,True,1
cb8d02b5ee25301cce136823,5,train,N034,2025-12-31 23:00:00,3,83.33333333333333,83.33333333333333,0.0,True,24,True,3
7fc6d056a922b5b01d860fba,4,train,N002,2026-01-10 18:00:00,6,94.0,94.0,0.0,True,24,True,6
b6bad9a5a4fd3030b7562bd7,2,train,N028,2025-12-16 12:00:00,1,100.0,100.0,0.0,True,24,True,1
ae7b70bd2dbeb684684062a0,1,train,N026,2025-12-18 17:00:00,1,100.0,100.0,0.0,True,24,True,1
b2157c007055f5f388b58a98,6,train,N043,2026-02-03 04:00:00,1,76.0,76.0,0.0,True,24,True,1
01defa0a9685209e01ce14c3,3,test,N031,2026-02-06 23:00:00,3,100.0,100.0,0.0,True,24,True,3
a74ff208f6a143ef7d8362f8,4,train,N004,2025-12-21 02:00:00,3,90.0,90.0,0.0,True,24,True,3
f97746cef3a99271ecdb36e7,2,train,N027,2026-01-04 07:00:00,6,99.33333333333333,99.33333333333333,0.0,True,24,True,6
560260aa52cb4329ca601363,3,test,N033,2026-02-03 03:00:00,3,100.0,100.0,0.0,True,24,True,3
d15d6949f27dcd5f246f15ef,6,train,N044,2026-01-26 11:00:00,1,62.5,62.5,0.0,True,24,True,1
ac3729fd0b059a28883ec31c,1,test,N015,2026-01-20 16:00:00,1,94.0,94.0,0.0,True,24,True,1
9f4c7d16922bfa9e78cbffc8,1,train,N048,2026-01-09 23:00:00,3,78.0,78.0,0.0,True,24,True,3
4cb20bd8cb91a6e191266996,6,train,N044,2026-01-11 12:00:00,1,61.666666666666664,61.666666666666664,0.0,True,24,True,1
5fe860a80af5dc28e9212d42,6,train,N034,2026-01-15 08:00:00,6,100.0,100.0,0.0,True,24,True,5
d0b79b5a8c74a4b91394211d,5,train,N005,2026-01-15 10:00:00,1,43.0,43.0,0.0,True,24,True,1
e3985b6a7d143fc3e6175ecb,5,train,N006,2026-02-02 18:00:00,6,90.0,90.0,0.0,True,24,True,5
882077868f1c534651f1f401,4,train,N014,2025-12-25 20:00:00,6,92.27777777777779,92.27777777777779,0.0,True,24,True,6
4b3a43158a43a617f85e64b8,6,train,N047,2026-01-06 11:00:00,6,62.27777777777778,62.27777777777778,0.0,True,24,True,6
17d19ba46c0fbca1edd44821,4,train,N015,2026-01-06 06:00:00,3,94.0,94.0,0.0,True,24,True,3
5e9ecaaeee8c35e2609a16c1,1,validation,N012,2026-01-16 20:00:00,3,94.0,94.0,0.0,True,24,True,3
c13efef7fefb7b4b093b636f,4,train,N034,2025-12-11 09:00:00,6,100.0,100.0,0.0,True,24,True,6
5f0d44f7727ca6a39324600d,2,validation,N038,2026-01-23 18:00:00,6,100.0,100.0,0.0,True,24,True,5
38721183a233a2eb37c1d2d8,6,train,N009,2026-02-02 23:00:00,3,90.0,90.0,0.0,True,24,True,3
962c1727fbcdfb7205695b9b,2,train,N051,2025-12-22 03:00:00,3,75.66666666666667,75.66666666666667,0.0,True,24,True,3
6a6543b32781a88e6a550320,5,train,N028,2026-02-01 17:00:00,6,100.0,100.0,0.0,True,24,True,5
8a45c481b52e14c32121546e,5,train,N036,2026-02-07 21:00:00,3,100.0,100.0,0.0,True,24,True,3
421593e987f64bb9b1b761f6,5,test,N012,2026-02-16 10:00:00,1,94.0,94.0,0.0,True,24,True,1
4ad2953104bd42db90f8db9c,4,train,N050,2026-01-15 11:00:00,6,32.9,32.9,0.0,True,24,True,5
d27a665ba7c6aa6537cdcbbd,5,train,N031,2025-12-10 07:00:00,3,100.0,100.0,0.0,True,24,True,3
1cc7cb8a079960a117b2cd2e,1,train,N041,2025-12-23 16:00:00,1,81.5,81.5,0.0,True,24,True,1
310ce10f2d026c01acd7baef,5,train,N001,2025-12-19 08:00:00,6,90.0,90.0,0.0,True,24,True,6
24864fc47500bb6804a6532f,6,train,N044,2026-02-05 13:00:00,1,64.0,64.0,0.0,True,24,True,1
38d6225c8d73dcc0b1d145d5,1,validation,N034,2026-01-14 04:00:00,6,100.0,100.0,0.0,True,24,True,6
52b19c6ed79886568f1f668e,1,train,N013,2025-12-10 14:00:00,3,94.0,94.0,0.0,True,24,True,3
a287dbf2626e40120b43d708,6,train,N025,2026-01-04 18:00:00,6,98.0,98.0,0.0,True,24,True,5
0208dceceef601358df260be,4,validation,N015,2026-02-05 00:00:00,3,94.0,94.0,0.0,True,24,True,3
e926c453d2c0a8e8309988ad,6,train,N023,2025-12-21 22:00:00,1,84.66666666666667,84.66666666666667,0.0,True,24,True,1
40df621cba000b01823c7042,1,train,N008,2025-12-16 14:00:00,1,90.0,90.0,0.0,True,24,True,1
3d888c7cc00542083453ffcf,6,validation,N005,2026-02-19 05:00:00,3,43.0,43.0,0.0,True,24,True,3
64af391348a60ad989e99e92,1,train,N029,2026-01-10 07:00:00,3,98.0,98.0,0.0,True,24,True,3
c973707af85d5786875bb409,4,train,N026,2025-12-25 21:00:00,6,98.25,98.25,0.0,True,24,True,6
2f9be374f7dc2d23f41b3430,5,train,N034,2025-12-22 08:00:00,3,100.0,100.0,0.0,True,24,True,3
7eb01db6ad7e2b00128a55e9,6,train,N020,2026-01-13 10:00:00,1,100.0,100.0,0.0,True,24,True,1
aa803ab2447878bda3592312,6,test,N031,2026-02-27 10:00:00,3,100.0,100.0,0.0,True,24,True,3
6c6aee0a76ed9528a74bfb09,5,train,N021,2026-01-01 23:00:00,3,100.0,100.0,0.0,True,24,True,3
1e83b2a396e91c1d296cc148,5,train,N024,2026-02-03 23:00:00,1,100.0,100.0,0.0,True,24,True,1
cb08b2102e1bb4f3fceed941,1,train,N038,2025-12-13 12:00:00,6,100.0,100.0,0.0,True,24,True,6
d8bf37d7cd442ad66a1cccb6,2,test,N016,2026-02-01 17:00:00,6,97.8,97.8,0.0,True,24,True,5
d507eabcfd3fca9e639fc56d,1,train,N029,2025-12-13 03:00:00,3,98.0,98.0,0.0,True,24,True,3
ddf2b07a0604213608865843,6,train,N010,2026-02-01 22:00:00,1,94.0,94.0,0.0,True,24,True,1
04a72f94d83c08626616bef8,3,train,N023,2026-01-03 07:00:00,1,100.0,100.0,0.0,True,24,True,1
d642241bf55f15badaf18ab7,6,train,N014,2025-12-23 20:00:00,3,94.0,94.0,0.0,True,24,True,3
7dab04cc6500a6af7737214b,6,train,N032,2025-12-16 22:00:00,6,100.0,100.0,0.0,True,24,True,6
3f1e70605ea8dfdd7ad8c4ed,6,validation,N010,2026-02-21 05:00:00,1,94.0,94.0,0.0,True,24,True,1
988355806c95de96e464d517,6,train,N039,2026-02-14 01:00:00,1,100.0,100.0,0.0,True,24,True,1
6fada7bb4fa4c722448b73d4,3,train,N013,2025-12-28 07:00:00,6,94.0,94.0,0.0,True,24,True,6
2bbf52ff85069e173d12e891,1,train,N032,2025-12-11 10:00:00,1,100.0,100.0,0.0,True,24,True,1
0f035a4a662ab892483f8a62,3,train,N041,2026-01-23 17:00:00,3,86.5,86.5,0.0,True,24,True,3
9e85dc762d552d1bd719cd39,3,train,N031,2026-01-10 01:00:00,1,100.0,100.0,0.0,True,24,True,1
95179923591dffd86689ff4a,4,train,N026,2026-01-14 10:00:00,1,100.0,100.0,0.0,True,24,True,1
249757e2801a56979c66da1d,5,train,N036,2026-01-30 23:00:00,1,100.0,100.0,0.0,True,24,True,1
c58d7719e252e40826ff8009,1,train,N017,2025-12-20 10:00:00,3,99.0,99.0,0.0,True,24,True,3
9d8312489d597d03c6fa4f18,1,test,N025,2026-01-19 00:00:00,6,98.0,98.0,0.0,True,24,True,5
d8c3978ec7ca423fb4f9e250,5,train,N015,2025-12-26 19:00:00,6,94.0,94.0,0.0,True,24,True,6
d3a6c6590e4f8a87fdb94027,6,train,N023,2026-01-14 14:00:00,1,100.0,100.0,0.0,True,24,True,1
f48ebc9ff0420434f49d21b4,4,train,N044,2026-01-03 20:00:00,6,75.7,75.7,0.0,True,24,True,5
2c34dafcd05afd2dee8874a9,4,train,N013,2026-01-06 03:00:00,1,94.0,94.0,0.0,True,24,True,1
4e9c308d4b26ece935f2ff9b,3,train,N001,2025-12-26 18:00:00,1,90.0,90.0,0.0,True,24,True,1
321db7a50a6280626375c469,4,train,N026,2026-01-07 15:00:00,6,100.0,100.0,0.0,True,24,True,6
7b97169bebebe09247147e76,3,train,N016,2025-12-10 20:00:00,1,99.0,99.0,0.0,True,24,True,1
d8b0e451fe95ad56231bad4d,5,train,N015,2025-12-25 22:00:00,3,91.77777777777777,91.77777777777777,0.0,True,24,True,3
