model,fold,horizon,calendar_day,n,MAE,RMSE,sMAPE
GRU,1,1,2026-01-19,827,1.5474456024477437,2.5399303006626353,2.0906072494481394
GRU,1,1,2026-01-20,821,1.240612970151603,2.1062249708492224,1.7795186959080478
GRU,1,1,2026-01-21,853,1.0148280492685449,1.7673977318150411,1.3619252401390043
GRU,1,1,2026-01-22,830,1.04048552608873,1.8676373853873443,1.4611295448549726
GRU,1,1,2026-01-23,932,0.881924333149442,1.5553770995454934,1.265702336265911
GRU,1,1,2026-01-24,938,1.8977372463888762,3.6563557227495527,2.479076970653303
GRU,1,1,2026-01-25,777,2.0275311480259903,3.4759823342850886,2.492323979165919
GRU,1,3,2026-01-19,370,1.390588774504485,2.142049075159949,1.9192946017839978
GRU,1,3,2026-01-20,366,1.181812192572922,1.7569390712461372,1.6880931229451435
GRU,1,3,2026-01-21,423,0.9395447228253594,1.446339722897988,1.1779818052433175
GRU,1,3,2026-01-22,364,1.073377510275742,1.6888034336963582,1.4629128483962166
GRU,1,3,2026-01-23,527,0.8936374435623193,1.4400739033993233,1.2082769351654739
GRU,1,3,2026-01-24,562,1.5814516216583274,2.682367751335669,2.0505478973205253
GRU,1,3,2026-01-25,307,1.7567727568354075,2.6011231653404803,2.2021397463704364
GRU,1,6,2026-01-19,426,1.1563640761636602,1.7943399500566783,1.6427278025320764
GRU,1,6,2026-01-20,450,1.005828438087746,1.4555838140990962,1.3709175945769274
GRU,1,6,2026-01-21,506,0.8617270699602815,1.2021097513724344,1.048399322766943
GRU,1,6,2026-01-22,493,1.0070039504547497,1.3969393482848365,1.310411265199025
GRU,1,6,2026-01-23,653,0.8820978274260746,1.198201842307403,1.1300838140315255
GRU,1,6,2026-01-24,669,1.2601792716547044,1.9368183204629865,1.670591203879277
GRU,1,6,2026-01-25,314,1.7236782508628723,2.405130552747034,2.1745015389652216
GRU,2,1,2026-01-26,875,1.2682067653111049,2.4579195849184665,1.9183079465511677
GRU,2,1,2026-01-27,847,0.9415716546329007,1.5792805928462157,1.3696283856351117
GRU,2,1,2026-01-28,909,0.927094284093055,1.6890942405281546,1.302429308538416
GRU,2,1,2026-01-29,909,1.0057196431194362,1.9769706743159685,1.3913157507080132
GRU,2,1,2026-01-30,993,0.8488654117129641,1.737990029733745,1.1953120366829422
GRU,2,1,2026-01-31,1044,0.9435415665816124,1.7449355762558225,1.2429952576218783
GRU,2,1,2026-02-01,963,1.2034846977391458,2.2597369266766694,1.7093969058495182
GRU,2,3,2026-01-26,446,1.3940294899629253,2.3058383388445116,2.1531247967945233
GRU,2,3,2026-01-27,396,0.7527748351234468,1.1771849713169396,1.0805780159347378
GRU,2,3,2026-01-28,510,0.7160241400580867,1.123255637138509,0.9799015227086397
GRU,2,3,2026-01-29,507,0.8513694555296665,1.3407312757786858,1.0998461194171785
GRU,2,3,2026-01-30,661,0.732086794445974,1.2249764055399415,1.0047533186777844
GRU,2,3,2026-01-31,739,0.8813353055629826,1.2657986115092552,1.1417332866436645
GRU,2,3,2026-02-01,577,1.1476645192665962,2.043106339259132,1.67812347668985
GRU,2,6,2026-01-26,553,1.3178223343002813,2.159665713342687,2.129662150396856
GRU,2,6,2026-01-27,476,0.8064271266164343,1.1958823768651,1.1407881031071336
GRU,2,6,2026-01-28,650,0.6026886759266215,0.8806654936253179,0.7817091990074372
GRU,2,6,2026-01-29,668,0.7221923074322545,1.0515702055287972,0.9353199648901067
GRU,2,6,2026-01-30,860,0.6180782813598737,0.9235042117840281,0.8278005598160736
GRU,2,6,2026-01-31,930,0.7590314517368696,1.0620929678420528,1.0067392593685769
GRU,2,6,2026-02-01,687,1.1722767318173608,2.128883397426609,1.8110482233877774
GRU,3,1,2026-02-02,1016,0.8939253706110223,1.7623427567848438,1.293919702834039
GRU,3,1,2026-02-03,983,1.1283420102669317,2.2344843979908973,1.5299648125501146
GRU,3,1,2026-02-04,1009,0.908623155052606,1.6625136169004897,1.326824298765522
GRU,3,1,2026-02-05,1055,0.8835233285591563,1.9342707510732182,1.2640989595281105
GRU,3,1,2026-02-06,1015,0.6913117336195939,1.3686242792260763,1.023459163071988
GRU,3,1,2026-02-07,1028,0.7278456999221716,1.247198926708369,1.0355287589625888
GRU,3,1,2026-02-08,1058,0.7596142013091497,1.5916625947912033,0.9833423195523722
GRU,3,3,2026-02-02,674,0.8224866850086066,1.4978641313826337,1.172001193466141
GRU,3,3,2026-02-03,672,0.9834893050437675,1.5834874867709263,1.3873108139849517
GRU,3,3,2026-02-04,685,0.7489690740935446,1.1793157541731645,1.0547927851404608
GRU,3,3,2026-02-05,800,0.797541621879295,1.352032148937123,1.1145886179866755
GRU,3,3,2026-02-06,663,0.5795591354476667,0.9734406318882443,0.7826825660895206
GRU,3,3,2026-02-07,754,0.7064447225879295,1.1669021698719566,0.9988708237246496
GRU,3,3,2026-02-08,779,0.6854604643897573,1.0080837694219282,0.8443488637925018
GRU,3,6,2026-02-02,894,0.710058708421652,1.179949918918754,0.975045627996016
GRU,3,6,2026-02-03,869,0.8019779898415839,1.208343735444272,1.1252309716213
GRU,3,6,2026-02-04,845,0.6783685264278081,1.110424407801767,0.9503470258724306
GRU,3,6,2026-02-05,990,0.7536930159580559,1.1489337742372638,1.0672146398148827
GRU,3,6,2026-02-06,876,0.45123014971021663,0.7133002829198337,0.6359294883894742
GRU,3,6,2026-02-07,951,0.6404136815490618,0.9400495616880928,0.853489025371446
GRU,3,6,2026-02-08,808,0.5323773094879475,0.7444446328245891,0.6761835309067676
GRU,4,1,2026-02-09,1075,0.7323296760342226,1.4795075250055056,1.0672644789666814
GRU,4,1,2026-02-10,818,0.6916880437907431,1.3313339638920156,1.024189816859813
GRU,4,1,2026-02-11,698,0.777708486552756,1.4761757908854147,1.2551957021849938
GRU,4,1,2026-02-12,733,1.1206276335462542,2.037538472122166,1.866470840240182
GRU,4,1,2026-02-13,838,1.927810134827,5.07951786915547,2.547942939782439
GRU,4,1,2026-02-14,1132,1.1378573461471935,2.0518793683694985,1.5712688953885956
GRU,4,1,2026-02-15,1063,2.032466818250383,4.048395577703335,2.771827606910119
GRU,4,3,2026-02-09,824,0.7131761731281852,1.2495022563994775,0.9893567161411694
GRU,4,3,2026-02-10,474,0.6420730460265743,1.0693310885509049,0.9239893294794729
GRU,4,3,2026-02-11,378,0.8408073994918546,1.4801669406304678,1.3002665339528814
GRU,4,3,2026-02-12,301,1.2123357041289595,2.1654677049250557,2.2187217064124485
GRU,4,3,2026-02-13,424,1.5952225441202927,3.1475985466885468,2.0863659116120807
GRU,4,3,2026-02-14,969,1.0835204108229874,1.7830088385835492,1.4858283348935728
GRU,4,3,2026-02-15,801,1.9791189202456685,3.4804456129910863,2.6935421892786806
GRU,4,6,2026-02-09,1008,0.6303383137043052,1.0316849800836994,0.9104072325068654
GRU,4,6,2026-02-10,523,0.600265249643082,1.0155003023332163,0.913232374606864
GRU,4,6,2026-02-11,398,0.6992391551869911,1.2278693567895023,1.1634469096972706
GRU,4,6,2026-02-12,317,1.2991547072096703,2.3866564703242954,2.592577359427044
GRU,4,6,2026-02-13,576,1.3702473480024453,2.2066652314278543,1.7419376753599347
GRU,4,6,2026-02-14,1127,1.0064536463642744,1.539570534977802,1.3870105917761018
GRU,4,6,2026-02-15,821,1.9105256495060816,3.1089013301205135,2.6162811636116117
GRU,5,1,2026-02-16,1126,0.7542247866323202,1.3164905902310333,1.061905737331514
GRU,5,1,2026-02-17,35,4.340347362699963,5.71493592454727,5.158430007971654
GRU,5,1,2026-02-18,812,3.9440398083140304,5.34345695800158,4.955755175140159
GRU,5,1,2026-02-19,823,1.146300073672326,2.00203870665118,1.5963987825584638
GRU,5,1,2026-02-20,860,0.6818597049368136,1.2357512998964926,1.0036893162325573
GRU,5,1,2026-02-21,1093,0.830632481134385,1.6754227069230403,1.0937677629067142
GRU,5,1,2026-02-22,777,1.6735093302094646,3.2930046850451444,2.064516137554955
GRU,5,3,2026-02-16,948,0.6703964086748095,1.0637598232897378,0.9399257006160727
GRU,5,3,2026-02-17,18,5.812438823558666,7.361433675706775,6.327029592757818
GRU,5,3,2026-02-18,350,4.135066452026368,5.331656794728139,5.1861881089785
GRU,5,3,2026-02-19,375,1.2862357697663482,2.0095984992022804,1.7455623799454645
GRU,5,3,2026-02-20,439,0.6859379414917495,1.1786066047545716,0.9119559882112471
GRU,5,3,2026-02-21,849,0.6937466948276695,1.1190140499104768,0.9251004815754416
GRU,5,3,2026-02-22,307,1.390560712065336,2.240626318795056,1.6832623809894025
GRU,5,6,2026-02-16,910,0.5821547869137743,0.8559513948270454,0.8168968369228445
GRU,5,6,2026-02-17,28,6.207204727899461,7.979916487726559,7.060608406761394
GRU,5,6,2026-02-18,405,4.587636434296031,5.832527479009527,5.783409084044085
GRU,5,6,2026-02-19,469,0.9794064460109124,1.5056160669819363,1.266787188662044
GRU,5,6,2026-02-20,564,0.6365244603138255,0.9744046844191433,0.8334050514601552
GRU,5,6,2026-02-21,999,0.6190857807326731,1.0573764327423536,0.9239903133454473
GRU,5,6,2026-02-22,314,1.269472824388249,1.9232808215666808,1.5547926250611666
GRU,6,1,2026-02-23,1016,0.8258169971843196,1.6385936059499318,1.161275225519023
GRU,6,1,2026-02-24,911,0.8937850074661056,1.8337396774048746,1.216945331610826
GRU,6,1,2026-02-25,1159,1.106544632866426,2.266092341406519,1.482585126976589
GRU,6,1,2026-02-26,1199,1.3255251199628433,2.920350997577239,1.7868037773341727
GRU,6,1,2026-02-27,1203,1.0099218556499332,2.4318775714759204,1.3533229049595212
GRU,6,1,2026-02-28,1148,0.7713362719262241,1.335762697056167,1.0471106807507815
GRU,6,3,2026-02-23,680,0.7830686562980702,1.3559802793921256,1.0523857693940577
GRU,6,3,2026-02-24,506,0.7802511719759659,1.287647585082462,1.0092593034746098
GRU,6,3,2026-02-25,1067,1.0176452330314174,2.1076050888301063,1.4064766737335996
GRU,6,3,2026-02-26,1149,1.298966276481581,2.2816893580309228,1.7360079313391108
GRU,6,3,2026-02-27,1161,0.905618318770762,1.7043931388060283,1.2288856597304867
GRU,6,3,2026-02-28,1003,0.7450972501039812,1.2087040269341394,1.0310529605748844
GRU,6,6,2026-02-23,909,0.7037265494240577,1.1245804109953792,0.9138876983541808
GRU,6,6,2026-02-24,680,0.7449633004930284,1.107857497855935,0.9327495873918114
GRU,6,6,2026-02-25,1179,0.9144147803720282,1.7910323033684619,1.2695459130190927
GRU,6,6,2026-02-26,1214,1.1922924459318789,1.874458864380811,1.5702530767679195
GRU,6,6,2026-02-27,1222,0.9005829098832067,1.6436609420670532,1.1915786707960543
GRU,6,6,2026-02-28,910,0.7897644022164132,1.2103130252776346,1.1168139131307955
HA,1,1,2026-01-19,827,1.9236690055358223,3.7178318198454954,2.987411393142073
HA,1,1,2026-01-20,821,1.6079791367562186,3.2208584590790315,2.5227785919594683
HA,1,1,2026-01-21,853,1.5153788752553983,3.096564623306007,2.3042906943312453
HA,1,1,2026-01-22,830,1.6344197928187358,3.2195149141186308,2.4903670346624263
HA,1,1,2026-01-23,932,1.5146211479525369,3.032187159779366,2.339135061432976
HA,1,1,2026-01-24,938,2.837785398189108,5.248970260172304,4.192996962349965
HA,1,1,2026-01-25,777,2.529560049835166,4.712346955932391,3.547843085296997
HA,1,3,2026-01-19,370,1.9504273858514276,3.6343073852904992,3.0951297693705513
HA,1,3,2026-01-20,366,1.5974492905135578,3.0546297190211407,2.591893353691622
HA,1,3,2026-01-21,423,1.3060474561085562,2.6382315668233067,1.8989760972333396
HA,1,3,2026-01-22,364,1.7276233980507205,3.155682839641665,2.552651714865775
HA,1,3,2026-01-23,527,1.4418583451105578,2.807791548515501,2.202232939809032
HA,1,3,2026-01-24,562,2.5000258099189057,4.377126816479221,3.7742914711835134
HA,1,3,2026-01-25,307,2.2756102289620235,3.820149368596421,3.219072584919448
HA,1,6,2026-01-19,426,1.8010400783039346,3.2112998824145182,2.847216214798027
HA,1,6,2026-01-20,450,1.3344129067880137,2.4771701579657313,2.0913215931137055
HA,1,6,2026-01-21,506,0.9674850086920815,1.9780391904163137,1.3539652441706802
HA,1,6,2026-01-22,493,1.5795680837263681,2.905845953744899,2.377211172919091
HA,1,6,2026-01-23,653,1.397656282714096,2.6171483686943775,2.1086904589965467
HA,1,6,2026-01-24,669,2.1877734226238847,3.7082523909119196,3.3394088092047793
HA,1,6,2026-01-25,314,1.9713932337021878,3.2234898831698304,2.7299120872577674
HA,2,1,2026-01-26,875,1.90149607921782,3.8530551748785418,3.1118152863896795
HA,2,1,2026-01-27,847,1.6098210553586223,3.2633916431058663,2.57541966895914
HA,2,1,2026-01-28,909,1.4742426282982708,2.97249946652415,2.263104813456785
HA,2,1,2026-01-29,909,1.6722738785668523,3.3040920903080293,2.50963728250533
HA,2,1,2026-01-30,993,1.649901314204313,3.312009154941532,2.5851018810848814
HA,2,1,2026-01-31,1044,1.8993480762759387,3.7589072856905603,2.996760092639766
HA,2,1,2026-02-01,963,2.2648970319061967,4.527734363645371,3.5945033920453144
HA,2,3,2026-01-26,446,1.845186649772975,3.6688183324998245,3.2669105142275243
HA,2,3,2026-01-27,396,1.694808279223715,3.1941288983496596,2.7841843273333375
HA,2,3,2026-01-28,510,1.2291679191173812,2.44029289089843,1.868936949542723
HA,2,3,2026-01-29,507,1.5203092384045775,2.866412741854428,2.187711643238031
HA,2,3,2026-01-30,661,1.5368271265175788,3.0676411512534623,2.4185018808833756
HA,2,3,2026-01-31,739,1.7224991167063035,3.3804455015143504,2.7326121297172463
HA,2,3,2026-02-01,577,2.14775835166151,4.200761406867745,3.362543089477087
HA,2,6,2026-01-26,553,1.7749875158149364,3.4672165170840916,3.194367155823161
HA,2,6,2026-01-27,476,1.380008249790395,2.4958022062062963,2.154534152639771
HA,2,6,2026-01-28,650,1.0866848612728284,2.07170207992933,1.612391156444621
HA,2,6,2026-01-29,668,1.3884495224384807,2.6411230423993297,1.9767972460087608
HA,2,6,2026-01-30,860,1.3211287673437624,2.5897700916368556,2.0471742155671233
HA,2,6,2026-01-31,930,1.5740808884815505,3.069093771685545,2.509943809915197
HA,2,6,2026-02-01,687,1.8907944337615648,3.750299976491316,3.042761432079651
HA,3,1,2026-02-02,1016,1.666146950458917,3.311272622564354,2.586424813243687
HA,3,1,2026-02-03,983,1.9303121233681737,3.809198826455822,3.0379680066874033
HA,3,1,2026-02-04,1009,1.6807572522650152,3.4105769673862247,2.6806053838563115
HA,3,1,2026-02-05,1055,1.7975423080661286,3.6661416577864614,2.9170909146254105
HA,3,1,2026-02-06,1015,1.6543600047946172,3.3468483502397715,2.6716958755176172
HA,3,1,2026-02-07,1028,1.7356693797229021,3.5539167073478732,2.842846991540377
HA,3,1,2026-02-08,1058,1.5259787902639732,3.121106674431752,2.266824365094353
HA,3,3,2026-02-02,674,1.4670866693634423,2.7881711719046787,2.2411289206538343
HA,3,3,2026-02-03,672,1.8974697337579476,3.525469447687635,3.103743980908218
HA,3,3,2026-02-04,685,1.6027134445945326,3.1418489512622485,2.5414002835289007
HA,3,3,2026-02-05,800,1.68259228070577,3.3280493837471696,2.7267634383601287
HA,3,3,2026-02-06,663,1.48510097518366,2.984430561000201,2.349197102316096
HA,3,3,2026-02-07,754,1.7560443518402788,3.532328890268654,2.9423093850403217
HA,3,3,2026-02-08,779,1.380666037698119,2.691186339769318,2.053096707544282
HA,3,6,2026-02-02,894,1.3583151452967457,2.5625144281668626,2.1153256898417108
HA,3,6,2026-02-03,869,1.5912402747217276,3.019672050290864,2.584931703684103
HA,3,6,2026-02-04,845,1.3096180458244404,2.5583486295608533,2.0551256263719617
HA,3,6,2026-02-05,990,1.3805284313882642,2.749647396936819,2.2083034602708236
HA,3,6,2026-02-06,876,1.4255724898695883,2.7851025099569675,2.353764799653504
HA,3,6,2026-02-07,951,1.550616941865408,3.1410382035676396,2.5171744635092117
HA,3,6,2026-02-08,808,1.210278344757617,2.359662446939517,1.8182789413482616
HA,4,1,2026-02-09,1075,1.7655329303593599,3.535153206277517,2.883591978803913
HA,4,1,2026-02-10,818,1.6601815678379646,3.4335273501649795,2.7805103047316733
HA,4,1,2026-02-11,698,1.8560361525163038,3.7883945974382187,3.1828475853534353
HA,4,1,2026-02-12,733,2.0124312119356014,4.042707373603676,3.51411616756533
HA,4,1,2026-02-13,838,2.1848046295967194,5.466991020603105,3.2183306401882765
HA,4,1,2026-02-14,1132,1.595384925779381,3.24455121712129,2.3741683066211974
HA,4,1,2026-02-15,1063,2.8236540695386605,5.523202649861806,4.196360686025823
HA,4,3,2026-02-09,824,1.75148703905371,3.353070049855861,2.827351004747172
HA,4,3,2026-02-10,474,1.6619745765110165,3.3857206119400685,2.8144853242902053
HA,4,3,2026-02-11,378,1.712153464468138,3.5910876200030426,2.9444138810611955
HA,4,3,2026-02-12,301,2.1322622936385374,4.184681759678131,3.921329116199866
HA,4,3,2026-02-13,424,2.065998531237588,3.892088251124589,3.0086519700443226
HA,4,3,2026-02-14,969,1.4977974836438939,2.8700979472762795,2.2205491333010454
HA,4,3,2026-02-15,801,2.653393659037382,4.732134774493011,3.904682502789858
HA,4,6,2026-02-09,1008,1.5333266496237834,2.9097443898969817,2.529679077827645
HA,4,6,2026-02-10,523,1.4411524453131743,2.9275228084750724,2.456492027899851
HA,4,6,2026-02-11,398,1.4861896487203545,3.0127189482960066,2.6393350773854296
HA,4,6,2026-02-12,317,2.094738328828755,4.093343062158259,4.123703128656089
HA,4,6,2026-02-13,576,1.9479911006527182,3.4560554210061416,2.935731828056203
HA,4,6,2026-02-14,1127,1.3153369911462376,2.4014981691714055,1.919339849683335
HA,4,6,2026-02-15,821,2.331357804614743,3.9316299661380523,3.477498716950192
HA,5,1,2026-02-16,1126,1.514790301777471,3.1723390940586396,2.5196828473427635
HA,5,1,2026-02-17,35,1.9870700291224888,4.409525041273211,3.284038376002292
HA,5,1,2026-02-18,812,2.464651126579698,4.752521665076882,3.5052072766341884
HA,5,1,2026-02-19,823,1.5980753058506536,3.297303261807662,2.521819320243038
HA,5,1,2026-02-20,860,1.5821308357771053,3.3023187361140907,2.558413164802234
HA,5,1,2026-02-21,1093,1.502765832350144,3.1768126529629845,2.2631407473057013
HA,5,1,2026-02-22,777,2.4946084188218283,4.799368582075198,3.530895759479092
HA,5,3,2026-02-16,948,1.3893936325337928,2.85674679898631,2.324843650647176
HA,5,3,2026-02-17,18,0.8510759141710069,2.105762119801961,1.0452397111617784
HA,5,3,2026-02-18,350,2.24049196879069,3.89984764809951,3.1906970148516995
HA,5,3,2026-02-19,375,1.6549290161132812,3.2116913346531977,2.7256190086728815
HA,5,3,2026-02-20,439,1.7233165469660814,3.2707819976932,2.7720481797022978
HA,5,3,2026-02-21,849,1.3479201535625678,2.7086890636022667,2.013214354713065
HA,5,3,2026-02-22,307,2.2698574335386126,3.902914645207517,3.24224590977942
HA,5,6,2026-02-16,910,1.1881857690124136,2.370191064488684,2.035991028162719
HA,5,6,2026-02-17,28,0.8233450480869838,2.8015974679100526,1.460731661822885
HA,5,6,2026-02-18,405,2.0565992152838057,3.510163579416681,2.9110985164695076
HA,5,6,2026-02-19,469,1.5525529862805811,2.9975316328192525,2.5512920687811276
HA,5,6,2026-02-20,564,1.5817889271428776,2.962329427513141,2.4610632078872023
HA,5,6,2026-02-21,999,1.1882624727456403,2.431758982538898,1.8193077715506645
HA,5,6,2026-02-22,314,1.9653940909480843,3.3018573547964127,2.7454154629067147
HA,6,1,2026-02-23,1016,1.638863208099926,3.34952235167568,2.574259378059875
HA,6,1,2026-02-24,911,1.6765165472048087,3.385036896931446,2.5263486237907746
HA,6,1,2026-02-25,1159,1.5396640350806978,3.174908260150068,2.209494815404545
HA,6,1,2026-02-26,1199,1.939459867798225,3.953646769137821,2.8343162521799536
HA,6,1,2026-02-27,1203,1.9586146802048698,4.078516120574822,2.971062632923637
HA,6,1,2026-02-28,1148,1.4196116484000707,2.914020175211538,2.1522701880160477
HA,6,3,2026-02-23,680,1.4279897814482645,2.7902822834902166,2.206726730217876
HA,6,3,2026-02-24,506,1.5878619167644519,2.9782332384881967,2.2858559091927595
HA,6,3,2026-02-25,1067,1.3922663613879211,2.816974504900146,2.0260002677804865
HA,6,3,2026-02-26,1149,1.7682288774564687,3.2494389717292154,2.577964696377908
HA,6,3,2026-02-27,1161,1.8816765000208884,3.5692320701240514,2.873554756133877
HA,6,3,2026-02-28,1003,1.2815793156689872,2.5428971134182667,1.9765466372258416
HA,6,6,2026-02-23,909,1.2961933217586623,2.476557039083886,2.0037418038741874
HA,6,6,2026-02-24,680,1.4058550014371185,2.6672620284023028,1.9960423840371815
HA,6,6,2026-02-25,1179,1.2345204704298331,2.56669601482163,1.8350894427330944
HA,6,6,2026-02-26,1214,1.5859961172959622,2.798242418527386,2.3187199270126757
HA,6,6,2026-02-27,1222,1.6511075970389057,3.1110864905548015,2.504575260980474
HA,6,6,2026-02-28,910,1.028097367991167,2.023541872082353,1.5946483958307422
Persistence,1,1,2026-01-19,827,1.021564048498862,3.0845981292982776,1.61033477802271
Persistence,1,1,2026-01-20,821,0.7831913868811612,2.592620491211536,1.313397425318166
Persistence,1,1,2026-01-21,853,0.7370067907967215,2.4125718416869804,1.173926579675574
Persistence,1,1,2026-01-22,830,0.76867484050709,2.500481888457867,1.2980371595630698
Persistence,1,1,2026-01-23,932,0.5486410933571777,2.054413042470727,0.9816056777420755
Persistence,1,1,2026-01-24,938,1.8919688687903076,4.762881705819743,2.5694760741719627
Persistence,1,1,2026-01-25,777,1.9015445371933006,4.437431451434993,2.4415690781795063
Persistence,1,3,2026-01-19,370,1.4914415939778611,3.475915790869022,2.288278296819155
Persistence,1,3,2026-01-20,366,1.076047530573084,3.0848283911588075,1.7594334213324592
Persistence,1,3,2026-01-21,423,0.7815867184913105,2.5629326492583537,1.2150550433020852
Persistence,1,3,2026-01-22,364,1.154762026466837,3.1854082053763855,1.903292069886449
Persistence,1,3,2026-01-23,527,0.6689860184216783,2.246587946133101,1.1769704477718885
Persistence,1,3,2026-01-24,562,1.8941282653206546,4.0024596262845105,2.617101773185378
Persistence,1,3,2026-01-25,307,2.172638550770473,4.3164290964585925,2.816566314886737
Persistence,1,6,2026-01-19,426,1.6639020814461645,3.8696044695483143,2.4828966585319763
Persistence,1,6,2026-01-20,450,1.2320001462336467,3.3381900525441046,1.9883622360251823
Persistence,1,6,2026-01-21,506,0.7388670824281156,2.3611998332299153,1.1552020166750778
Persistence,1,6,2026-01-22,493,1.401183361817326,3.6501043772956514,2.2566061826727046
Persistence,1,6,2026-01-23,653,0.938786941958831,2.797910646982641,1.5860205414501376
Persistence,1,6,2026-01-24,669,2.508665630164162,4.755436909767253,3.5504800437316164
Persistence,1,6,2026-01-25,314,2.3114120186995897,4.565620656304097,3.143289849950744
Persistence,2,1,2026-01-26,875,0.996761987230213,3.100163835432573,1.6024364156960904
Persistence,2,1,2026-01-27,847,0.6526958657899602,2.3078739518659144,1.1485595389176586
Persistence,2,1,2026-01-28,909,0.6070774336680077,2.1949578694157807,1.0523765285594164
Persistence,2,1,2026-01-29,909,0.893839475890206,2.705455715770729,1.3927473437992675
Persistence,2,1,2026-01-30,993,0.7098019990238449,2.395803288981781,1.1419495173377314
Persistence,2,1,2026-01-31,1044,0.8181673776257115,2.4768349711703315,1.2154425356954766
Persistence,2,1,2026-02-01,963,1.0228453393594317,2.9376133389836014,1.6157086972490016
Persistence,2,3,2026-01-26,446,1.3410563583452284,3.6672629831635772,2.3921179970795543
Persistence,2,3,2026-01-27,396,1.1275253319832137,3.3766856535203353,1.9531673207244555
Persistence,2,3,2026-01-28,510,0.7685185541771006,2.4468904103247735,1.2586131135670438
Persistence,2,3,2026-01-29,507,1.1983345069135334,3.112531439500959,1.8092698711982311
Persistence,2,3,2026-01-30,661,0.8828375106910505,2.7355574050247693,1.449982816132187
Persistence,2,3,2026-01-31,739,1.0808901077637558,2.826560346179052,1.6511195450644427
Persistence,2,3,2026-02-01,577,1.1735991616088985,3.140089050255567,1.854193612275721
Persistence,2,6,2026-01-26,553,1.8204440854200254,4.4393159823935076,3.291045584377503
Persistence,2,6,2026-01-27,476,1.4375350580921908,3.730539827595955,2.2970624541715963
Persistence,2,6,2026-01-28,650,1.0232820702398178,2.981115294033798,1.5797613212330284
Persistence,2,6,2026-01-29,668,1.4979208702706956,3.5934225759514042,2.2618976245769145
Persistence,2,6,2026-01-30,860,1.1698579220308685,3.263135826231692,1.8121623107471592
Persistence,2,6,2026-01-31,930,1.519826788663988,3.5836026828780585,2.372729725198212
Persistence,2,6,2026-02-01,687,1.360585532345857,3.515153239424321,2.2081834761037986
Persistence,3,1,2026-02-02,1016,0.7463912807438332,2.3636251715891254,1.2585228761887013
Persistence,3,1,2026-02-03,983,1.0971517660125336,3.0737859826859055,1.5965084020203004
Persistence,3,1,2026-02-04,1009,0.7626364738161161,2.4709467117767727,1.3196921326222462
Persistence,3,1,2026-02-05,1055,0.8799369764918512,2.791801329364105,1.425118593066626
Persistence,3,1,2026-02-06,1015,0.62807902919181,2.159302873759645,1.1036162785734194
Persistence,3,1,2026-02-07,1028,0.5789561249122355,1.8371835446282572,1.0330480554284613
Persistence,3,1,2026-02-08,1058,0.5713612351350631,2.224631815945867,0.8648376797853724
Persistence,3,3,2026-02-02,674,1.06750762487291,2.9108537538896684,1.7234896845874181
Persistence,3,3,2026-02-03,672,1.3092759440685606,3.1794892285379035,2.0804208423276367
Persistence,3,3,2026-02-04,685,1.0298460862433003,2.996002252785328,1.7711646141260402
Persistence,3,3,2026-02-05,800,1.210347362032756,3.2168789026976947,2.018080277450486
Persistence,3,3,2026-02-06,663,0.874141318018511,2.768481168947323,1.4885700078535111
Persistence,3,3,2026-02-07,754,0.8963308622216385,2.5442919844702825,1.4841313599082648
Persistence,3,3,2026-02-08,779,0.6743690206024286,2.238347695174957,1.0095148012263384
Persistence,3,6,2026-02-02,894,1.2570409510345313,3.2831084970662783,2.067233253125495
Persistence,3,6,2026-02-03,869,1.5935847156187357,3.7756946573248373,2.5595690441394376
Persistence,3,6,2026-02-04,845,1.2900067155155384,3.5975086397451825,2.151778499390765
Persistence,3,6,2026-02-05,990,1.355070285558567,3.6081862890293595,2.2296748601095886
Persistence,3,6,2026-02-06,876,1.123535187249909,3.197239761902798,1.9339509463040996
Persistence,3,6,2026-02-07,951,1.20668320387553,3.288582087730925,1.9767049859172017
Persistence,3,6,2026-02-08,808,0.8392637949819459,2.5916909592745676,1.3160658276433417
Persistence,4,1,2026-02-09,1075,0.6744187509499738,2.1374234282042397,1.1485355716835532
Persistence,4,1,2026-02-10,818,0.598207190599476,2.4555405552628726,1.1320735253801397
Persistence,4,1,2026-02-11,698,0.7681471899779028,2.8722881767902226,1.4773674076169347
Persistence,4,1,2026-02-12,733,0.9095044472931252,2.8543943196296997,1.6089575662915907
Persistence,4,1,2026-02-13,838,2.1145585939792877,6.919887631587182,2.8940237987398225
Persistence,4,1,2026-02-14,1132,0.705241589805341,2.352570332708112,1.0871592247473547
Persistence,4,1,2026-02-15,1063,2.13593615510279,5.030597856495993,2.947507314011375
Persistence,4,3,2026-02-09,824,1.0212380217935189,2.8041327285558633,1.7110544027353476
Persistence,4,3,2026-02-10,474,0.9893344362216507,3.4148237052985873,1.8806703937646434
Persistence,4,3,2026-02-11,378,1.1299236888608755,3.7398346305017465,2.0467654267597224
Persistence,4,3,2026-02-12,301,1.2742710389410525,3.513568840290586,2.3788371860510615
Persistence,4,3,2026-02-13,424,1.839884806213901,4.784084250070899,2.5763676939490696
Persistence,4,3,2026-02-14,969,0.9437852273514328,2.6858414485776763,1.4403287706480026
Persistence,4,3,2026-02-15,801,2.3271606105202527,4.74940077296534,3.31111261819697
Persistence,4,6,2026-02-09,1008,1.4106593257651776,3.586792747552376,2.408659457720073
Persistence,4,6,2026-02-10,523,1.6038773190091107,4.6286929362805855,2.955762131264678
Persistence,4,6,2026-02-11,398,1.865410452317713,4.960205266272173,3.3728733187045763
Persistence,4,6,2026-02-12,317,1.4844200054271735,3.7993700177037253,2.600903204941367
Persistence,4,6,2026-02-13,576,2.4619020856607765,5.57398296210298,3.651878026175835
Persistence,4,6,2026-02-14,1127,1.2794933920527631,3.2563377167910805,1.9425731682797096
Persistence,4,6,2026-02-15,821,2.680471053228714,4.896402620301926,3.855700588453272
Persistence,5,1,2026-02-16,1126,0.5448492510181917,1.9233583704408819,0.96588177082173
Persistence,5,1,2026-02-17,35,0.45000015772996077,1.7378260286327185,0.8849885654858228
Persistence,5,1,2026-02-18,812,1.867405778843509,4.456135427642025,2.432083113743713
Persistence,5,1,2026-02-19,823,0.8456867553413754,2.725492840545998,1.3932636178327409
Persistence,5,1,2026-02-20,860,0.6941862774926933,2.403485852976209,1.2066339107736102
Persistence,5,1,2026-02-21,1093,0.5693811286729187,2.2240221457069604,0.869900625024273
Persistence,5,1,2026-02-22,777,1.9028315987138922,4.48460114391206,2.4663559069542176
Persistence,5,3,2026-02-16,948,0.6724099531832413,2.293465817430004,1.2051876025583788
Persistence,5,3,2026-02-17,18,0.01388907893778916,0.05892550528476374,0.01783503748622851
Persistence,5,3,2026-02-18,350,2.318571601593776,4.542244399328668,2.9940745953199106
Persistence,5,3,2026-02-19,375,1.1075557994372094,3.117691513747846,1.8284414693063482
Persistence,5,3,2026-02-20,439,1.2266517104586883,3.4047721472123063,2.016036359403365
Persistence,5,3,2026-02-21,849,0.6809320295573082,2.2699691382738814,1.0340644627320132
Persistence,5,3,2026-02-22,307,2.21064078151236,4.384975831375701,2.8800946061270953
Persistence,5,6,2026-02-16,910,0.9153299002526855,2.939096503832343,1.5868311546796117
Persistence,5,6,2026-02-17,28,0.2559525891834597,1.3543727105495804,0.5179476969239682
Persistence,5,6,2026-02-18,405,2.723868461980134,5.130133162283391,3.7393925065278273
Persistence,5,6,2026-02-19,469,1.4416846529948186,3.6738733265970724,2.4350557113707003
Persistence,5,6,2026-02-20,564,1.602443090369577,3.9156761825076094,2.5071905524220663
Persistence,5,6,2026-02-21,999,0.9284036005474945,2.7734299628693755,1.514526906134263
Persistence,5,6,2026-02-22,314,2.3435776292847996,4.60405416248811,3.1959620992806297
Persistence,6,1,2026-02-23,1016,0.7800197863937194,2.4587753434227286,1.320745019891019
Persistence,6,1,2026-02-24,911,0.9330407276410897,2.773704772169505,1.4427117599183923
Persistence,6,1,2026-02-25,1159,0.8568451198636622,2.458744236190306,1.1450898832709457
Persistence,6,1,2026-02-26,1199,1.2462469987074722,3.557180974892961,1.6956924331075114
Persistence,6,1,2026-02-27,1203,1.069548478608738,3.2671508896153947,1.5268280719512726
Persistence,6,1,2026-02-28,1148,0.4994194067930352,1.613986689429708,0.743938373127249
Persistence,6,3,2026-02-23,680,1.085457602544581,2.966344709865054,1.7573549107677322
Persistence,6,3,2026-02-24,506,1.3069829776971875,3.2166828296648,1.9635613943631434
Persistence,6,3,2026-02-25,1067,0.893913473485991,2.3110679821816613,1.2166852851068557
Persistence,6,3,2026-02-26,1149,1.587274083970242,3.581043714763277,2.2187008919546702
Persistence,6,3,2026-02-27,1161,1.3943201424553844,3.260971365059369,2.079303594548107
Persistence,6,3,2026-02-28,1003,0.7436580408396987,2.0682729614028994,1.1303997073985104
Persistence,6,6,2026-02-23,909,1.2682435930056972,3.3482443047537975,2.0639590478160286
Persistence,6,6,2026-02-24,680,1.6418465137799085,3.6671541426157908,2.4188842037515683
Persistence,6,6,2026-02-25,1179,1.1459783080371344,2.777095572390027,1.6495630135063792
Persistence,6,6,2026-02-26,1214,1.9192935397719204,4.076430837671014,2.7250765998539617
Persistence,6,6,2026-02-27,1222,1.8009207613087488,4.019646673080508,2.701686519447837
Persistence,6,6,2026-02-28,910,0.894649058569265,2.384515828851072,1.4062316841035476
Ridge,1,1,2026-01-19,827,1.4103127878935573,2.6635081412042885,2.003584315424958
Ridge,1,1,2026-01-20,821,1.2373244393612377,2.0944686131263315,1.7460368405775044
Ridge,1,1,2026-01-21,853,1.0257265941385834,1.7653141907798977,1.3821440668546008
Ridge,1,1,2026-01-22,830,0.9834642846900297,1.787831677919937,1.3961444395287272
Ridge,1,1,2026-01-23,932,0.8889878440824189,1.5242619410720637,1.26995998745521
Ridge,1,1,2026-01-24,938,2.025289016322371,3.8500801161484035,2.670422329795362
Ridge,1,1,2026-01-25,777,1.947854301030418,3.5886094182378843,2.388289573443222
Ridge,1,3,2026-01-19,370,1.3408020695408542,2.4076612663284958,1.97499355783131
Ridge,1,3,2026-01-20,366,1.0885074316695305,1.702867753111,1.5584459365434145
Ridge,1,3,2026-01-21,423,0.7330586097983824,1.2367472334842473,0.9474213521785
Ridge,1,3,2026-01-22,364,0.7970743004655663,1.383580075882053,1.1464770935286328
Ridge,1,3,2026-01-23,527,0.7528711303286276,1.168319226795707,1.0529426574866227
Ridge,1,3,2026-01-24,562,1.71735684736862,2.940777805504125,2.319370496813539
Ridge,1,3,2026-01-25,307,1.734800618323907,2.752944019241254,2.098518327224986
Ridge,1,6,2026-01-19,426,1.3123507681276008,2.1557072602504164,1.959034857520105
Ridge,1,6,2026-01-20,450,1.0824374248363353,1.458169827980332,1.4329775570533996
Ridge,1,6,2026-01-21,506,0.6958693764426491,0.9424820096496471,0.8457144862402712
Ridge,1,6,2026-01-22,493,0.6286969121039278,0.9908377267724341,0.8555379775655931
Ridge,1,6,2026-01-23,653,0.6794581605561719,0.9655203983202372,0.8976601063972501
Ridge,1,6,2026-01-24,669,1.6149779571447038,2.4460201542665363,2.2243214505955855
Ridge,1,6,2026-01-25,314,1.407782810964402,2.100793957999569,1.681949694465507
Ridge,2,1,2026-01-26,875,1.4005866946265813,2.6684001428809325,2.037681955970615
Ridge,2,1,2026-01-27,847,0.9571209561867021,1.6250730403279152,1.3996715534315327
Ridge,2,1,2026-01-28,909,0.7985585894303134,1.5459363161219022,1.1360186810063078
Ridge,2,1,2026-01-29,909,0.9220777259102049,1.9665184388670496,1.3091905446038878
Ridge,2,1,2026-01-30,993,0.9004705774179839,1.7767370487523166,1.2689779581346592
Ridge,2,1,2026-01-31,1044,1.0394880799041397,1.915837461925303,1.4097296238940051
Ridge,2,1,2026-02-01,963,1.1284408344864307,2.268810957620163,1.600116655784345
Ridge,2,3,2026-01-26,446,1.4911927345325298,2.776709844508847,2.3251644491012833
Ridge,2,3,2026-01-27,396,0.9844060163572849,1.5253336889845284,1.4512043391642333
Ridge,2,3,2026-01-28,510,0.6563523261375678,1.1478040691142801,0.9157371838703053
Ridge,2,3,2026-01-29,507,0.8010683638626823,1.464923226606476,1.0958491451423675
Ridge,2,3,2026-01-30,661,0.8319045531887994,1.4391769796475202,1.2044157948996326
Ridge,2,3,2026-01-31,739,0.9536938017032286,1.5664581624218343,1.3269557390185367
Ridge,2,3,2026-02-01,577,1.0694314621327219,1.924255715339712,1.518473735522825
Ridge,2,6,2026-01-26,553,1.5933011493985614,2.6759940079666387,2.4134602666564304
Ridge,2,6,2026-01-27,476,0.9226422040068469,1.295666400654755,1.2442124539144483
Ridge,2,6,2026-01-28,650,0.6207201085538945,0.9674540831885011,0.8070008548618042
Ridge,2,6,2026-01-29,668,0.6716609694683304,1.1905613717521277,0.8922499170260233
Ridge,2,6,2026-01-30,860,0.7185318994645306,1.1724248692047718,1.0008248896127538
Ridge,2,6,2026-01-31,930,0.936419364628399,1.419618635325542,1.321657560513656
Ridge,2,6,2026-02-01,687,0.9656137878872055,1.6590136836945732,1.3749077795716607
Ridge,3,1,2026-02-02,1016,1.0230315726573074,2.1064604225957213,1.5170845161185667
Ridge,3,1,2026-02-03,983,1.127009252403986,2.1788648086184437,1.5189308044589014
Ridge,3,1,2026-02-04,1009,0.9005102605602313,1.7951466362252075,1.3628564994811827
Ridge,3,1,2026-02-05,1055,0.920731463439845,1.9607149898295926,1.345092462901293
Ridge,3,1,2026-02-06,1015,0.7655910385457557,1.432948539581322,1.1308028151318539
Ridge,3,1,2026-02-07,1028,0.8933154649153139,1.4269500938586652,1.264973177997312
Ridge,3,1,2026-02-08,1058,0.7648972846008953,1.684690037776056,1.0264509921373788
Ridge,3,3,2026-02-02,674,1.16813882789398,2.024525887305706,1.663483297070077
Ridge,3,3,2026-02-03,672,0.9288579629211831,1.4915034257321744,1.3176631473747031
Ridge,3,3,2026-02-04,685,0.8125929740416937,1.4018684997889719,1.2258868487288825
Ridge,3,3,2026-02-05,800,0.7815535063213772,1.3874578320964617,1.1584967890225404
Ridge,3,3,2026-02-06,663,0.7029178671167986,1.0940074205324024,0.9663945005813233
Ridge,3,3,2026-02-07,754,0.9293164327156568,1.4443352489428736,1.3142414922082155
Ridge,3,3,2026-02-08,779,0.6765993428696172,1.1615081087298431,0.9309457790936779
Ridge,3,6,2026-02-02,894,1.062837400348691,1.7091498216486032,1.5120837269397671
Ridge,3,6,2026-02-03,869,0.7746203027590357,1.1643826547023512,1.0855450801266162
Ridge,3,6,2026-02-04,845,0.6735545877811548,1.1698891568622576,1.005131560963214
Ridge,3,6,2026-02-05,990,0.6594306902130846,1.0455048799523425,0.9544757251139133
Ridge,3,6,2026-02-06,876,0.6556767664483086,0.9046099468127377,0.9130328315422421
Ridge,3,6,2026-02-07,951,0.8243305683637393,1.1562841045394523,1.1233018122857956
Ridge,3,6,2026-02-08,808,0.658027668544824,1.1097859450943321,0.955902942389374
Ridge,4,1,2026-02-09,1075,0.9681715475866036,1.9246289793260927,1.4186344012140915
Ridge,4,1,2026-02-10,818,0.7436452693053155,1.552151626299182,1.1421172080948083
Ridge,4,1,2026-02-11,698,0.8352726296003137,1.8108650103717585,1.3505438685658477
Ridge,4,1,2026-02-12,733,0.9261698356375146,1.9656750058284527,1.5052546764949915
Ridge,4,1,2026-02-13,838,1.8279572534674962,5.118491250308129,2.392773437708287
Ridge,4,1,2026-02-14,1132,1.2273607692111927,2.191268536523793,1.6293991704852115
Ridge,4,1,2026-02-15,1063,2.1471896107273816,4.183387863079694,2.8877665250887907
Ridge,4,3,2026-02-09,824,0.999543506350718,1.9100262737768459,1.4842704846939099
Ridge,4,3,2026-02-10,474,0.7226626418087331,1.3816284390068816,1.1611820898086642
Ridge,4,3,2026-02-11,378,0.781748284458203,1.5011770140091611,1.1847718380021341
Ridge,4,3,2026-02-12,301,0.8354668432427931,1.62838870820857,1.4541343032156868
Ridge,4,3,2026-02-13,424,1.6371807492254167,3.1069620933651487,2.090902687037674
Ridge,4,3,2026-02-14,969,1.1384345409916896,1.8564670439838313,1.5261535009361902
Ridge,4,3,2026-02-15,801,2.1012504113036328,3.536969734579189,2.8260145616508
Ridge,4,6,2026-02-09,1008,1.056277090657956,1.7346152562152277,1.5772621587705908
Ridge,4,6,2026-02-10,523,0.7249225779351649,1.2363729286386147,1.1267535216671702
Ridge,4,6,2026-02-11,398,0.7192544914769569,1.3550180399183651,1.1430339697409848
Ridge,4,6,2026-02-12,317,0.8359346044134601,1.5276414206145537,1.5866641597102387
Ridge,4,6,2026-02-13,576,1.637040122055713,2.62214271607917,2.180786322845634
Ridge,4,6,2026-02-14,1127,1.0601809206322006,1.5612780828779609,1.4325434643246153
Ridge,4,6,2026-02-15,821,2.108111026364841,3.2968174276061397,2.85096632838791
Ridge,5,1,2026-02-16,1126,0.9590461701595832,1.631604732745711,1.3212999847961258
Ridge,5,1,2026-02-17,35,3.3721897670200893,3.8716448208682914,4.29870158668756
Ridge,5,1,2026-02-18,812,4.7328355394560715,5.581909317080683,5.698850610168081
Ridge,5,1,2026-02-19,823,1.2703716004604557,2.459248759796599,1.7651792792871472
Ridge,5,1,2026-02-20,860,0.795683532537416,1.5771083723482142,1.1627559458084407
Ridge,5,1,2026-02-21,1093,0.9208103946593884,1.7693359559370283,1.2055981893581942
Ridge,5,1,2026-02-22,777,1.7708815350035443,3.6014510828283637,2.2383504488648933
Ridge,5,3,2026-02-16,948,0.8713536363110761,1.4281769318586213,1.186501863970254
Ridge,5,3,2026-02-17,18,5.1857278611924915,5.191043246901028,5.65042474303532
Ridge,5,3,2026-02-18,350,5.034427097865513,5.929928712353966,6.130870707753387
Ridge,5,3,2026-02-19,375,1.3151409505208334,2.365634120737232,1.8465863329060848
Ridge,5,3,2026-02-20,439,0.9093959627800787,1.5785315364284216,1.272600050001903
Ridge,5,3,2026-02-21,849,0.8345072710955583,1.3032977551514413,1.098292466296432
Ridge,5,3,2026-02-22,307,1.614787802763534,2.814419014175352,2.0592114864967686
Ridge,5,6,2026-02-16,910,0.8812878771957753,1.4312095073480504,1.2039170125934304
Ridge,5,6,2026-02-17,28,5.495243753705706,5.737156788218703,6.455984780384891
Ridge,5,6,2026-02-18,405,6.018597779450594,6.722507751581535,7.2196424659276195
Ridge,5,6,2026-02-19,469,1.2469941687566979,2.0109986678086798,1.7496081048813277
Ridge,5,6,2026-02-20,564,0.8156953226965746,1.2638064369579005,1.0981036033472549
Ridge,5,6,2026-02-21,999,0.7911562596633905,1.19644933004156,1.0595735311198762
Ridge,5,6,2026-02-22,314,1.584039582011553,2.4879573073695638,2.050104251743465
Ridge,6,1,2026-02-23,1016,1.0855274125346988,2.1462636181492614,1.5418069897688986
Ridge,6,1,2026-02-24,911,1.06030606473273,2.0364819673429513,1.4508462443338932
Ridge,6,1,2026-02-25,1159,1.0638323716127156,2.162914182125757,1.3906655976235676
Ridge,6,1,2026-02-26,1199,1.3152145563909867,2.9465906756666254,1.7606930214419503
Ridge,6,1,2026-02-27,1203,1.1244634129922453,2.5421203355937694,1.514084910356652
Ridge,6,1,2026-02-28,1148,1.1001200570738965,1.7207787315308294,1.3992814114077547
Ridge,6,3,2026-02-23,680,1.1807877571754204,2.085436652735819,1.5956751884006561
Ridge,6,3,2026-02-24,506,0.9994202858008049,1.561079235611327,1.3178796001281532
Ridge,6,3,2026-02-25,1067,0.9957236274386353,1.910112280936723,1.3163595499766476
Ridge,6,3,2026-02-26,1149,1.2568382168747612,2.3212170499489404,1.6626480433360487
Ridge,6,3,2026-02-27,1161,1.0303271784030805,1.840194988745826,1.4326815397338102
Ridge,6,3,2026-02-28,1003,1.2173062488593516,1.7628039451808162,1.5782796841218651
Ridge,6,6,2026-02-23,909,1.126493406371548,1.855979676377247,1.50357402041034
Ridge,6,6,2026-02-24,680,0.8938554792466504,1.251770403066748,1.1354125899312946
Ridge,6,6,2026-02-25,1179,0.9339317581339255,1.756517278140243,1.2669376314224858
Ridge,6,6,2026-02-26,1214,1.1975993772838742,1.9638083053538782,1.5928264402668857
Ridge,6,6,2026-02-27,1222,0.8462295180516882,1.4581847444839788,1.1466200016378942
Ridge,6,6,2026-02-28,910,1.2024139312073423,1.6998006493016098,1.569301497807278
SeasonalHA,1,1,2026-01-19,827,0.8382204479385125,2.0249487333485843,1.2184500482281935
SeasonalHA,1,1,2026-01-20,821,0.9872564369229538,2.0914849320304265,1.4306520056400542
SeasonalHA,1,1,2026-01-21,853,1.0431531717554579,2.224537550221642,1.428341118905073
SeasonalHA,1,1,2026-01-22,830,0.9976388012070254,2.0392500380410543,1.3796539287573224
SeasonalHA,1,1,2026-01-23,932,0.46290086915394096,1.151880101416038,0.7234888716570499
SeasonalHA,1,1,2026-01-24,938,1.4435292930575914,3.576642918269967,1.912888032865697
SeasonalHA,1,1,2026-01-25,777,1.7924889818581835,3.9244993897455127,2.310670481531715
SeasonalHA,1,3,2026-01-19,370,0.7202515100931619,1.3747738772701548,1.0434135836442409
SeasonalHA,1,3,2026-01-20,366,0.9523780801908565,1.6590802925700374,1.374966343430958
SeasonalHA,1,3,2026-01-21,423,0.8372405968784565,1.587446222666337,1.1135032051047358
SeasonalHA,1,3,2026-01-22,364,0.9292580915458039,1.706045961545907,1.2582260412486572
SeasonalHA,1,3,2026-01-23,527,0.4029841908618364,0.8716170802834907,0.6019036489914575
SeasonalHA,1,3,2026-01-24,562,1.1486636856036867,2.519401090770124,1.4953384526195221
SeasonalHA,1,3,2026-01-25,307,1.704205835033835,2.9632912976381185,2.21628048554487
SeasonalHA,1,6,2026-01-19,426,0.5776883609355831,0.9797217535482886,0.8448246068689523
SeasonalHA,1,6,2026-01-20,450,0.933118064597801,1.4272704292138143,1.2672186522995805
SeasonalHA,1,6,2026-01-21,506,0.7253280853251379,1.2051239366709454,0.8964866149926028
SeasonalHA,1,6,2026-01-22,493,0.6912626801671974,1.1407681050408405,0.8929554662553617
SeasonalHA,1,6,2026-01-23,653,0.3913078800764176,0.7030241965852697,0.5491451547515962
SeasonalHA,1,6,2026-01-24,669,1.0542707942170058,1.9292644512218213,1.3686517829286997
SeasonalHA,1,6,2026-01-25,314,1.6028897862525502,2.5594516267879284,2.0901658129802905
SeasonalHA,2,1,2026-01-26,875,0.8735476706368582,2.223991745728413,1.4337286648676664
SeasonalHA,2,1,2026-01-27,847,0.842678439377894,1.7259502256653314,1.189045752677768
SeasonalHA,2,1,2026-01-28,909,0.9265539800897814,1.9191025957064105,1.2907385417743962
SeasonalHA,2,1,2026-01-29,909,0.9787006154355873,2.094488426522106,1.3326186149040964
SeasonalHA,2,1,2026-01-30,993,0.498612547609061,1.3648223913500286,0.7661568084377814
SeasonalHA,2,1,2026-01-31,1044,0.7763516022936746,1.7808412864996794,1.0203984795569943
SeasonalHA,2,1,2026-02-01,963,1.4423748463980257,3.2619555306361074,2.1946197538015313
SeasonalHA,2,3,2026-01-26,446,0.8933607718216346,1.90754750497106,1.5771313315145175
SeasonalHA,2,3,2026-01-27,396,0.8429361015859277,1.4649187992147576,1.2018174855951569
SeasonalHA,2,3,2026-01-28,510,0.9023274652319018,1.6242049051016472,1.1974262373232096
SeasonalHA,2,3,2026-01-29,507,0.9403509160496806,1.658585536885636,1.2240414647630338
SeasonalHA,2,3,2026-01-30,661,0.40902260969338017,0.8909791084748103,0.6013891569673337
SeasonalHA,2,3,2026-01-31,739,0.5849233041435521,1.1487898939808316,0.7866573749635876
SeasonalHA,2,3,2026-02-01,577,1.2972662874482948,2.874978677035055,1.9801192866595585
SeasonalHA,2,6,2026-01-26,553,0.8265924393567835,1.667170923138703,1.427989434296463
SeasonalHA,2,6,2026-01-27,476,0.8030915172160173,1.218828288183289,1.0793903479620635
SeasonalHA,2,6,2026-01-28,650,0.7587575844658746,1.2621635406916416,0.9504316401488905
SeasonalHA,2,6,2026-01-29,668,0.7857432325443107,1.2753291196869883,0.9904411516654686
SeasonalHA,2,6,2026-01-30,860,0.3703246336451486,0.6787253356981896,0.5092035989950864
SeasonalHA,2,6,2026-01-31,930,0.5265459899264283,0.864864265258998,0.7112212270115593
SeasonalHA,2,6,2026-02-01,687,1.3522373493755402,2.807276024445737,2.130830572401251
SeasonalHA,3,1,2026-02-02,1016,0.6644657678178602,1.7120473234676863,1.0274510972716484
SeasonalHA,3,1,2026-02-03,983,1.0653360812451402,2.3201897775276623,1.4537930084457031
SeasonalHA,3,1,2026-02-04,1009,0.8744632215597545,1.8518512746506488,1.2965788789960433
SeasonalHA,3,1,2026-02-05,1055,0.9664301662836783,2.199295518326725,1.454710229651522
SeasonalHA,3,1,2026-02-06,1015,0.4186228672271879,1.1068733993598812,0.6785613088370324
SeasonalHA,3,1,2026-02-07,1028,0.6521979225594092,1.3967407834925472,0.8815849038000085
SeasonalHA,3,1,2026-02-08,1058,0.8391499167804682,1.991262152733675,1.051972060128464
SeasonalHA,3,3,2026-02-02,674,0.649415431225453,1.2940775417593162,0.9161175600460829
SeasonalHA,3,3,2026-02-03,672,0.9388730387208325,1.5792374471468567,1.3169206155634157
SeasonalHA,3,3,2026-02-04,685,0.744708944353164,1.4890052943196648,1.103234185073845
SeasonalHA,3,3,2026-02-05,800,0.9559351796574062,1.8013813751821672,1.3797952571854546
SeasonalHA,3,3,2026-02-06,663,0.3572816022460897,0.758625481401461,0.5338801043010487
SeasonalHA,3,3,2026-02-07,754,0.5525823495326899,1.1070868887416774,0.7473772498641075
SeasonalHA,3,3,2026-02-08,779,0.739911163334431,1.4787150430552312,0.8894686646411675
SeasonalHA,3,6,2026-02-02,894,0.563106217266996,0.9884212929838164,0.7720934257471578
SeasonalHA,3,6,2026-02-03,869,0.8281445204121822,1.2788335296723192,1.1709450118385114
SeasonalHA,3,6,2026-02-04,845,0.7139691346197987,1.3070503798025077,1.0150610204624986
SeasonalHA,3,6,2026-02-05,990,0.8091787756974448,1.3790255035612733,1.1386658173831854
SeasonalHA,3,6,2026-02-06,876,0.3599800544847151,0.687106833045942,0.5630382645674608
SeasonalHA,3,6,2026-02-07,951,0.4645644149486117,0.7976094859897623,0.586953343799088
SeasonalHA,3,6,2026-02-08,808,0.5423194195964549,0.9843074373938675,0.6727901390460657
SeasonalHA,4,1,2026-02-09,1075,0.6025717955596688,1.444237265328757,0.9140457393818117
SeasonalHA,4,1,2026-02-10,818,0.4844929680361822,1.2503717596630057,0.8296952791145347
SeasonalHA,4,1,2026-02-11,698,0.6282454948826073,1.5125892492955628,1.111397984888311
SeasonalHA,4,1,2026-02-12,733,1.0323532055919415,2.208326301347923,1.8064503287559548
SeasonalHA,4,1,2026-02-13,838,1.243217277071641,4.810540592673742,1.727515248932808
SeasonalHA,4,1,2026-02-14,1132,1.0783156702740313,2.3561813406142615,1.5665656994375459
SeasonalHA,4,1,2026-02-15,1063,2.1576443047462193,4.774179173235603,3.0848405232461746
SeasonalHA,4,3,2026-02-09,824,0.537518726326244,1.1082289258155347,0.7919276431578287
SeasonalHA,4,3,2026-02-10,474,0.41758851294108446,0.9694271567418947,0.7149495036320026
SeasonalHA,4,3,2026-02-11,378,0.5628892673176222,1.3157897404043228,0.9917130386341734
SeasonalHA,4,3,2026-02-12,301,1.0133228780775325,2.0023203222601142,1.9070796053657704
SeasonalHA,4,3,2026-02-13,424,1.069107025174475,2.6995451260479593,1.4047979322401778
SeasonalHA,4,3,2026-02-14,969,0.8939827439052607,1.784268412170114,1.3116723986450065
SeasonalHA,4,3,2026-02-15,801,1.9326490218868562,3.78150514734991,2.7715848122149978
SeasonalHA,4,6,2026-02-09,1008,0.5436254656504071,0.963530866974216,0.8155887851743872
SeasonalHA,4,6,2026-02-10,523,0.4297859877518898,0.929552259828603,0.7384537144907805
SeasonalHA,4,6,2026-02-11,398,0.5746764504130764,1.2155037336123546,1.0623668855508552
SeasonalHA,4,6,2026-02-12,317,1.079674895587738,2.118865130143072,2.256651008504097
SeasonalHA,4,6,2026-02-13,576,0.9112371311511522,1.899806916256974,1.1444335172076137
SeasonalHA,4,6,2026-02-14,1127,0.8611641291975917,1.4567664079004532,1.2311539393992699
SeasonalHA,4,6,2026-02-15,821,1.8078956506945694,3.1988530471903585,2.6234904833246526
SeasonalHA,5,1,2026-02-16,1126,0.48798248568817737,1.1756722120446286,0.7628331236806078
SeasonalHA,5,1,2026-02-17,35,0.22540621076311385,0.6202294120924271,0.3542263176420252
SeasonalHA,5,1,2026-02-18,812,1.6147588837910167,3.6093474655003455,2.120801352462742
SeasonalHA,5,1,2026-02-19,823,0.7806895129735676,1.701937691927577,1.0973766909330185
SeasonalHA,5,1,2026-02-20,860,0.34314014967097795,0.9269690239256838,0.5766140184197883
SeasonalHA,5,1,2026-02-21,1093,0.9801244872414001,2.1611270352105105,1.3939658722511936
SeasonalHA,5,1,2026-02-22,777,1.4725150350131277,3.345978909821751,1.9106289246883432
SeasonalHA,5,3,2026-02-16,948,0.4527247775847288,0.9151443842243907,0.6949665922146122
SeasonalHA,5,3,2026-02-17,18,0.04783927069769965,0.16368143793775652,0.05579504404733277
SeasonalHA,5,3,2026-02-18,350,1.3564305496215818,2.3885220992396254,1.6854386170336004
SeasonalHA,5,3,2026-02-19,375,0.721409198337131,1.2410138401364363,0.9793522299825482
SeasonalHA,5,3,2026-02-20,439,0.4242876294714623,0.9845945718096104,0.6077253826739449
SeasonalHA,5,3,2026-02-21,849,0.8479247380888066,1.593592387090009,1.1902195715671797
SeasonalHA,5,3,2026-02-22,307,1.3780129833407821,2.4452807638305334,1.802936020491781
SeasonalHA,5,6,2026-02-16,910,0.4308323769575219,0.8148032179518951,0.6913506923535626
SeasonalHA,5,6,2026-02-17,28,0.039847918919154575,0.21085536744709746,0.07598455587620409
SeasonalHA,5,6,2026-02-18,405,1.2760931823479296,1.9856469702262605,1.6071352529209715
SeasonalHA,5,6,2026-02-19,469,0.5973079402140041,0.883065936484985,0.7731550060656658
SeasonalHA,5,6,2026-02-20,564,0.3928514769173118,0.7480975179774924,0.5264957986148875
SeasonalHA,5,6,2026-02-21,999,0.8453344878624286,1.4260361635032692,1.206779655358447
SeasonalHA,5,6,2026-02-22,314,1.3511250919090967,2.1581597303734905,1.7653630811607344
SeasonalHA,6,1,2026-02-23,1016,0.5427127766796923,1.3830330931321395,0.8487705313312408
SeasonalHA,6,1,2026-02-24,911,0.8969365666735273,2.027041965941447,1.2470746145702685
SeasonalHA,6,1,2026-02-25,1159,1.2826923088400672,2.9343714176752593,1.840811765544683
SeasonalHA,6,1,2026-02-26,1199,1.4593830750258328,3.3018641864186873,2.070873505887608
SeasonalHA,6,1,2026-02-27,1203,1.0439276670147817,2.836238329857173,1.5088790834881827
SeasonalHA,6,1,2026-02-28,1148,0.8619339729158443,1.7507490386228326,1.2551263602009957
SeasonalHA,6,3,2026-02-23,680,0.49356621979108806,0.9746838012525146,0.6914210405738925
SeasonalHA,6,3,2026-02-24,506,0.940811555533227,1.5556031646177648,1.2298644985381821
SeasonalHA,6,3,2026-02-25,1067,1.103025112452016,2.339370304197784,1.5588940303357135
SeasonalHA,6,3,2026-02-26,1149,1.2348472158817312,2.3575672906155645,1.726928159841889
SeasonalHA,6,3,2026-02-27,1161,0.9530273196183613,2.0534583752233235,1.3467907924867606
SeasonalHA,6,3,2026-02-28,1003,0.739987723782726,1.4440587586248324,1.1326958417537483
SeasonalHA,6,6,2026-02-23,909,0.43109165019590323,0.7650726754591937,0.5725838041698548
SeasonalHA,6,6,2026-02-24,680,0.8479103262907539,1.2860496963621826,1.0674325491009384
SeasonalHA,6,6,2026-02-25,1179,1.050128642225926,2.0235915264890636,1.5375924477067302
SeasonalHA,6,6,2026-02-26,1214,1.0180003302188534,1.7298138068556634,1.376608587910979
SeasonalHA,6,6,2026-02-27,1222,0.882133847285366,1.7173857474031995,1.1983927144896553
SeasonalHA,6,6,2026-02-28,910,0.6950189308660224,1.299844478923496,1.0877231464477952
XGBoost,1,1,2026-01-19,827,1.158024550733524,2.2707385466571504,1.589016768135196
XGBoost,1,1,2026-01-20,821,0.9353075743786358,1.8995012037085124,1.3569260946611652
XGBoost,1,1,2026-01-21,853,0.758045793309472,1.531369138744721,1.0289891725113731
XGBoost,1,1,2026-01-22,830,1.0061872352079215,1.789365715862268,1.328516330545239
XGBoost,1,1,2026-01-23,932,0.5647185038656182,1.2554732177906165,0.8222103333479636
XGBoost,1,1,2026-01-24,938,1.6109999833132977,3.411278638712539,2.1245335839697694
XGBoost,1,1,2026-01-25,777,1.9347419984245546,3.6531539423808397,2.3678910322774693
XGBoost,1,3,2026-01-19,370,0.9773760748816442,1.7088399159422467,1.3731445685928505
XGBoost,1,3,2026-01-20,366,0.8211907570334586,1.5398738853387914,1.219893328072748
XGBoost,1,3,2026-01-21,423,0.6098777942007827,1.104599949467277,0.7909828218701316
XGBoost,1,3,2026-01-22,364,0.8999073298713955,1.462618007819035,1.199634388076019
XGBoost,1,3,2026-01-23,527,0.605173131202946,1.1982787599301472,0.8212443800794916
XGBoost,1,3,2026-01-24,562,1.2766860734651224,2.492392162370547,1.7159857401407823
XGBoost,1,3,2026-01-25,307,1.571319737470629,2.643501346257453,2.0138066278841147
XGBoost,1,6,2026-01-19,426,0.7693123038883436,1.3024399878604735,1.1162163483837673
XGBoost,1,6,2026-01-20,450,0.7502213801631222,1.2580695506855963,0.9944545933158959
XGBoost,1,6,2026-01-21,506,0.5141797557859291,0.8508100859505435,0.6292952948996915
XGBoost,1,6,2026-01-22,493,0.7621993463158151,1.1505600257790811,0.9512490455309489
XGBoost,1,6,2026-01-23,653,0.6916846135504956,1.2760837330670254,0.8878936395420386
XGBoost,1,6,2026-01-24,669,1.196827566436918,1.9575331833988376,1.6092858268500183
XGBoost,1,6,2026-01-25,314,1.489973803639665,2.4242462916908876,1.9782276210826841
XGBoost,2,1,2026-01-26,875,1.1364929954892113,2.208582848379967,1.6630495951813207
XGBoost,2,1,2026-01-27,847,1.0197537099534753,1.5368721566623054,1.4016892461378248
XGBoost,2,1,2026-01-28,909,0.48359586871671373,1.018690219850123,0.7121283565629978
XGBoost,2,1,2026-01-29,909,0.6940520048403767,1.6490823432101096,0.9912265508589541
XGBoost,2,1,2026-01-30,993,0.4756282730845246,1.2549800215291393,0.704117613549095
XGBoost,2,1,2026-01-31,1044,0.7070228731748955,1.648791115806573,0.9485213783096316
XGBoost,2,1,2026-02-01,963,1.0952828181605583,2.509055182580083,1.662555750158685
XGBoost,2,3,2026-01-26,446,0.9564314951355762,1.8180119691953995,1.5453103133349702
XGBoost,2,3,2026-01-27,396,0.7232642707153959,1.0633666247441051,0.9553413220275018
XGBoost,2,3,2026-01-28,510,0.4296980631377444,0.7570615148320359,0.5847327328117539
XGBoost,2,3,2026-01-29,507,0.6461253445215871,1.1968035079298511,0.8169152218269798
XGBoost,2,3,2026-01-30,661,0.3874493007560521,0.8356492071353293,0.539499688005546
XGBoost,2,3,2026-01-31,739,0.6251176726947731,1.1615513501699803,0.8539415587655225
XGBoost,2,3,2026-02-01,577,1.1366827178960957,2.592458203067212,1.7746200003612644
XGBoost,2,6,2026-01-26,553,0.8658604853934545,1.5083520380355007,1.3637375204341557
XGBoost,2,6,2026-01-27,476,0.6725383359622332,0.9859620595382577,0.8803994990565261
XGBoost,2,6,2026-01-28,650,0.3605012162689469,0.6138176665419087,0.47204657915357634
XGBoost,2,6,2026-01-29,668,0.5826824394660925,0.9822950629388413,0.7436366008041371
XGBoost,2,6,2026-01-30,860,0.4124086278148193,0.7591517226888195,0.5634528252832428
XGBoost,2,6,2026-01-31,930,0.6212548921099703,1.050552941657987,0.845752211768622
XGBoost,2,6,2026-02-01,687,1.1624722893678041,2.477358609749593,1.8811614494766598
XGBoost,3,1,2026-02-02,1016,0.6264694214701548,1.5843817491130536,0.9786837527225823
XGBoost,3,1,2026-02-03,983,0.9033769969955278,2.0514153461194513,1.2285132986254879
XGBoost,3,1,2026-02-04,1009,0.6059004106575165,1.3588757901446926,0.9219010804596418
XGBoost,3,1,2026-02-05,1055,0.7003055052232466,1.6667924683850284,1.0005447434848647
XGBoost,3,1,2026-02-06,1015,0.41000137496138117,0.916536618839313,0.6437630430930094
XGBoost,3,1,2026-02-07,1028,0.6127084022056886,1.255620988195596,0.9068131301643824
XGBoost,3,1,2026-02-08,1058,0.6278642034660841,1.5922884210104975,0.8318099669960546
XGBoost,3,3,2026-02-02,674,0.680350201040038,1.3842970056224992,1.004936888280713
XGBoost,3,3,2026-02-03,672,0.7949757876640068,1.3607187537022012,1.098004387618481
XGBoost,3,3,2026-02-04,685,0.5407176933278262,1.0894212607193958,0.8225936904621001
XGBoost,3,3,2026-02-05,800,0.7135431531623557,1.2929106128841439,0.9758382799692294
XGBoost,3,3,2026-02-06,663,0.3462148540333379,0.647451738563093,0.4616205636330698
XGBoost,3,3,2026-02-07,754,0.6422806440091623,1.3126770347340313,0.9736678973663601
XGBoost,3,3,2026-02-08,779,0.5012352351755115,0.9309321594809231,0.6389067743115519
XGBoost,3,6,2026-02-02,894,0.5407259196509718,1.064733410861126,0.7614786573168353
XGBoost,3,6,2026-02-03,869,0.6466033622085838,1.0103853932774682,0.8907629260114727
XGBoost,3,6,2026-02-04,845,0.47756745812664564,0.984071092018911,0.7265338805053126
XGBoost,3,6,2026-02-05,990,0.6525263655948318,1.0195901681731718,0.8702164321678371
XGBoost,3,6,2026-02-06,876,0.3193885020025889,0.5637698555184424,0.44808134459280585
XGBoost,3,6,2026-02-07,951,0.6368647882647478,1.0950026115190694,0.8757988121885724
XGBoost,3,6,2026-02-08,808,0.5053155669634447,0.8800501506473949,0.6707746300863258
XGBoost,4,1,2026-02-09,1075,0.5326108217855449,1.1868193042470596,0.8130816944806738
XGBoost,4,1,2026-02-10,818,0.4962701515087904,1.0522521010241517,0.7626808066326539
XGBoost,4,1,2026-02-11,698,0.5431648152377794,1.2551018569430723,0.9120731621673361
XGBoost,4,1,2026-02-12,733,1.0326988569476196,2.0102943147007943,1.666746083998937
XGBoost,4,1,2026-02-13,838,1.745055952049383,4.982750331861385,2.261643457152296
XGBoost,4,1,2026-02-14,1132,1.2858074961056838,2.2528272066886204,1.665417778205033
XGBoost,4,1,2026-02-15,1063,1.2833827718417945,2.741676357073124,1.7175057796858213
XGBoost,4,3,2026-02-09,824,0.49135692408512677,0.993222014184716,0.7063992514599516
XGBoost,4,3,2026-02-10,474,0.8399069816325865,3.1090838003324572,1.6249585589097337
XGBoost,4,3,2026-02-11,378,1.0060389853448886,3.4784257368870812,1.9542625618163618
XGBoost,4,3,2026-02-12,301,1.114036288284296,2.696320410022973,2.239067304284162
XGBoost,4,3,2026-02-13,424,1.2677381873380713,2.780132997344361,1.6281225639698933
XGBoost,4,3,2026-02-14,969,1.1824222864035012,1.9579354370227462,1.5172618474375166
XGBoost,4,3,2026-02-15,801,1.347544048477069,2.5619718467664367,1.8758017123595259
XGBoost,4,6,2026-02-09,1008,0.49541412341741875,0.8720447228122298,0.7376750747198739
XGBoost,4,6,2026-02-10,523,0.4440189841077093,0.8975265856392547,0.7099248983799559
XGBoost,4,6,2026-02-11,398,0.4855866079154727,1.0313037141581416,0.8771624237206218
XGBoost,4,6,2026-02-12,317,0.9966728817484815,1.979701725399721,2.0865195581617915
XGBoost,4,6,2026-02-13,576,1.0710507036727153,1.9796308776525828,1.370215316438632
XGBoost,4,6,2026-02-14,1127,1.169155365885834,1.692463629323846,1.4956891949930051
XGBoost,4,6,2026-02-15,821,1.5155460618725052,2.559643377073117,2.153832361019956
XGBoost,5,1,2026-02-16,1126,0.589563404382134,1.3102462155148038,0.8581863193453967
XGBoost,5,1,2026-02-17,35,4.25279308500744,5.191680617473639,5.353983861083103
XGBoost,5,1,2026-02-18,812,4.40438812080471,5.091022178117815,5.435384755616947
XGBoost,5,1,2026-02-19,823,1.0239369070640987,1.6775307620878799,1.3849491970035632
XGBoost,5,1,2026-02-20,860,0.33778611116631085,0.7534608989256114,0.5453573027672046
XGBoost,5,1,2026-02-21,1093,0.7745561284651489,1.847432183333509,1.058246711354597
XGBoost,5,1,2026-02-22,777,1.3200502203340336,2.8155512584893714,1.6948150870119156
XGBoost,5,3,2026-02-16,948,0.6107854798429179,2.002796545365909,0.945488969269207
XGBoost,5,3,2026-02-17,18,1.3274873804163052,1.553219844153862,1.397408862968892
XGBoost,5,3,2026-02-18,350,2.864373161679222,4.834156886894002,3.9248348859185147
XGBoost,5,3,2026-02-19,375,0.7045275370279948,1.3941323627421263,0.9947631489050824
XGBoost,5,3,2026-02-20,439,0.4166632861233376,0.9371399525880884,0.5640625273433983
XGBoost,5,3,2026-02-21,849,0.7633721282936352,1.3414680743980387,1.0378565621282507
XGBoost,5,3,2026-02-22,307,1.3350226905869695,2.3362515896049643,1.739072232523924
XGBoost,5,6,2026-02-16,910,0.45210163953297494,0.8590748265561341,0.7108829070977498
XGBoost,5,6,2026-02-17,28,1.0930717559087844,2.1049473670082244,1.5131820662655004
XGBoost,5,6,2026-02-18,405,1.82746950188782,2.999203168995966,2.5218081138335333
XGBoost,5,6,2026-02-19,469,0.5478209308695664,0.9256203028464328,0.7458280442904947
XGBoost,5,6,2026-02-20,564,0.4099262218510412,0.7791317958444053,0.5470875442110225
XGBoost,5,6,2026-02-21,999,0.9012124157294866,1.4351547245134628,1.268861510938699
XGBoost,5,6,2026-02-22,314,1.3784604463354544,2.209188527442411,1.8271358327785137
XGBoost,6,1,2026-02-23,1016,0.5618724727046562,1.3271946898445888,0.8689525707541005
XGBoost,6,1,2026-02-24,911,0.659648075003728,1.6375585876973917,0.9143907677833139
XGBoost,6,1,2026-02-25,1159,0.982992562634206,2.54520969179731,1.3552687077439998
XGBoost,6,1,2026-02-26,1199,1.1298167487024189,2.5882732991419055,1.525516735603522
XGBoost,6,1,2026-02-27,1203,0.7559631022101593,2.169228956473833,1.033707637849647
XGBoost,6,1,2026-02-28,1148,0.5724820267355724,1.2484573098097405,0.7823540628255655
XGBoost,6,3,2026-02-23,680,0.5554867563684001,1.1748915220394052,0.776477420271207
XGBoost,6,3,2026-02-24,506,0.6343996000227095,1.1612641120800151,0.821560300839738
XGBoost,6,3,2026-02-25,1067,0.885749078027832,2.1880477901685786,1.2508486813888524
XGBoost,6,3,2026-02-26,1149,1.1046873563048312,1.9136038680703007,1.4615325269778539
XGBoost,6,3,2026-02-27,1161,0.656637382525578,1.4305971794100334,0.8972670044477642
XGBoost,6,3,2026-02-28,1003,0.5771024087072187,1.0860125833981626,0.8388271059923905
XGBoost,6,6,2026-02-23,909,0.4778162063569411,0.8905174969605063,0.6530288659383726
XGBoost,6,6,2026-02-24,680,0.5916298646033458,0.9426970922003827,0.7391904395808502
XGBoost,6,6,2026-02-25,1179,0.8894089599059097,1.8964243368806386,1.2917864993244565
XGBoost,6,6,2026-02-26,1214,0.9397677319213785,1.4553900455987991,1.213478858105152
XGBoost,6,6,2026-02-27,1222,0.6333277909576641,1.288363542800223,0.8209771047591348
XGBoost,6,6,2026-02-28,910,0.5984211703942081,1.0945070708789981,0.9256333088940931
