claim,status,allowed_wording,prohibited_extension,source
The canonical AJSE task is H1/H3/H6 future-window mean speed forecasting.,SUPPORTED_AS_DEFINITION,"The prespecified target is the mean observed speed over the next H hours for H in {1,3,6}.",Do not attach point-target v2.2 MAE to this definition.,Phase2A target policy and manuscript outline
A complete six-fold rolling-origin evaluation has been run.,NOT_SUPPORTED,A six-fold retrospective rolling-origin evaluation is the required next formal experiment.,Do not describe legacy Phase13 as six-fold.,Phase2A status and D-drive result scan
Legacy Phase13 results are internally reproducible.,SUPPORTED_WITH_LIMITATION,"Within its single predefined split, the archived Phase13 prediction files reproduce the stored metrics and use common samples by horizon.",This does not establish rolling-origin stability.,Current metric and sample audit
XGBoost is the best legacy trained model on the old split.,SUPPORTED_WITH_LIMITATION,"XGBoost had the lowest mean MAE among the seven archived Phase13 models at H1, H3 and H6 on the legacy split.",Do not call it universally best or confirmatory.,phase13 model ranking
TCN significantly outperforms all baselines.,CONTRADICTED,TCN was not the top legacy model; XGBoost had lower mean MAE at every archived horizon.,No superiority wording.,phase13 ranking and dependence diagnostic
The final week is an independent blind test.,PROHIBITED,The exposed final week is a retrospective historical evaluation; run-level truth isolation does not restore study-level blindness.,Independent blind-test or confirmatory claim.,Phase2A0 blind-test eligibility audit
Existing Phase14 p-values are dependence-aware.,NOT_SUPPORTED,Original sample-level tests were re-examined using day-level diagnostics; formal Phase2A inference must use clustered units.,Do not use pooled sample-level stars as sole evidence.,phase14 table and current day-level diagnostic
All models use only the preceding 24 hours.,NOT_SUPPORTED_AS_UNIVERSAL_CLAIM,The primary contiguous input sequence was 24 h; seasonal baselines and any longer-context features must be documented separately.,Universal strict-24h claim without per-model runtime trace.,Model/config review
The current evidence is ready for AJSE submission without new experiments.,NOT_SUPPORTED,"The data and legacy results are usable for methods development and historical evidence, but the prespecified six-fold primary benchmark remains outstanding.",Do not present Phase2A as completed.,A0-A13 crosswalk
