prediction_file,model,horizon,seed,original_N,boundary_excluded_N,canonical_complete_hour_N,original_MAE,canonical_complete_hour_MAE,MAE_change_after_boundary_exclusion,original_RMSE,canonical_complete_hour_RMSE,original_sMAPE,canonical_complete_hour_sMAPE,original_R2,canonical_complete_hour_R2,original_Bias,canonical_complete_hour_Bias,canonical_sample_boundary_match
D:\2026_PD\outputs\locked\phase13_full\predictions\GRU_h1_seed2024.parquet,GRU,1,2024,12265,0,12265,1.0536621614713548,1.0536621614713548,0.0,2.440587619557492,2.440587619557492,0.013951320676510642,0.013951320676510642,0.9767685624904269,0.9767685624904269,0.17863901358354448,0.17863901358354448,True
D:\2026_PD\outputs\locked\phase13_full\predictions\GRU_h1_seed2025.parquet,GRU,1,2025,12265,0,12265,1.0672940662817911,1.0672940662817911,0.0,2.440868021947784,2.440868021947784,0.014227779747922638,0.014227779747922638,0.9767632240016423,0.9767632240016423,0.08398391701861202,0.08398391701861202,True
D:\2026_PD\outputs\locked\phase13_full\predictions\GRU_h1_seed2026.parquet,GRU,1,2026,12265,0,12265,0.9841886541379795,0.9841886541379795,0.0,2.382109834878539,2.382109834878539,0.013140749278265433,0.013140749278265433,0.9778685004896793,0.9778685004896793,0.12961860949099915,0.12961860949099915,True
D:\2026_PD\outputs\locked\phase13_full\predictions\GRU_h1_seed3407.parquet,GRU,1,3407,12265,0,12265,1.0555837347417085,1.0555837347417085,0.0,2.4326667463923966,2.4326667463923966,0.014026523929127168,0.014026523929127168,0.9769191120244687,0.9769191120244687,0.20014004417696243,0.20014004417696243,True
D:\2026_PD\outputs\locked\phase13_full\predictions\GRU_h1_seed42.parquet,GRU,1,42,12265,0,12265,1.0824979600933586,1.0824979600933586,0.0,2.4775653740748944,2.4775653740748944,0.014559143578232875,0.014559143578232875,0.97605926267693,0.97605926267693,0.2066697185592558,0.2066697185592558,True
D:\2026_PD\outputs\locked\phase13_full\predictions\GRU_h3_seed2024.parquet,GRU,3,2024,11878,0,11878,1.0074605787617326,1.0074605787617326,0.0,1.7862341298931863,1.7862341298931863,0.013185662949472507,0.013185662949472507,0.987327955908643,0.987327955908643,-0.10144408653633104,-0.10144408653633104,True
D:\2026_PD\outputs\locked\phase13_full\predictions\GRU_h3_seed2025.parquet,GRU,3,2025,11878,0,11878,1.0060004685378312,1.0060004685378312,0.0,1.824149725606107,1.824149725606107,0.013131285067983924,0.013131285067983924,0.9867842786452802,0.9867842786452802,-0.05998500795712835,-0.05998500795712835,True
D:\2026_PD\outputs\locked\phase13_full\predictions\GRU_h3_seed2026.parquet,GRU,3,2026,11878,0,11878,1.0681743873934049,1.0681743873934049,0.0,1.9146789766254164,1.9146789766254164,0.014044548007093554,0.014044548007093554,0.985439984199781,0.985439984199781,0.2072988734299094,0.2072988734299094,True
D:\2026_PD\outputs\locked\phase13_full\predictions\GRU_h3_seed3407.parquet,GRU,3,3407,11878,0,11878,1.0338017365249605,1.0338017365249605,0.0,1.8037753935965037,1.8037753935965037,0.01337183102898989,0.01337183102898989,0.9870778485976316,0.9870778485976316,-0.10952102585982185,-0.10952102585982185,True
D:\2026_PD\outputs\locked\phase13_full\predictions\GRU_h3_seed42.parquet,GRU,3,42,11878,0,11878,1.0531255454201351,1.0531255454201351,0.0,1.9105882193141714,1.9105882193141714,0.013761832906100871,0.013761832906100871,0.9855021333793976,0.9855021333793976,-0.09521949425713545,-0.09521949425713545,True
D:\2026_PD\outputs\locked\phase13_full\predictions\GRU_h6_seed2024.parquet,GRU,6,2024,12166,51,12115,0.9505013424021896,0.9474069252911551,-0.003094417111034531,1.537150595246842,1.5358037949679784,0.01249146080051974,0.012460828728233822,0.9906147625286699,0.9906367435538792,-0.05658384978761411,-0.0513851737267608,False
D:\2026_PD\outputs\locked\phase13_full\predictions\GRU_h6_seed2025.parquet,GRU,6,2025,12166,51,12115,0.902780271019372,0.900480216069995,-0.0023000549493770173,1.4639736841659376,1.4632624392228868,0.011912783307867677,0.011890851950931054,0.9914870717918075,0.9915003724613617,-0.028933833779305706,-0.025045359159273594,False
D:\2026_PD\outputs\locked\phase13_full\predictions\GRU_h6_seed2026.parquet,GRU,6,2026,12166,51,12115,0.9282782982784373,0.9251582952948872,-0.0031200029835500853,1.558650568054961,1.5571098789405717,0.012236962373993672,0.012208956792725423,0.9903503856928366,0.9903751500961283,0.02521205446192177,0.0303687381783744,False
D:\2026_PD\outputs\locked\phase13_full\predictions\GRU_h6_seed3407.parquet,GRU,6,3407,12166,51,12115,0.9442457480981674,0.940370678872153,-0.003875069226014438,1.4859898647246328,1.482931591393456,0.012250902746708852,0.012210628873203703,0.9912291006899252,0.9912703329528899,-0.10387116005286248,-0.09805145452596213,False
D:\2026_PD\outputs\locked\phase13_full\predictions\GRU_h6_seed42.parquet,GRU,6,42,12166,51,12115,1.036771294240906,1.0338269903204238,-0.002944303920482172,1.6349907896546962,1.6336769911178217,0.013483725610288587,0.013451791925187606,0.9893819919140201,0.9894053203304658,-0.3370809716533991,-0.33284716572684786,False
D:\2026_PD\outputs\locked\phase13_full\predictions\HA_h1_seed2024.parquet,HA,1,2024,12265,0,12265,1.9087225491398945,1.9087225491398945,0.0,3.7858135633876104,3.7858135633876104,0.02804113092056691,0.02804113092056691,0.9441007833727223,0.9441007833727223,-0.18492207999526847,-0.18492207999526847,True
D:\2026_PD\outputs\locked\phase13_full\predictions\HA_h1_seed2025.parquet,HA,1,2025,12265,0,12265,1.9087225491398945,1.9087225491398945,0.0,3.7858135633876104,3.7858135633876104,0.02804113092056691,0.02804113092056691,0.9441007833727223,0.9441007833727223,-0.18492207999526847,-0.18492207999526847,True
D:\2026_PD\outputs\locked\phase13_full\predictions\HA_h1_seed2026.parquet,HA,1,2026,12265,0,12265,1.9087225491398945,1.9087225491398945,0.0,3.7858135633876104,3.7858135633876104,0.02804113092056691,0.02804113092056691,0.9441007833727223,0.9441007833727223,-0.18492207999526847,-0.18492207999526847,True
D:\2026_PD\outputs\locked\phase13_full\predictions\HA_h1_seed3407.parquet,HA,1,3407,12265,0,12265,1.9087225491398945,1.9087225491398945,0.0,3.7858135633876104,3.7858135633876104,0.02804113092056691,0.02804113092056691,0.9441007833727223,0.9441007833727223,-0.18492207999526847,-0.18492207999526847,True
D:\2026_PD\outputs\locked\phase13_full\predictions\HA_h1_seed42.parquet,HA,1,42,12265,0,12265,1.9087225491398945,1.9087225491398945,0.0,3.7858135633876104,3.7858135633876104,0.02804113092056691,0.02804113092056691,0.9441007833727223,0.9441007833727223,-0.18492207999526847,-0.18492207999526847,True
D:\2026_PD\outputs\locked\phase13_full\predictions\HA_h3_seed2024.parquet,HA,3,2024,11878,0,11878,1.7670076734430764,1.7670076734430764,0.0,3.2212536206255273,3.2212536206255273,0.025966849841149046,0.025966849841149046,0.9587883741583653,0.9587883741583653,-0.19807504848872678,-0.19807504848872678,True
D:\2026_PD\outputs\locked\phase13_full\predictions\HA_h3_seed2025.parquet,HA,3,2025,11878,0,11878,1.7670076734430764,1.7670076734430764,0.0,3.2212536206255273,3.2212536206255273,0.025966849841149046,0.025966849841149046,0.9587883741583653,0.9587883741583653,-0.19807504848872678,-0.19807504848872678,True
D:\2026_PD\outputs\locked\phase13_full\predictions\HA_h3_seed2026.parquet,HA,3,2026,11878,0,11878,1.7670076734430764,1.7670076734430764,0.0,3.2212536206255273,3.2212536206255273,0.025966849841149046,0.025966849841149046,0.9587883741583653,0.9587883741583653,-0.19807504848872678,-0.19807504848872678,True
D:\2026_PD\outputs\locked\phase13_full\predictions\HA_h3_seed3407.parquet,HA,3,3407,11878,0,11878,1.7670076734430764,1.7670076734430764,0.0,3.2212536206255273,3.2212536206255273,0.025966849841149046,0.025966849841149046,0.9587883741583653,0.9587883741583653,-0.19807504848872678,-0.19807504848872678,True
D:\2026_PD\outputs\locked\phase13_full\predictions\HA_h3_seed42.parquet,HA,3,42,11878,0,11878,1.7670076734430764,1.7670076734430764,0.0,3.2212536206255273,3.2212536206255273,0.025966849841149046,0.025966849841149046,0.9587883741583653,0.9587883741583653,-0.19807504848872678,-0.19807504848872678,True
D:\2026_PD\outputs\locked\phase13_full\predictions\HA_h6_seed2024.parquet,HA,6,2024,12166,51,12115,1.555868891613001,1.5567901894714633,0.0009212978584622888,2.78390590069934,2.7867880544518173,0.02290049678587965,0.022922850273950426,0.9692162492646328,0.9691707239864539,-0.1840234600006309,-0.18194514395430025,False
D:\2026_PD\outputs\locked\phase13_full\predictions\HA_h6_seed2025.parquet,HA,6,2025,12166,51,12115,1.555868891613001,1.5567901894714633,0.0009212978584622888,2.78390590069934,2.7867880544518173,0.02290049678587965,0.022922850273950426,0.9692162492646328,0.9691707239864539,-0.1840234600006309,-0.18194514395430025,False
D:\2026_PD\outputs\locked\phase13_full\predictions\HA_h6_seed2026.parquet,HA,6,2026,12166,51,12115,1.555868891613001,1.5567901894714633,0.0009212978584622888,2.78390590069934,2.7867880544518173,0.02290049678587965,0.022922850273950426,0.9692162492646328,0.9691707239864539,-0.1840234600006309,-0.18194514395430025,False
D:\2026_PD\outputs\locked\phase13_full\predictions\HA_h6_seed3407.parquet,HA,6,3407,12166,51,12115,1.555868891613001,1.5567901894714633,0.0009212978584622888,2.78390590069934,2.7867880544518173,0.02290049678587965,0.022922850273950426,0.9692162492646328,0.9691707239864539,-0.1840234600006309,-0.18194514395430025,False
D:\2026_PD\outputs\locked\phase13_full\predictions\HA_h6_seed42.parquet,HA,6,42,12166,51,12115,1.555868891613001,1.5567901894714633,0.0009212978584622888,2.78390590069934,2.7867880544518173,0.02290049678587965,0.022922850273950426,0.9692162492646328,0.9691707239864539,-0.1840234600006309,-0.18194514395430025,False
D:\2026_PD\outputs\locked\phase13_full\predictions\Persistence_h1_seed2024.parquet,Persistence,1,2024,12265,0,12265,1.0493704965733723,1.0493704965733723,0.0,3.1935336818078524,3.1935336818078524,0.014806317236428597,0.014806317236428597,0.960223160039433,0.960223160039433,-0.01680722833408709,-0.01680722833408709,True
D:\2026_PD\outputs\locked\phase13_full\predictions\Persistence_h1_seed2025.parquet,Persistence,1,2025,12265,0,12265,1.0493704965733723,1.0493704965733723,0.0,3.1935336818078524,3.1935336818078524,0.014806317236428597,0.014806317236428597,0.960223160039433,0.960223160039433,-0.01680722833408709,-0.01680722833408709,True
D:\2026_PD\outputs\locked\phase13_full\predictions\Persistence_h1_seed2026.parquet,Persistence,1,2026,12265,0,12265,1.0493704965733723,1.0493704965733723,0.0,3.1935336818078524,3.1935336818078524,0.014806317236428597,0.014806317236428597,0.960223160039433,0.960223160039433,-0.01680722833408709,-0.01680722833408709,True
D:\2026_PD\outputs\locked\phase13_full\predictions\Persistence_h1_seed3407.parquet,Persistence,1,3407,12265,0,12265,1.0493704965733723,1.0493704965733723,0.0,3.1935336818078524,3.1935336818078524,0.014806317236428597,0.014806317236428597,0.960223160039433,0.960223160039433,-0.01680722833408709,-0.01680722833408709,True
D:\2026_PD\outputs\locked\phase13_full\predictions\Persistence_h1_seed42.parquet,Persistence,1,42,12265,0,12265,1.0493704965733723,1.0493704965733723,0.0,3.1935336818078524,3.1935336818078524,0.014806317236428597,0.014806317236428597,0.960223160039433,0.960223160039433,-0.01680722833408709,-0.01680722833408709,True
D:\2026_PD\outputs\locked\phase13_full\predictions\Persistence_h3_seed2024.parquet,Persistence,3,2024,11878,0,11878,1.3107006714026481,1.3107006714026481,0.0,3.2709789138092544,3.2709789138092544,0.018847127725616166,0.018847127725616166,0.9575062168034513,0.9575062168034513,-0.026414686550815452,-0.026414686550815452,True
D:\2026_PD\outputs\locked\phase13_full\predictions\Persistence_h3_seed2025.parquet,Persistence,3,2025,11878,0,11878,1.3107006714026481,1.3107006714026481,0.0,3.2709789138092544,3.2709789138092544,0.018847127725616166,0.018847127725616166,0.9575062168034513,0.9575062168034513,-0.026414686550815452,-0.026414686550815452,True
D:\2026_PD\outputs\locked\phase13_full\predictions\Persistence_h3_seed2026.parquet,Persistence,3,2026,11878,0,11878,1.3107006714026481,1.3107006714026481,0.0,3.2709789138092544,3.2709789138092544,0.018847127725616166,0.018847127725616166,0.9575062168034513,0.9575062168034513,-0.026414686550815452,-0.026414686550815452,True
D:\2026_PD\outputs\locked\phase13_full\predictions\Persistence_h3_seed3407.parquet,Persistence,3,3407,11878,0,11878,1.3107006714026481,1.3107006714026481,0.0,3.2709789138092544,3.2709789138092544,0.018847127725616166,0.018847127725616166,0.9575062168034513,0.9575062168034513,-0.026414686550815452,-0.026414686550815452,True
D:\2026_PD\outputs\locked\phase13_full\predictions\Persistence_h3_seed42.parquet,Persistence,3,42,11878,0,11878,1.3107006714026481,1.3107006714026481,0.0,3.2709789138092544,3.2709789138092544,0.018847127725616166,0.018847127725616166,0.9575062168034513,0.9575062168034513,-0.026414686550815452,-0.026414686550815452,True
D:\2026_PD\outputs\locked\phase13_full\predictions\Persistence_h6_seed2024.parquet,Persistence,6,2024,12166,51,12115,1.6025600083736964,1.5999473175036234,-0.0026126908700729867,3.6998692720239874,3.6967642401284997,0.02358369713230953,0.023534819378985303,0.9456267628970438,0.9457500984471828,-0.01961755619303051,-0.014151921982712062,False
D:\2026_PD\outputs\locked\phase13_full\predictions\Persistence_h6_seed2025.parquet,Persistence,6,2025,12166,51,12115,1.6025600083736964,1.5999473175036234,-0.0026126908700729867,3.6998692720239874,3.6967642401284997,0.02358369713230953,0.023534819378985303,0.9456267628970438,0.9457500984471828,-0.01961755619303051,-0.014151921982712062,False
D:\2026_PD\outputs\locked\phase13_full\predictions\Persistence_h6_seed2026.parquet,Persistence,6,2026,12166,51,12115,1.6025600083736964,1.5999473175036234,-0.0026126908700729867,3.6998692720239874,3.6967642401284997,0.02358369713230953,0.023534819378985303,0.9456267628970438,0.9457500984471828,-0.01961755619303051,-0.014151921982712062,False
D:\2026_PD\outputs\locked\phase13_full\predictions\Persistence_h6_seed3407.parquet,Persistence,6,3407,12166,51,12115,1.6025600083736964,1.5999473175036234,-0.0026126908700729867,3.6998692720239874,3.6967642401284997,0.02358369713230953,0.023534819378985303,0.9456267628970438,0.9457500984471828,-0.01961755619303051,-0.014151921982712062,False
D:\2026_PD\outputs\locked\phase13_full\predictions\Persistence_h6_seed42.parquet,Persistence,6,42,12166,51,12115,1.6025600083736964,1.5999473175036234,-0.0026126908700729867,3.6998692720239874,3.6967642401284997,0.02358369713230953,0.023534819378985303,0.9456267628970438,0.9457500984471828,-0.01961755619303051,-0.014151921982712062,False
D:\2026_PD\outputs\locked\phase13_full\predictions\SeasonalHA_h1_seed2024.parquet,SeasonalHA,1,2024,12265,0,12265,1.1484393823112802,1.1484393823112802,0.0,2.689582231267182,2.689582231267182,0.015756305605716916,0.015756305605716916,0.9717865023119033,0.9717865023119033,-0.18103548556116714,-0.18103548556116714,True
D:\2026_PD\outputs\locked\phase13_full\predictions\SeasonalHA_h1_seed2025.parquet,SeasonalHA,1,2025,12265,0,12265,1.1484393823112802,1.1484393823112802,0.0,2.689582231267182,2.689582231267182,0.015756305605716916,0.015756305605716916,0.9717865023119033,0.9717865023119033,-0.18103548556116714,-0.18103548556116714,True
D:\2026_PD\outputs\locked\phase13_full\predictions\SeasonalHA_h1_seed2026.parquet,SeasonalHA,1,2026,12265,0,12265,1.1484393823112802,1.1484393823112802,0.0,2.689582231267182,2.689582231267182,0.015756305605716916,0.015756305605716916,0.9717865023119033,0.9717865023119033,-0.18103548556116714,-0.18103548556116714,True
D:\2026_PD\outputs\locked\phase13_full\predictions\SeasonalHA_h1_seed3407.parquet,SeasonalHA,1,3407,12265,0,12265,1.1484393823112802,1.1484393823112802,0.0,2.689582231267182,2.689582231267182,0.015756305605716916,0.015756305605716916,0.9717865023119033,0.9717865023119033,-0.18103548556116714,-0.18103548556116714,True
D:\2026_PD\outputs\locked\phase13_full\predictions\SeasonalHA_h1_seed42.parquet,SeasonalHA,1,42,12265,0,12265,1.1484393823112802,1.1484393823112802,0.0,2.689582231267182,2.689582231267182,0.015756305605716916,0.015756305605716916,0.9717865023119033,0.9717865023119033,-0.18103548556116714,-0.18103548556116714,True
D:\2026_PD\outputs\locked\phase13_full\predictions\SeasonalHA_h3_seed2024.parquet,SeasonalHA,3,2024,11878,0,11878,1.015958182557622,1.015958182557622,0.0,1.943902548137346,1.943902548137346,0.013636072549114078,0.013636072549114078,0.9849921359505057,0.9849921359505057,-0.18045454158548516,-0.18045454158548516,True
D:\2026_PD\outputs\locked\phase13_full\predictions\SeasonalHA_h3_seed2025.parquet,SeasonalHA,3,2025,11878,0,11878,1.015958182557622,1.015958182557622,0.0,1.943902548137346,1.943902548137346,0.013636072549114078,0.013636072549114078,0.9849921359505057,0.9849921359505057,-0.18045454158548516,-0.18045454158548516,True
D:\2026_PD\outputs\locked\phase13_full\predictions\SeasonalHA_h3_seed2026.parquet,SeasonalHA,3,2026,11878,0,11878,1.015958182557622,1.015958182557622,0.0,1.943902548137346,1.943902548137346,0.013636072549114078,0.013636072549114078,0.9849921359505057,0.9849921359505057,-0.18045454158548516,-0.18045454158548516,True
D:\2026_PD\outputs\locked\phase13_full\predictions\SeasonalHA_h3_seed3407.parquet,SeasonalHA,3,3407,11878,0,11878,1.015958182557622,1.015958182557622,0.0,1.943902548137346,1.943902548137346,0.013636072549114078,0.013636072549114078,0.9849921359505057,0.9849921359505057,-0.18045454158548516,-0.18045454158548516,True
D:\2026_PD\outputs\locked\phase13_full\predictions\SeasonalHA_h3_seed42.parquet,SeasonalHA,3,42,11878,0,11878,1.015958182557622,1.015958182557622,0.0,1.943902548137346,1.943902548137346,0.013636072549114078,0.013636072549114078,0.9849921359505057,0.9849921359505057,-0.18045454158548516,-0.18045454158548516,True
D:\2026_PD\outputs\locked\phase13_full\predictions\SeasonalHA_h6_seed2024.parquet,SeasonalHA,6,2024,12166,51,12115,0.9103676185940277,0.90660400390625,-0.00376361468777775,1.5415282255127518,1.538562329735063,0.012065634145090065,0.012026240460528742,0.9905612302299055,0.9906030777108957,-0.16964441550595186,-0.16341168966068986,False
D:\2026_PD\outputs\locked\phase13_full\predictions\SeasonalHA_h6_seed2025.parquet,SeasonalHA,6,2025,12166,51,12115,0.9103676185940277,0.90660400390625,-0.00376361468777775,1.5415282255127518,1.538562329735063,0.012065634145090065,0.012026240460528742,0.9905612302299055,0.9906030777108957,-0.16964441550595186,-0.16341168966068986,False
D:\2026_PD\outputs\locked\phase13_full\predictions\SeasonalHA_h6_seed2026.parquet,SeasonalHA,6,2026,12166,51,12115,0.9103676185940277,0.90660400390625,-0.00376361468777775,1.5415282255127518,1.538562329735063,0.012065634145090065,0.012026240460528742,0.9905612302299055,0.9906030777108957,-0.16964441550595186,-0.16341168966068986,False
D:\2026_PD\outputs\locked\phase13_full\predictions\SeasonalHA_h6_seed3407.parquet,SeasonalHA,6,3407,12166,51,12115,0.9103676185940277,0.90660400390625,-0.00376361468777775,1.5415282255127518,1.538562329735063,0.012065634145090065,0.012026240460528742,0.9905612302299055,0.9906030777108957,-0.16964441550595186,-0.16341168966068986,False
D:\2026_PD\outputs\locked\phase13_full\predictions\SeasonalHA_h6_seed42.parquet,SeasonalHA,6,42,12166,51,12115,0.9103676185940277,0.90660400390625,-0.00376361468777775,1.5415282255127518,1.538562329735063,0.012065634145090065,0.012026240460528742,0.9905612302299055,0.9906030777108957,-0.16964441550595186,-0.16341168966068986,False
D:\2026_PD\outputs\locked\phase13_full\predictions\ST-Transformer-lite_h1_seed2024.parquet,ST-Transformer-lite,1,2024,12265,0,12265,1.0536606097775385,1.0536606097775385,0.0,2.445787180952758,2.445787180952758,0.014106810123442053,0.014106810123442053,0.9766694699956731,0.9766694699956731,0.28849343409890116,0.28849343409890116,True
D:\2026_PD\outputs\locked\phase13_full\predictions\ST-Transformer-lite_h1_seed2025.parquet,ST-Transformer-lite,1,2025,12265,0,12265,1.0086975192518268,1.0086975192518268,0.0,2.4265423766830563,2.4265423766830563,0.013891966567226674,0.013891966567226674,0.9770351804961179,0.9770351804961179,-0.02809835979027793,-0.02809835979027793,True
D:\2026_PD\outputs\locked\phase13_full\predictions\ST-Transformer-lite_h1_seed2026.parquet,ST-Transformer-lite,1,2026,12265,0,12265,1.1148925384695658,1.1148925384695658,0.0,2.4751620871113245,2.4751620871113245,0.014885370752882755,0.014885370752882755,0.9761056861188789,0.9761056861188789,0.14938998916321175,0.14938998916321175,True
D:\2026_PD\outputs\locked\phase13_full\predictions\ST-Transformer-lite_h1_seed3407.parquet,ST-Transformer-lite,1,3407,12265,0,12265,1.022140058633312,1.022140058633312,0.0,2.5862653543382703,2.5862653543382703,0.01410942715711782,0.01410942715711782,0.9739124412505769,0.9739124412505769,0.22991757196550022,0.22991757196550022,True
D:\2026_PD\outputs\locked\phase13_full\predictions\ST-Transformer-lite_h1_seed42.parquet,ST-Transformer-lite,1,42,12265,0,12265,1.1339109752793435,1.1339109752793435,0.0,2.493446266319621,2.493446266319621,0.01537270023449509,0.01537270023449509,0.9757513646150783,0.9757513646150783,-0.018349609965943727,-0.018349609965943727,True
D:\2026_PD\outputs\locked\phase13_full\predictions\ST-Transformer-lite_h3_seed2024.parquet,ST-Transformer-lite,3,2024,11878,0,11878,1.0312760931651868,1.0312760931651868,0.0,1.8740137401174344,1.8740137401174344,0.013791590747791068,0.013791590747791068,0.9860518872166735,0.9860518872166735,0.284075910424038,0.284075910424038,True
D:\2026_PD\outputs\locked\phase13_full\predictions\ST-Transformer-lite_h3_seed2025.parquet,ST-Transformer-lite,3,2025,11878,0,11878,1.0004095508506712,1.0004095508506712,0.0,1.8352107598052922,1.8352107598052922,0.013482585081355159,0.013482585081355159,0.9866235212954141,0.9866235212954141,0.03608937527640015,0.03608937527640015,True
D:\2026_PD\outputs\locked\phase13_full\predictions\ST-Transformer-lite_h3_seed2026.parquet,ST-Transformer-lite,3,2026,11878,0,11878,0.9530041913509288,0.9530041913509288,0.0,1.825860432244613,1.825860432244613,0.012687298338481943,0.012687298338481943,0.9867594793395543,0.9867594793395543,0.2072539523025618,0.2072539523025618,True
D:\2026_PD\outputs\locked\phase13_full\predictions\ST-Transformer-lite_h3_seed3407.parquet,ST-Transformer-lite,3,3407,11878,0,11878,0.9400040219781134,0.9400040219781134,0.0,1.7767922236294487,1.7767922236294487,0.012693407487486577,0.012693407487486577,0.9874615688817883,0.9874615688817883,0.05876159041713516,0.05876159041713516,True
D:\2026_PD\outputs\locked\phase13_full\predictions\ST-Transformer-lite_h3_seed42.parquet,ST-Transformer-lite,3,42,11878,0,11878,0.9987882171582043,0.9987882171582043,0.0,1.9089679742597874,1.9089679742597874,0.013304354519561317,0.013304354519561317,0.9855267123402073,0.9855267123402073,0.3982382938303436,0.3982382938303436,True
D:\2026_PD\outputs\locked\phase13_full\predictions\ST-Transformer-lite_h6_seed2024.parquet,ST-Transformer-lite,6,2024,12166,51,12115,0.8900082970888388,0.8870205232539159,-0.00298777383492288,1.5310866590641574,1.5280321873614795,0.012005564092546293,0.011972908064985664,0.9906886644946062,0.9907312653188449,0.03363139547448046,0.03878593271643575,False
D:\2026_PD\outputs\locked\phase13_full\predictions\ST-Transformer-lite_h6_seed2025.parquet,ST-Transformer-lite,6,2025,12166,51,12115,0.8797634142941988,0.8767082768533528,-0.0030551374408459564,1.4890291208327708,1.48692025024243,0.011945546132925347,0.011915386426119655,0.9911931862192056,0.9912233092178079,-0.06489592995393556,-0.060226684771831795,False
D:\2026_PD\outputs\locked\phase13_full\predictions\ST-Transformer-lite_h6_seed2026.parquet,ST-Transformer-lite,6,2026,12166,51,12115,0.918715313784919,0.9159404183142549,-0.0027748954706641182,1.6326448907126054,1.6310152395168136,0.012326273332246021,0.012293469509064651,0.9894124396748653,0.989439816050551,0.23945929285689402,0.24501431158540468,False
D:\2026_PD\outputs\locked\phase13_full\predictions\ST-Transformer-lite_h6_seed3407.parquet,ST-Transformer-lite,6,3407,12166,51,12115,0.9311357774409968,0.9283063783854234,-0.002829399055573445,1.770834587062946,1.7708051675544179,0.012588768460865747,0.012561928727088851,0.9875442918890307,0.9875520737445208,0.16866802702838998,0.1742752585291026,False
D:\2026_PD\outputs\locked\phase13_full\predictions\ST-Transformer-lite_h6_seed42.parquet,ST-Transformer-lite,6,42,12166,51,12115,0.8868063855049702,0.8837835484283108,-0.0030228370766594015,1.5564880749260253,1.5546936464625443,0.012107755832152081,0.012073263073007925,0.9903771431320305,0.9904049974841534,0.005139189567609816,0.010204377845452434,False
D:\2026_PD\outputs\locked\phase13_full\predictions\TCN_h1_seed2024.parquet,TCN,1,2024,12265,0,12265,1.2894024442664176,1.2894024442664176,0.0,2.550351453703432,2.550351453703432,0.017392012778627383,0.017392012778627383,0.974631934993262,0.974631934993262,0.4134135577905144,0.4134135577905144,True
D:\2026_PD\outputs\locked\phase13_full\predictions\TCN_h1_seed2025.parquet,TCN,1,2025,12265,0,12265,1.0763352222652567,1.0763352222652567,0.0,2.4200855051295362,2.4200855051295362,0.014533438336166469,0.014533438336166469,0.9771572336762347,0.9771572336762347,0.10064579963295303,0.10064579963295303,True
D:\2026_PD\outputs\locked\phase13_full\predictions\TCN_h1_seed2026.parquet,TCN,1,2026,12265,0,12265,1.1523838764786283,1.1523838764786283,0.0,2.4317375030474984,2.4317375030474984,0.015153756937797545,0.015153756937797545,0.9769367417842464,0.9769367417842464,0.04382194413295144,0.04382194413295144,True
D:\2026_PD\outputs\locked\phase13_full\predictions\TCN_h1_seed3407.parquet,TCN,1,3407,12265,0,12265,1.1110538793689029,1.1110538793689029,0.0,2.4104664274849346,2.4104664274849346,0.014589707925105251,0.014589707925105251,0.9773384584064497,0.9773384584064497,0.3233015218268984,0.3233015218268984,True
D:\2026_PD\outputs\locked\phase13_full\predictions\TCN_h1_seed42.parquet,TCN,1,42,12265,0,12265,1.0808280047522825,1.0808280047522825,0.0,2.4107457541105277,2.4107457541105277,0.01437337826878368,0.01437337826878368,0.9773332060298701,0.9773332060298701,0.1578017533773118,0.1578017533773118,True
D:\2026_PD\outputs\locked\phase13_full\predictions\TCN_h3_seed2024.parquet,TCN,3,2024,11878,0,11878,0.9782033187408884,0.9782033187408884,0.0,1.7975557706969278,1.7975557706969278,0.01306348559106979,0.01306348559106979,0.9871668090580495,0.9871668090580495,0.23495757585825153,0.23495757585825153,True
D:\2026_PD\outputs\locked\phase13_full\predictions\TCN_h3_seed2025.parquet,TCN,3,2025,11878,0,11878,0.9752991474483688,0.9752991474483688,0.0,1.814527271239447,1.814527271239447,0.01298313996663661,0.01298313996663661,0.9869233377004475,0.9869233377004475,0.35882522739089884,0.35882522739089884,True
D:\2026_PD\outputs\locked\phase13_full\predictions\TCN_h3_seed2026.parquet,TCN,3,2026,11878,0,11878,1.0721781453333192,1.0721781453333192,0.0,1.8397670000835094,1.8397670000835094,0.01446227251586436,0.01446227251586436,0.9865570198257783,0.9865570198257783,-0.11483556298138538,-0.11483556298138538,True
D:\2026_PD\outputs\locked\phase13_full\predictions\TCN_h3_seed3407.parquet,TCN,3,3407,11878,0,11878,1.0087301718664803,1.0087301718664803,0.0,1.801372838019881,1.801372838019881,0.013314641920529465,0.013314641920529465,0.9871122492340897,0.9871122492340897,0.09888540098694845,0.09888540098694845,True
D:\2026_PD\outputs\locked\phase13_full\predictions\TCN_h3_seed42.parquet,TCN,3,42,11878,0,11878,1.0222466029308324,1.0222466029308324,0.0,1.8519774583210475,1.8519774583210475,0.0135130376311609,0.0135130376311609,0.9863779866551139,0.9863779866551139,0.16172627042612056,0.16172627042612056,True
D:\2026_PD\outputs\locked\phase13_full\predictions\TCN_h6_seed2024.parquet,TCN,6,2024,12166,51,12115,0.9421427672030442,0.939074173634868,-0.0030685935681762366,1.519236551604223,1.5176564489723847,0.012331570524027852,0.012303102004501314,0.9908322400744151,0.9908567122268677,-0.04315492453474013,-0.03804777194978381,False
D:\2026_PD\outputs\locked\phase13_full\predictions\TCN_h6_seed2025.parquet,TCN,6,2025,12166,51,12115,0.9584343797494643,0.954624582527592,-0.0038097972218723575,1.5635670485159194,1.5601361781326253,0.012670911937124676,0.012630692761726806,0.9902894137662442,0.9903377012542375,0.057642724587300805,0.06342483659052327,False
D:\2026_PD\outputs\locked\phase13_full\predictions\TCN_h6_seed2026.parquet,TCN,6,2026,12166,51,12115,0.9204931759273812,0.9174675293220649,-0.0030256466053163455,1.4977414957878707,1.496046134991989,0.01206770607189041,0.012039371590937382,0.9910898266099588,0.9911152457787479,0.0656099427634118,0.07035656534242965,False
D:\2026_PD\outputs\locked\phase13_full\predictions\TCN_h6_seed3407.parquet,TCN,6,3407,12166,51,12115,0.9484445172745245,0.9452280297241966,-0.0032164875503278845,1.5278579922060087,1.5262409958576206,0.01272620314275529,0.012691957661142308,0.9907278934989292,0.9907529825945627,0.08392813784617961,0.08825617848080247,False
D:\2026_PD\outputs\locked\phase13_full\predictions\TCN_h6_seed42.parquet,TCN,6,42,12166,51,12115,0.9193061027169404,0.9166033994743168,-0.002702703242623561,1.5223382176872675,1.5212766634412327,0.01238272339292095,0.012354030845979084,0.9907947681524744,0.9908130394419804,-0.021380265684439795,-0.017967972891221498,False
D:\2026_PD\outputs\locked\phase13_full\predictions\XGBoost_h1_seed2024.parquet,XGBoost,1,2024,12265,0,12265,0.9666126464271467,0.9666126464271467,0.0,2.2575673804204706,2.2575673804204706,0.012645361233181877,0.012645361233181877,0.9801221815970762,0.9801221815970762,-0.17054236218047736,-0.17054236218047736,True
D:\2026_PD\outputs\locked\phase13_full\predictions\XGBoost_h1_seed2025.parquet,XGBoost,1,2025,12265,0,12265,0.9864562109641236,0.9864562109641236,0.0,2.300100721195666,2.300100721195666,0.012914753846292513,0.012914753846292513,0.9793661160165227,0.9793661160165227,-0.18978190385124122,-0.18978190385124122,True
D:\2026_PD\outputs\locked\phase13_full\predictions\XGBoost_h1_seed2026.parquet,XGBoost,1,2026,12265,0,12265,0.9719442484964899,0.9719442484964899,0.0,2.274192934170031,2.274192934170031,0.012682183320478914,0.012682183320478914,0.9798283284628334,0.9798283284628334,-0.1778705752435335,-0.1778705752435335,True
D:\2026_PD\outputs\locked\phase13_full\predictions\XGBoost_h1_seed3407.parquet,XGBoost,1,3407,12265,0,12265,0.9674360639943038,0.9674360639943038,0.0,2.2658686073388195,2.2658686073388195,0.012659618639472492,0.012659618639472492,0.9799757286853423,0.9799757286853423,-0.1704868685212662,-0.1704868685212662,True
D:\2026_PD\outputs\locked\phase13_full\predictions\XGBoost_h1_seed42.parquet,XGBoost,1,42,12265,0,12265,0.9754881618171627,0.9754881618171627,0.0,2.2737300456448932,2.2737300456448932,0.012777337891027257,0.012777337891027257,0.9798365390987017,0.9798365390987017,-0.18145920900826157,-0.18145920900826157,True
D:\2026_PD\outputs\locked\phase13_full\predictions\XGBoost_h3_seed2024.parquet,XGBoost,3,2024,11878,0,11878,0.8725682599192457,0.8725682599192457,0.0,1.6560855864258712,1.6560855864258712,0.011396740607907713,0.011396740607907713,0.98910730198632,0.98910730198632,-0.15992428056518124,-0.15992428056518124,True
D:\2026_PD\outputs\locked\phase13_full\predictions\XGBoost_h3_seed2025.parquet,XGBoost,3,2025,11878,0,11878,0.8654067557675807,0.8654067557675807,0.0,1.651715349857346,1.651715349857346,0.011320269952951226,0.011320269952951226,0.9891647155125661,0.9891647155125661,-0.15476912700642156,-0.15476912700642156,True
D:\2026_PD\outputs\locked\phase13_full\predictions\XGBoost_h3_seed2026.parquet,XGBoost,3,2026,11878,0,11878,0.8774718724430801,0.8774718724430801,0.0,1.66227703484509,1.66227703484509,0.011437351873785983,0.011437351873785983,0.9890257027656848,0.9890257027656848,-0.1597950256599443,-0.1597950256599443,True
D:\2026_PD\outputs\locked\phase13_full\predictions\XGBoost_h3_seed3407.parquet,XGBoost,3,3407,11878,0,11878,0.8638691671730834,0.8638691671730834,0.0,1.6527685195222583,1.6527685195222583,0.011309029424944363,0.011309029424944363,0.9891508934808098,0.9891508934808098,-0.1390761439497974,-0.1390761439497974,True
D:\2026_PD\outputs\locked\phase13_full\predictions\XGBoost_h3_seed42.parquet,XGBoost,3,42,11878,0,11878,0.8652056803063404,0.8652056803063404,0.0,1.6477636168012721,1.6477636168012721,0.011298214039016539,0.011298214039016539,0.9892165003804825,0.9892165003804825,-0.15146824454072952,-0.15146824454072952,True
D:\2026_PD\outputs\locked\phase13_full\predictions\XGBoost_h6_seed2024.parquet,XGBoost,6,2024,12166,51,12115,0.7843854444191171,0.7816591600519638,-0.0027262843671532755,1.3487850646684223,1.3469804425209704,0.01033726745410498,0.010315107347347535,0.992774000497963,0.9927975869253082,-0.15436512221048365,-0.15022085664491736,False
D:\2026_PD\outputs\locked\phase13_full\predictions\XGBoost_h6_seed2025.parquet,XGBoost,6,2025,12166,51,12115,0.7888537169717829,0.7856246532608643,-0.0032290637109185782,1.3528689250057413,1.3506955526362812,0.010387280412584925,0.010357467515634522,0.992730176394652,0.9927578021487194,-0.15543800377834005,-0.1510296974701671,False
D:\2026_PD\outputs\locked\phase13_full\predictions\XGBoost_h6_seed2026.parquet,XGBoost,6,2026,12166,51,12115,0.7870403119221577,0.7843467652576304,-0.0026935466645273687,1.3547759569338143,1.3529559968471991,0.010363502745946322,0.010342443209986896,0.992709666562828,0.9927335416370207,-0.1522250761038062,-0.14805584670195537,False
D:\2026_PD\outputs\locked\phase13_full\predictions\XGBoost_h6_seed3407.parquet,XGBoost,6,3407,12166,51,12115,0.7897973072366183,0.7868414206195852,-0.0029558866170331655,1.348066913123569,1.3459740022115456,0.010364185141575662,0.010338840887717495,0.9927816933191853,0.9928083459393616,-0.1609303881889618,-0.1565585010070423,False
D:\2026_PD\outputs\locked\phase13_full\predictions\XGBoost_h6_seed42.parquet,XGBoost,6,42,12166,51,12115,0.7833349846233648,0.780271567621361,-0.0030634170020038543,1.3482397623353466,1.346251313164459,0.010325866260794235,0.010298199257262445,0.9927798421371754,0.9928053822418718,-0.14298037347600742,-0.13886451847140965,False
