prediction_file,file_sha256,model,horizon,seed,rows,node_count,timestamp_min,timestamp_max,duplicate_sample_ids,sample_set_sha256,truth_set_sha256,N,MAE_recomputed,RMSE_recomputed,MAPE_recomputed,sMAPE_recomputed,R2_recomputed,Bias_recomputed,MAE_absolute_difference,RMSE_absolute_difference,MAPE_absolute_difference,sMAPE_absolute_difference,R2_absolute_difference,all_stored_metrics_match
D:\2026_PD\outputs\locked\phase13_full\predictions\GRU_h1_seed2024.parquet,39bed638373695245ef1a6c7fc8a221073a0764702bdd0eaa48fe54c7cdb5480,GRU,1,2024,12265,51,2026-02-18 20:00:00,2026-02-28 23:00:00,0,f137b4a55af99d3760e92f98becd75d98b46d8d75dbc2627cfc6712da881e6f6,b5eae531e1e31ab51f1ee3dad551cbd243dc20568f64bf3a5edd8a327acd84c8,12265,1.0536621614713548,2.440587619557492,0.014206186843801856,0.013951320676510642,0.9767685624904269,0.17863901358354448,0.0,0.0,5.551115123125783e-17,5.554556814502121e-12,1.0728589128206067e-09,True
D:\2026_PD\outputs\locked\phase13_full\predictions\GRU_h1_seed2025.parquet,e94fe5272e39612868e47d8196a5f1cc84b10d37168932c2d18679ca9541e856,GRU,1,2025,12265,51,2026-02-18 20:00:00,2026-02-28 23:00:00,0,f137b4a55af99d3760e92f98becd75d98b46d8d75dbc2627cfc6712da881e6f6,b5eae531e1e31ab51f1ee3dad551cbd243dc20568f64bf3a5edd8a327acd84c8,12265,1.0672940662817911,2.440868021947784,0.01442243037757212,0.014227779747922638,0.9767632240016423,0.08398391701861202,0.0,0.0,1.9081958235744878e-17,2.8523662598534116e-11,1.073105271309771e-09,True
D:\2026_PD\outputs\locked\phase13_full\predictions\GRU_h1_seed2026.parquet,5ed18b2c7f2876f966a2b6e7658af03fa9d4e25969e78325fdc3e9ef9c042efa,GRU,1,2026,12265,51,2026-02-18 20:00:00,2026-02-28 23:00:00,0,f137b4a55af99d3760e92f98becd75d98b46d8d75dbc2627cfc6712da881e6f6,b5eae531e1e31ab51f1ee3dad551cbd243dc20568f64bf3a5edd8a327acd84c8,12265,0.9841886541379795,2.382109834878539,0.013430019444956311,0.013140749278265433,0.9778685004896793,0.12961860949099915,1.1102230246251565e-16,0.0,1.0408340855860843e-17,1.2475832866787329e-11,1.0220621016188147e-09,True
D:\2026_PD\outputs\locked\phase13_full\predictions\GRU_h1_seed3407.parquet,d7313c5a8860f8c764fb55903a7578d2b6298f6897dca4055118dae2b3bdfe4f,GRU,1,3407,12265,51,2026-02-18 20:00:00,2026-02-28 23:00:00,0,f137b4a55af99d3760e92f98becd75d98b46d8d75dbc2627cfc6712da881e6f6,b5eae531e1e31ab51f1ee3dad551cbd243dc20568f64bf3a5edd8a327acd84c8,12265,1.0555837347417085,2.4326667463923966,0.014355447261959727,0.014026523929127168,0.9769191120244687,0.20014004417696243,2.220446049250313e-16,4.440892098500626e-16,2.6020852139652106e-17,1.6872831257175314e-11,1.0659062521511942e-09,True
D:\2026_PD\outputs\locked\phase13_full\predictions\GRU_h1_seed42.parquet,119ffa292ec9f74ccc117cb0b993999ab587629050e876f943271dce8bfc5e9d,GRU,1,42,12265,51,2026-02-18 20:00:00,2026-02-28 23:00:00,0,f137b4a55af99d3760e92f98becd75d98b46d8d75dbc2627cfc6712da881e6f6,b5eae531e1e31ab51f1ee3dad551cbd243dc20568f64bf3a5edd8a327acd84c8,12265,1.0824979600933586,2.4775653740748944,0.014863687717831468,0.014559143578232875,0.97605926267693,0.2066697185592558,0.0,0.0,6.765421556309548e-17,1.1284424783486457e-11,1.1056151549837523e-09,True
D:\2026_PD\outputs\locked\phase13_full\predictions\GRU_h3_seed2024.parquet,657315cbb35d813f8f481a926897bdaa16b5fc2f8391932dab666d6fa6a158ee,GRU,3,2024,11878,51,2026-02-18 20:00:00,2026-02-28 21:00:00,0,1e9987e1d992cd551a7f271a4f2b44dccbfad56f0e29b07d5a418293ccdf4fc0,9297e0f15dec631df06034cc43a7c7765ff306c8a0317ed34d08a2c2edb4a1d5,11878,1.0074605787617326,1.7862341298931863,0.013206181763388293,0.013185662949472507,0.987327955908643,-0.10144408653633104,0.0,0.0,9.194034422677078e-17,2.456293848873692e-12,4.910574169514348e-10,True
D:\2026_PD\outputs\locked\phase13_full\predictions\GRU_h3_seed2025.parquet,bfda4a78fc68ed26a719a4f0c567493e17c496a5111220830bbb3f7d04ab3671,GRU,3,2025,11878,51,2026-02-18 20:00:00,2026-02-28 21:00:00,0,1e9987e1d992cd551a7f271a4f2b44dccbfad56f0e29b07d5a418293ccdf4fc0,9297e0f15dec631df06034cc43a7c7765ff306c8a0317ed34d08a2c2edb4a1d5,11878,1.0060004685378312,1.824149725606107,0.013204453689788695,0.013131285067983924,0.9867842786452802,-0.05998500795712835,0.0,0.0,9.540979117872439e-17,2.0851237403363143e-12,5.12125786222839e-10,True
D:\2026_PD\outputs\locked\phase13_full\predictions\GRU_h3_seed2026.parquet,fb6696d3d1a9fd7cdfa07534de37c7966a6d27d2f96f1b8a2250e9143f62cde8,GRU,3,2026,11878,51,2026-02-18 20:00:00,2026-02-28 21:00:00,0,1e9987e1d992cd551a7f271a4f2b44dccbfad56f0e29b07d5a418293ccdf4fc0,9297e0f15dec631df06034cc43a7c7765ff306c8a0317ed34d08a2c2edb4a1d5,11878,1.0681743873934049,1.9146789766254164,0.014213530088407622,0.014044548007093554,0.985439984199781,0.2072988734299094,0.0,0.0,2.2551405187698492e-17,1.5796530750122884e-12,5.642187828058809e-10,True
D:\2026_PD\outputs\locked\phase13_full\predictions\GRU_h3_seed3407.parquet,d2f08cd6a5634b517ac623b9ace5a727b5ab743c2143dd81b3049dd599cb295e,GRU,3,3407,11878,51,2026-02-18 20:00:00,2026-02-28 21:00:00,0,1e9987e1d992cd551a7f271a4f2b44dccbfad56f0e29b07d5a418293ccdf4fc0,9297e0f15dec631df06034cc43a7c7765ff306c8a0317ed34d08a2c2edb4a1d5,11878,1.0338017365249605,1.8037753935965037,0.013406254918869969,0.01337183102898989,0.9870778485976316,-0.10952102585982185,2.220446049250313e-16,2.220446049250313e-16,6.938893903907228e-17,9.138887563375775e-13,5.007495529341099e-10,True
D:\2026_PD\outputs\locked\phase13_full\predictions\GRU_h3_seed42.parquet,c0b0fd44419e1936655ab235e8bda4c78921fda06f05d507c767552737ef04d9,GRU,3,42,11878,51,2026-02-18 20:00:00,2026-02-28 21:00:00,0,1e9987e1d992cd551a7f271a4f2b44dccbfad56f0e29b07d5a418293ccdf4fc0,9297e0f15dec631df06034cc43a7c7765ff306c8a0317ed34d08a2c2edb4a1d5,11878,1.0531255454201351,1.9105882193141714,0.013794873130393697,0.013761832906100871,0.9855021333793976,-0.09521949425713545,0.0,2.220446049250313e-16,9.71445146547012e-17,7.40882875882587e-12,5.618103759985615e-10,True
D:\2026_PD\outputs\locked\phase13_full\predictions\GRU_h6_seed2024.parquet,a919f24139e583397000443a641fbd0cff78a0845e1f0d36bd9e84d1b2eae433,GRU,6,2024,12166,51,2026-02-18 20:00:00,2026-02-28 19:00:00,0,0bc1463b6f27bf8dc20fc5742c8bd56f5ec750d840e4bfe09db6e8fd23758f27,e92c1b6d553ee39ef16adec67dc20b17ce6c75e544ec017316b2a848c330ac32,12166,0.9505013424021896,1.537150595246842,0.012502886470543897,0.01249146080051974,0.9906147625286699,-0.05658384978761411,0.0,0.0,9.71445146547012e-17,1.4576395646059837e-12,2.443782953776008e-10,True
D:\2026_PD\outputs\locked\phase13_full\predictions\GRU_h6_seed2025.parquet,89ad73f6b54cbd42519e732cad422fc51fc7f8c4f285a724d052a6b77cef0b2d,GRU,6,2025,12166,51,2026-02-18 20:00:00,2026-02-28 19:00:00,0,0bc1463b6f27bf8dc20fc5742c8bd56f5ec750d840e4bfe09db6e8fd23758f27,e92c1b6d553ee39ef16adec67dc20b17ce6c75e544ec017316b2a848c330ac32,12166,0.902780271019372,1.4639736841659376,0.011875086607313522,0.011912783307867677,0.9914870717918075,-0.028933833779305706,0.0,0.0,2.2551405187698492e-17,6.035779515078943e-13,2.2166468660600458e-10,True
D:\2026_PD\outputs\locked\phase13_full\predictions\GRU_h6_seed2026.parquet,5dd0bec3c3c7bdbe8ce4a904aec38ce44fdd08585a0e881f7f475c974953bc95,GRU,6,2026,12166,51,2026-02-18 20:00:00,2026-02-28 19:00:00,0,0bc1463b6f27bf8dc20fc5742c8bd56f5ec750d840e4bfe09db6e8fd23758f27,e92c1b6d553ee39ef16adec67dc20b17ce6c75e544ec017316b2a848c330ac32,12166,0.9282782982784373,1.558650568054961,0.012264051096601105,0.012236962373993672,0.9903503856928366,0.02521205446192177,1.1102230246251565e-16,0.0,5.204170427930421e-18,6.7927278385448986e-12,2.512622332417891e-10,True
D:\2026_PD\outputs\locked\phase13_full\predictions\GRU_h6_seed3407.parquet,1ca476684ca02cbddc7a9099c93b7cced6196edf263e6ac46f318f1075093cad,GRU,6,3407,12166,51,2026-02-18 20:00:00,2026-02-28 19:00:00,0,0bc1463b6f27bf8dc20fc5742c8bd56f5ec750d840e4bfe09db6e8fd23758f27,e92c1b6d553ee39ef16adec67dc20b17ce6c75e544ec017316b2a848c330ac32,12166,0.9442457480981674,1.4859898647246328,0.012217423649135724,0.012250902746708852,0.9912291006899252,-0.10387116005286248,0.0,0.0,2.42861286636753e-17,1.031335260248678e-11,2.2838197999419663e-10,True
D:\2026_PD\outputs\locked\phase13_full\predictions\GRU_h6_seed42.parquet,c59b4fe1233ec78b8f1f21b3d72432eaecf3b867edd33e3bd69d81db68282161,GRU,6,42,12166,51,2026-02-18 20:00:00,2026-02-28 19:00:00,0,0bc1463b6f27bf8dc20fc5742c8bd56f5ec750d840e4bfe09db6e8fd23758f27,e92c1b6d553ee39ef16adec67dc20b17ce6c75e544ec017316b2a848c330ac32,12166,1.036771294240906,1.6349907896546962,0.013399721156874806,0.013483725610288587,0.9893819919140201,-0.3370809716533991,0.0,0.0,6.938893903907228e-18,5.790912888103961e-12,2.764780626662855e-10,True
D:\2026_PD\outputs\locked\phase13_full\predictions\HA_h1_seed2024.parquet,12737d9bd4e673d046766834e6b1e45f5568f0961d5da866ba85eebfeb113db6,HA,1,2024,12265,51,2026-02-18 20:00:00,2026-02-28 23:00:00,0,f137b4a55af99d3760e92f98becd75d98b46d8d75dbc2627cfc6712da881e6f6,b5eae531e1e31ab51f1ee3dad551cbd243dc20568f64bf3a5edd8a327acd84c8,12265,1.9087225491398945,3.7858135633876104,0.02845731092884101,0.02804113092056691,0.9441007833727223,-0.18492207999526847,0.0,8.881784197001252e-16,1.0408340855860843e-17,2.2281360784193183e-10,2.5815003468210307e-09,True
D:\2026_PD\outputs\locked\phase13_full\predictions\HA_h1_seed2025.parquet,ce8a75cad5f6040d29df904d3c421836d4295af595caa001f7b118fd1dd789f7,HA,1,2025,12265,51,2026-02-18 20:00:00,2026-02-28 23:00:00,0,f137b4a55af99d3760e92f98becd75d98b46d8d75dbc2627cfc6712da881e6f6,b5eae531e1e31ab51f1ee3dad551cbd243dc20568f64bf3a5edd8a327acd84c8,12265,1.9087225491398945,3.7858135633876104,0.02845731092884101,0.02804113092056691,0.9441007833727223,-0.18492207999526847,0.0,8.881784197001252e-16,1.0408340855860843e-17,2.2281360784193183e-10,2.5815003468210307e-09,True
D:\2026_PD\outputs\locked\phase13_full\predictions\HA_h1_seed2026.parquet,21111b0661f4ba8311d08c9483611ae55f8c5d7e32c2135ef113e094da568f85,HA,1,2026,12265,51,2026-02-18 20:00:00,2026-02-28 23:00:00,0,f137b4a55af99d3760e92f98becd75d98b46d8d75dbc2627cfc6712da881e6f6,b5eae531e1e31ab51f1ee3dad551cbd243dc20568f64bf3a5edd8a327acd84c8,12265,1.9087225491398945,3.7858135633876104,0.02845731092884101,0.02804113092056691,0.9441007833727223,-0.18492207999526847,0.0,8.881784197001252e-16,1.0408340855860843e-17,2.2281360784193183e-10,2.5815003468210307e-09,True
D:\2026_PD\outputs\locked\phase13_full\predictions\HA_h1_seed3407.parquet,cb10f6ea2477cb4b658043fba0914f1bebe18a4e299c073c77752e9d4a243fd3,HA,1,3407,12265,51,2026-02-18 20:00:00,2026-02-28 23:00:00,0,f137b4a55af99d3760e92f98becd75d98b46d8d75dbc2627cfc6712da881e6f6,b5eae531e1e31ab51f1ee3dad551cbd243dc20568f64bf3a5edd8a327acd84c8,12265,1.9087225491398945,3.7858135633876104,0.02845731092884101,0.02804113092056691,0.9441007833727223,-0.18492207999526847,0.0,8.881784197001252e-16,1.0408340855860843e-17,2.2281360784193183e-10,2.5815003468210307e-09,True
D:\2026_PD\outputs\locked\phase13_full\predictions\HA_h1_seed42.parquet,9ddf219588a9b5f9bec8468616900d68b9f7d0516a9a073a8bbe2e5365361577,HA,1,42,12265,51,2026-02-18 20:00:00,2026-02-28 23:00:00,0,f137b4a55af99d3760e92f98becd75d98b46d8d75dbc2627cfc6712da881e6f6,b5eae531e1e31ab51f1ee3dad551cbd243dc20568f64bf3a5edd8a327acd84c8,12265,1.9087225491398945,3.7858135633876104,0.02845731092884101,0.02804113092056691,0.9441007833727223,-0.18492207999526847,0.0,8.881784197001252e-16,1.0408340855860843e-17,2.2281360784193183e-10,2.5815003468210307e-09,True
D:\2026_PD\outputs\locked\phase13_full\predictions\HA_h3_seed2024.parquet,fa17c1c09ff73816c8d255c201873cf326e0bea1c9784a77208901c37f76af63,HA,3,2024,11878,51,2026-02-18 20:00:00,2026-02-28 21:00:00,0,1e9987e1d992cd551a7f271a4f2b44dccbfad56f0e29b07d5a418293ccdf4fc0,9297e0f15dec631df06034cc43a7c7765ff306c8a0317ed34d08a2c2edb4a1d5,11878,1.7670076734430764,3.2212536206255273,0.026058096099681634,0.025966849841149046,0.9587883741583653,-0.19807504848872678,0.0,4.440892098500626e-16,3.469446951953614e-17,9.525794736342519e-11,1.597001642039686e-09,True
D:\2026_PD\outputs\locked\phase13_full\predictions\HA_h3_seed2025.parquet,1859180ce8e8036111cb928a51f93aa865d727706d1ae20ececd208c1382cd90,HA,3,2025,11878,51,2026-02-18 20:00:00,2026-02-28 21:00:00,0,1e9987e1d992cd551a7f271a4f2b44dccbfad56f0e29b07d5a418293ccdf4fc0,9297e0f15dec631df06034cc43a7c7765ff306c8a0317ed34d08a2c2edb4a1d5,11878,1.7670076734430764,3.2212536206255273,0.026058096099681634,0.025966849841149046,0.9587883741583653,-0.19807504848872678,0.0,4.440892098500626e-16,3.469446951953614e-17,9.525794736342519e-11,1.597001642039686e-09,True
D:\2026_PD\outputs\locked\phase13_full\predictions\HA_h3_seed2026.parquet,19a372cf94ad8f8debca6d98d668fe030b241e66f26df24bed24e71c7b033f2f,HA,3,2026,11878,51,2026-02-18 20:00:00,2026-02-28 21:00:00,0,1e9987e1d992cd551a7f271a4f2b44dccbfad56f0e29b07d5a418293ccdf4fc0,9297e0f15dec631df06034cc43a7c7765ff306c8a0317ed34d08a2c2edb4a1d5,11878,1.7670076734430764,3.2212536206255273,0.026058096099681634,0.025966849841149046,0.9587883741583653,-0.19807504848872678,0.0,4.440892098500626e-16,3.469446951953614e-17,9.525794736342519e-11,1.597001642039686e-09,True
D:\2026_PD\outputs\locked\phase13_full\predictions\HA_h3_seed3407.parquet,8b68a30dcb3814d71054c2f8463eb01cfa5e80495f39547dfabd67443996cc6b,HA,3,3407,11878,51,2026-02-18 20:00:00,2026-02-28 21:00:00,0,1e9987e1d992cd551a7f271a4f2b44dccbfad56f0e29b07d5a418293ccdf4fc0,9297e0f15dec631df06034cc43a7c7765ff306c8a0317ed34d08a2c2edb4a1d5,11878,1.7670076734430764,3.2212536206255273,0.026058096099681634,0.025966849841149046,0.9587883741583653,-0.19807504848872678,0.0,4.440892098500626e-16,3.469446951953614e-17,9.525794736342519e-11,1.597001642039686e-09,True
D:\2026_PD\outputs\locked\phase13_full\predictions\HA_h3_seed42.parquet,aebe35da2c7f9bc3122128261d57c2725d124c4871abc7f2863d4a73aba39865,HA,3,42,11878,51,2026-02-18 20:00:00,2026-02-28 21:00:00,0,1e9987e1d992cd551a7f271a4f2b44dccbfad56f0e29b07d5a418293ccdf4fc0,9297e0f15dec631df06034cc43a7c7765ff306c8a0317ed34d08a2c2edb4a1d5,11878,1.7670076734430764,3.2212536206255273,0.026058096099681634,0.025966849841149046,0.9587883741583653,-0.19807504848872678,0.0,4.440892098500626e-16,3.469446951953614e-17,9.525794736342519e-11,1.597001642039686e-09,True
D:\2026_PD\outputs\locked\phase13_full\predictions\HA_h6_seed2024.parquet,2deebdf8f028c60a30a960205f2e80a5e1f0e7b9ef0c61abacac928136d4e8b9,HA,6,2024,12166,51,2026-02-18 20:00:00,2026-02-28 19:00:00,0,0bc1463b6f27bf8dc20fc5742c8bd56f5ec750d840e4bfe09db6e8fd23758f27,e92c1b6d553ee39ef16adec67dc20b17ce6c75e544ec017316b2a848c330ac32,12166,1.555868891613001,2.78390590069934,0.02290946800058045,0.02290049678587965,0.9692162492646328,-0.1840234600006309,0.0,0.0,5.204170427930421e-17,4.142614723479099e-11,8.015655916793207e-10,True
D:\2026_PD\outputs\locked\phase13_full\predictions\HA_h6_seed2025.parquet,425c2ebef658715ec5b28a6b01d898342217bd6fc5c88ce56329de2b5146e061,HA,6,2025,12166,51,2026-02-18 20:00:00,2026-02-28 19:00:00,0,0bc1463b6f27bf8dc20fc5742c8bd56f5ec750d840e4bfe09db6e8fd23758f27,e92c1b6d553ee39ef16adec67dc20b17ce6c75e544ec017316b2a848c330ac32,12166,1.555868891613001,2.78390590069934,0.02290946800058045,0.02290049678587965,0.9692162492646328,-0.1840234600006309,0.0,0.0,5.204170427930421e-17,4.142614723479099e-11,8.015655916793207e-10,True
D:\2026_PD\outputs\locked\phase13_full\predictions\HA_h6_seed2026.parquet,e00e9ee40b3d3cb2b5f7555f4703c01b5f1a5deaa5b9b957f33a04c26e054d75,HA,6,2026,12166,51,2026-02-18 20:00:00,2026-02-28 19:00:00,0,0bc1463b6f27bf8dc20fc5742c8bd56f5ec750d840e4bfe09db6e8fd23758f27,e92c1b6d553ee39ef16adec67dc20b17ce6c75e544ec017316b2a848c330ac32,12166,1.555868891613001,2.78390590069934,0.02290946800058045,0.02290049678587965,0.9692162492646328,-0.1840234600006309,0.0,0.0,5.204170427930421e-17,4.142614723479099e-11,8.015655916793207e-10,True
D:\2026_PD\outputs\locked\phase13_full\predictions\HA_h6_seed3407.parquet,0db261fd2bded56b127ccb00159f975e25549000a6a89b9bda66280021dd147f,HA,6,3407,12166,51,2026-02-18 20:00:00,2026-02-28 19:00:00,0,0bc1463b6f27bf8dc20fc5742c8bd56f5ec750d840e4bfe09db6e8fd23758f27,e92c1b6d553ee39ef16adec67dc20b17ce6c75e544ec017316b2a848c330ac32,12166,1.555868891613001,2.78390590069934,0.02290946800058045,0.02290049678587965,0.9692162492646328,-0.1840234600006309,0.0,0.0,5.204170427930421e-17,4.142614723479099e-11,8.015655916793207e-10,True
D:\2026_PD\outputs\locked\phase13_full\predictions\HA_h6_seed42.parquet,92f1fe7affe8a33d9b5275f1e1c6b15d9a521c98b52fb4552e6a6d9aa93add80,HA,6,42,12166,51,2026-02-18 20:00:00,2026-02-28 19:00:00,0,0bc1463b6f27bf8dc20fc5742c8bd56f5ec750d840e4bfe09db6e8fd23758f27,e92c1b6d553ee39ef16adec67dc20b17ce6c75e544ec017316b2a848c330ac32,12166,1.555868891613001,2.78390590069934,0.02290946800058045,0.02290049678587965,0.9692162492646328,-0.1840234600006309,0.0,0.0,5.204170427930421e-17,4.142614723479099e-11,8.015655916793207e-10,True
D:\2026_PD\outputs\locked\phase13_full\predictions\Persistence_h1_seed2024.parquet,06b47add85b8d818719ead999c10b07230eebfc499876c023ed7c40c0aa6efff,Persistence,1,2024,12265,51,2026-02-18 20:00:00,2026-02-28 23:00:00,0,f137b4a55af99d3760e92f98becd75d98b46d8d75dbc2627cfc6712da881e6f6,b5eae531e1e31ab51f1ee3dad551cbd243dc20568f64bf3a5edd8a327acd84c8,12265,1.0493704965733723,3.1935336818078524,0.014988657720901665,0.014806317236428597,0.960223160039433,-0.01680722833408709,0.0,0.0,6.591949208711867e-17,6.553958764587975e-13,1.8369475940360758e-09,True
D:\2026_PD\outputs\locked\phase13_full\predictions\Persistence_h1_seed2025.parquet,afec8e152a5b6add62a2445f6497146dcffe3b8e868a9ecce7ab2849293cfa76,Persistence,1,2025,12265,51,2026-02-18 20:00:00,2026-02-28 23:00:00,0,f137b4a55af99d3760e92f98becd75d98b46d8d75dbc2627cfc6712da881e6f6,b5eae531e1e31ab51f1ee3dad551cbd243dc20568f64bf3a5edd8a327acd84c8,12265,1.0493704965733723,3.1935336818078524,0.014988657720901665,0.014806317236428597,0.960223160039433,-0.01680722833408709,0.0,0.0,6.591949208711867e-17,6.553958764587975e-13,1.8369475940360758e-09,True
D:\2026_PD\outputs\locked\phase13_full\predictions\Persistence_h1_seed2026.parquet,466a59f67efa3196ae6e4f826b3f412e363c45a5081a74ac8b35270fd119ff5f,Persistence,1,2026,12265,51,2026-02-18 20:00:00,2026-02-28 23:00:00,0,f137b4a55af99d3760e92f98becd75d98b46d8d75dbc2627cfc6712da881e6f6,b5eae531e1e31ab51f1ee3dad551cbd243dc20568f64bf3a5edd8a327acd84c8,12265,1.0493704965733723,3.1935336818078524,0.014988657720901665,0.014806317236428597,0.960223160039433,-0.01680722833408709,0.0,0.0,6.591949208711867e-17,6.553958764587975e-13,1.8369475940360758e-09,True
D:\2026_PD\outputs\locked\phase13_full\predictions\Persistence_h1_seed3407.parquet,f65640ee46184f911292f6743051ce46dcf2ba24a9a17a345c591711f4444266,Persistence,1,3407,12265,51,2026-02-18 20:00:00,2026-02-28 23:00:00,0,f137b4a55af99d3760e92f98becd75d98b46d8d75dbc2627cfc6712da881e6f6,b5eae531e1e31ab51f1ee3dad551cbd243dc20568f64bf3a5edd8a327acd84c8,12265,1.0493704965733723,3.1935336818078524,0.014988657720901665,0.014806317236428597,0.960223160039433,-0.01680722833408709,0.0,0.0,6.591949208711867e-17,6.553958764587975e-13,1.8369475940360758e-09,True
D:\2026_PD\outputs\locked\phase13_full\predictions\Persistence_h1_seed42.parquet,6f10495cf02991a21b5dfd39392924c3ee9539af659059deeda17de53da95fcd,Persistence,1,42,12265,51,2026-02-18 20:00:00,2026-02-28 23:00:00,0,f137b4a55af99d3760e92f98becd75d98b46d8d75dbc2627cfc6712da881e6f6,b5eae531e1e31ab51f1ee3dad551cbd243dc20568f64bf3a5edd8a327acd84c8,12265,1.0493704965733723,3.1935336818078524,0.014988657720901665,0.014806317236428597,0.960223160039433,-0.01680722833408709,0.0,0.0,6.591949208711867e-17,6.553958764587975e-13,1.8369475940360758e-09,True
D:\2026_PD\outputs\locked\phase13_full\predictions\Persistence_h3_seed2024.parquet,2c8dad7dabcbfa71419ebd35cc16c4867c534021026da8ab29226a33a96b3417,Persistence,3,2024,11878,51,2026-02-18 20:00:00,2026-02-28 21:00:00,0,1e9987e1d992cd551a7f271a4f2b44dccbfad56f0e29b07d5a418293ccdf4fc0,9297e0f15dec631df06034cc43a7c7765ff306c8a0317ed34d08a2c2edb4a1d5,11878,1.3107006714026481,3.2709789138092544,0.018898764695262426,0.018847127725616166,0.9575062168034513,-0.026414686550815452,2.220446049250313e-16,0.0,2.42861286636753e-17,1.2405434318685238e-11,1.6466868979492233e-09,True
D:\2026_PD\outputs\locked\phase13_full\predictions\Persistence_h3_seed2025.parquet,acb088f455210a6d9217681aeb0dd1142eb5a3583fc02d9a178eb535c9227053,Persistence,3,2025,11878,51,2026-02-18 20:00:00,2026-02-28 21:00:00,0,1e9987e1d992cd551a7f271a4f2b44dccbfad56f0e29b07d5a418293ccdf4fc0,9297e0f15dec631df06034cc43a7c7765ff306c8a0317ed34d08a2c2edb4a1d5,11878,1.3107006714026481,3.2709789138092544,0.018898764695262426,0.018847127725616166,0.9575062168034513,-0.026414686550815452,2.220446049250313e-16,0.0,2.42861286636753e-17,1.2405434318685238e-11,1.6466868979492233e-09,True
D:\2026_PD\outputs\locked\phase13_full\predictions\Persistence_h3_seed2026.parquet,742bfc32e68a954f4dfab106830b4846d4ef637cb71c4b8fc9ad93ada2eb4be7,Persistence,3,2026,11878,51,2026-02-18 20:00:00,2026-02-28 21:00:00,0,1e9987e1d992cd551a7f271a4f2b44dccbfad56f0e29b07d5a418293ccdf4fc0,9297e0f15dec631df06034cc43a7c7765ff306c8a0317ed34d08a2c2edb4a1d5,11878,1.3107006714026481,3.2709789138092544,0.018898764695262426,0.018847127725616166,0.9575062168034513,-0.026414686550815452,2.220446049250313e-16,0.0,2.42861286636753e-17,1.2405434318685238e-11,1.6466868979492233e-09,True
D:\2026_PD\outputs\locked\phase13_full\predictions\Persistence_h3_seed3407.parquet,c6475733188248da795cbdc7f6220f203d6f0496af7db704e8972ef8ce09d884,Persistence,3,3407,11878,51,2026-02-18 20:00:00,2026-02-28 21:00:00,0,1e9987e1d992cd551a7f271a4f2b44dccbfad56f0e29b07d5a418293ccdf4fc0,9297e0f15dec631df06034cc43a7c7765ff306c8a0317ed34d08a2c2edb4a1d5,11878,1.3107006714026481,3.2709789138092544,0.018898764695262426,0.018847127725616166,0.9575062168034513,-0.026414686550815452,2.220446049250313e-16,0.0,2.42861286636753e-17,1.2405434318685238e-11,1.6466868979492233e-09,True
D:\2026_PD\outputs\locked\phase13_full\predictions\Persistence_h3_seed42.parquet,4676e3c54de59c86723896348414a8d9f48f571ec5e4c9818bc19bed969e754f,Persistence,3,42,11878,51,2026-02-18 20:00:00,2026-02-28 21:00:00,0,1e9987e1d992cd551a7f271a4f2b44dccbfad56f0e29b07d5a418293ccdf4fc0,9297e0f15dec631df06034cc43a7c7765ff306c8a0317ed34d08a2c2edb4a1d5,11878,1.3107006714026481,3.2709789138092544,0.018898764695262426,0.018847127725616166,0.9575062168034513,-0.026414686550815452,2.220446049250313e-16,0.0,2.42861286636753e-17,1.2405434318685238e-11,1.6466868979492233e-09,True
D:\2026_PD\outputs\locked\phase13_full\predictions\Persistence_h6_seed2024.parquet,b68097801b49532fb052a335f9bc00cb4a739f66ea5946b1b40b07e85308d0d1,Persistence,6,2024,12166,51,2026-02-18 20:00:00,2026-02-28 19:00:00,0,0bc1463b6f27bf8dc20fc5742c8bd56f5ec750d840e4bfe09db6e8fd23758f27,e92c1b6d553ee39ef16adec67dc20b17ce6c75e544ec017316b2a848c330ac32,12166,1.6025600083736964,3.6998692720239874,0.023514947174947665,0.02358369713230953,0.9456267628970438,-0.01961755619303051,0.0,0.0,6.591949208711867e-17,2.3715127084322773e-11,1.4158022532129166e-09,True
D:\2026_PD\outputs\locked\phase13_full\predictions\Persistence_h6_seed2025.parquet,aeee5cd885d4848b9b2c8f6494a1609c1790029cc39835f4dbe85578b65ebecd,Persistence,6,2025,12166,51,2026-02-18 20:00:00,2026-02-28 19:00:00,0,0bc1463b6f27bf8dc20fc5742c8bd56f5ec750d840e4bfe09db6e8fd23758f27,e92c1b6d553ee39ef16adec67dc20b17ce6c75e544ec017316b2a848c330ac32,12166,1.6025600083736964,3.6998692720239874,0.023514947174947665,0.02358369713230953,0.9456267628970438,-0.01961755619303051,0.0,0.0,6.591949208711867e-17,2.3715127084322773e-11,1.4158022532129166e-09,True
D:\2026_PD\outputs\locked\phase13_full\predictions\Persistence_h6_seed2026.parquet,d697153d28fda81e062db69d97e8e05ab4e03e9db06d7b267495ddc8fc366a0e,Persistence,6,2026,12166,51,2026-02-18 20:00:00,2026-02-28 19:00:00,0,0bc1463b6f27bf8dc20fc5742c8bd56f5ec750d840e4bfe09db6e8fd23758f27,e92c1b6d553ee39ef16adec67dc20b17ce6c75e544ec017316b2a848c330ac32,12166,1.6025600083736964,3.6998692720239874,0.023514947174947665,0.02358369713230953,0.9456267628970438,-0.01961755619303051,0.0,0.0,6.591949208711867e-17,2.3715127084322773e-11,1.4158022532129166e-09,True
D:\2026_PD\outputs\locked\phase13_full\predictions\Persistence_h6_seed3407.parquet,50b57e32870f38947deb6c55949c5261407838fdaad2110420141a3b27dea1dc,Persistence,6,3407,12166,51,2026-02-18 20:00:00,2026-02-28 19:00:00,0,0bc1463b6f27bf8dc20fc5742c8bd56f5ec750d840e4bfe09db6e8fd23758f27,e92c1b6d553ee39ef16adec67dc20b17ce6c75e544ec017316b2a848c330ac32,12166,1.6025600083736964,3.6998692720239874,0.023514947174947665,0.02358369713230953,0.9456267628970438,-0.01961755619303051,0.0,0.0,6.591949208711867e-17,2.3715127084322773e-11,1.4158022532129166e-09,True
D:\2026_PD\outputs\locked\phase13_full\predictions\Persistence_h6_seed42.parquet,d678792c9aa1fb6a0d8a2936d8644792117584ba984c59a04faf51f8d6ed9f12,Persistence,6,42,12166,51,2026-02-18 20:00:00,2026-02-28 19:00:00,0,0bc1463b6f27bf8dc20fc5742c8bd56f5ec750d840e4bfe09db6e8fd23758f27,e92c1b6d553ee39ef16adec67dc20b17ce6c75e544ec017316b2a848c330ac32,12166,1.6025600083736964,3.6998692720239874,0.023514947174947665,0.02358369713230953,0.9456267628970438,-0.01961755619303051,0.0,0.0,6.591949208711867e-17,2.3715127084322773e-11,1.4158022532129166e-09,True
D:\2026_PD\outputs\locked\phase13_full\predictions\SeasonalHA_h1_seed2024.parquet,22e363f1cbc1b16aace7c03f70949b7df54c3e02d22c6c3a2a2a8a9c982be15d,SeasonalHA,1,2024,12265,51,2026-02-18 20:00:00,2026-02-28 23:00:00,0,f137b4a55af99d3760e92f98becd75d98b46d8d75dbc2627cfc6712da881e6f6,b5eae531e1e31ab51f1ee3dad551cbd243dc20568f64bf3a5edd8a327acd84c8,12265,1.1484393823112802,2.689582231267182,0.015924088246952156,0.015756305605716916,0.9717865023119033,-0.18103548556116714,0.0,0.0,5.551115123125783e-17,5.066155828181707e-13,1.3029369805295232e-09,True
D:\2026_PD\outputs\locked\phase13_full\predictions\SeasonalHA_h1_seed2025.parquet,89cc17d383dce84c1628c4623e380fa766c44dbfcd71021908e12d7137297352,SeasonalHA,1,2025,12265,51,2026-02-18 20:00:00,2026-02-28 23:00:00,0,f137b4a55af99d3760e92f98becd75d98b46d8d75dbc2627cfc6712da881e6f6,b5eae531e1e31ab51f1ee3dad551cbd243dc20568f64bf3a5edd8a327acd84c8,12265,1.1484393823112802,2.689582231267182,0.015924088246952156,0.015756305605716916,0.9717865023119033,-0.18103548556116714,0.0,0.0,5.551115123125783e-17,5.066155828181707e-13,1.3029369805295232e-09,True
D:\2026_PD\outputs\locked\phase13_full\predictions\SeasonalHA_h1_seed2026.parquet,af68d7b89bc7755414773d889c9724e0f3c94913d87d5bb279e45cd2f8c3ef3d,SeasonalHA,1,2026,12265,51,2026-02-18 20:00:00,2026-02-28 23:00:00,0,f137b4a55af99d3760e92f98becd75d98b46d8d75dbc2627cfc6712da881e6f6,b5eae531e1e31ab51f1ee3dad551cbd243dc20568f64bf3a5edd8a327acd84c8,12265,1.1484393823112802,2.689582231267182,0.015924088246952156,0.015756305605716916,0.9717865023119033,-0.18103548556116714,0.0,0.0,5.551115123125783e-17,5.066155828181707e-13,1.3029369805295232e-09,True
D:\2026_PD\outputs\locked\phase13_full\predictions\SeasonalHA_h1_seed3407.parquet,b866e331cdf3f748ddc827322c0ca0f316d2f4afd242c477e3ba829515a379bf,SeasonalHA,1,3407,12265,51,2026-02-18 20:00:00,2026-02-28 23:00:00,0,f137b4a55af99d3760e92f98becd75d98b46d8d75dbc2627cfc6712da881e6f6,b5eae531e1e31ab51f1ee3dad551cbd243dc20568f64bf3a5edd8a327acd84c8,12265,1.1484393823112802,2.689582231267182,0.015924088246952156,0.015756305605716916,0.9717865023119033,-0.18103548556116714,0.0,0.0,5.551115123125783e-17,5.066155828181707e-13,1.3029369805295232e-09,True
D:\2026_PD\outputs\locked\phase13_full\predictions\SeasonalHA_h1_seed42.parquet,1493c2c40fbc0f7471071a755923e6a933c81c8248dfe047e5c7bf5a08ce419f,SeasonalHA,1,42,12265,51,2026-02-18 20:00:00,2026-02-28 23:00:00,0,f137b4a55af99d3760e92f98becd75d98b46d8d75dbc2627cfc6712da881e6f6,b5eae531e1e31ab51f1ee3dad551cbd243dc20568f64bf3a5edd8a327acd84c8,12265,1.1484393823112802,2.689582231267182,0.015924088246952156,0.015756305605716916,0.9717865023119033,-0.18103548556116714,0.0,0.0,5.551115123125783e-17,5.066155828181707e-13,1.3029369805295232e-09,True
D:\2026_PD\outputs\locked\phase13_full\predictions\SeasonalHA_h3_seed2024.parquet,c5d00ed95d51c61794ecb8f9d839a9292af98b2e32039f515be46ac0e2a146d7,SeasonalHA,3,2024,11878,51,2026-02-18 20:00:00,2026-02-28 21:00:00,0,1e9987e1d992cd551a7f271a4f2b44dccbfad56f0e29b07d5a418293ccdf4fc0,9297e0f15dec631df06034cc43a7c7765ff306c8a0317ed34d08a2c2edb4a1d5,11878,1.015958182557622,1.943902548137346,0.013621856952836898,0.013636072549114078,0.9849921359505057,-0.18045454158548516,0.0,0.0,9.71445146547012e-17,3.850378349490313e-12,5.815733450376115e-10,True
D:\2026_PD\outputs\locked\phase13_full\predictions\SeasonalHA_h3_seed2025.parquet,fcae2fcec22e6b177b9531c9dae0de2a98093cf4d2aa1d7884773ae60559ebe7,SeasonalHA,3,2025,11878,51,2026-02-18 20:00:00,2026-02-28 21:00:00,0,1e9987e1d992cd551a7f271a4f2b44dccbfad56f0e29b07d5a418293ccdf4fc0,9297e0f15dec631df06034cc43a7c7765ff306c8a0317ed34d08a2c2edb4a1d5,11878,1.015958182557622,1.943902548137346,0.013621856952836898,0.013636072549114078,0.9849921359505057,-0.18045454158548516,0.0,0.0,9.71445146547012e-17,3.850378349490313e-12,5.815733450376115e-10,True
D:\2026_PD\outputs\locked\phase13_full\predictions\SeasonalHA_h3_seed2026.parquet,9a05be717a5f9fe4e370767c7c8320467535df43589b5d713a3d012644ea9359,SeasonalHA,3,2026,11878,51,2026-02-18 20:00:00,2026-02-28 21:00:00,0,1e9987e1d992cd551a7f271a4f2b44dccbfad56f0e29b07d5a418293ccdf4fc0,9297e0f15dec631df06034cc43a7c7765ff306c8a0317ed34d08a2c2edb4a1d5,11878,1.015958182557622,1.943902548137346,0.013621856952836898,0.013636072549114078,0.9849921359505057,-0.18045454158548516,0.0,0.0,9.71445146547012e-17,3.850378349490313e-12,5.815733450376115e-10,True
D:\2026_PD\outputs\locked\phase13_full\predictions\SeasonalHA_h3_seed3407.parquet,1b4af14b7f4b84bca65f30fcaa99e50c61da6e95e674620c06a0eca9d48dedb7,SeasonalHA,3,3407,11878,51,2026-02-18 20:00:00,2026-02-28 21:00:00,0,1e9987e1d992cd551a7f271a4f2b44dccbfad56f0e29b07d5a418293ccdf4fc0,9297e0f15dec631df06034cc43a7c7765ff306c8a0317ed34d08a2c2edb4a1d5,11878,1.015958182557622,1.943902548137346,0.013621856952836898,0.013636072549114078,0.9849921359505057,-0.18045454158548516,0.0,0.0,9.71445146547012e-17,3.850378349490313e-12,5.815733450376115e-10,True
D:\2026_PD\outputs\locked\phase13_full\predictions\SeasonalHA_h3_seed42.parquet,0165f10069dc3603956b5856e7a7a075bf2d376fecad1273b38ea456b16e5233,SeasonalHA,3,42,11878,51,2026-02-18 20:00:00,2026-02-28 21:00:00,0,1e9987e1d992cd551a7f271a4f2b44dccbfad56f0e29b07d5a418293ccdf4fc0,9297e0f15dec631df06034cc43a7c7765ff306c8a0317ed34d08a2c2edb4a1d5,11878,1.015958182557622,1.943902548137346,0.013621856952836898,0.013636072549114078,0.9849921359505057,-0.18045454158548516,0.0,0.0,9.71445146547012e-17,3.850378349490313e-12,5.815733450376115e-10,True
D:\2026_PD\outputs\locked\phase13_full\predictions\SeasonalHA_h6_seed2024.parquet,80d444a592b870ad9844a3adb9731622e0e06479cb2177673004455eb7cf23a2,SeasonalHA,6,2024,12166,51,2026-02-18 20:00:00,2026-02-28 19:00:00,0,0bc1463b6f27bf8dc20fc5742c8bd56f5ec750d840e4bfe09db6e8fd23758f27,e92c1b6d553ee39ef16adec67dc20b17ce6c75e544ec017316b2a848c330ac32,12166,0.9103676185940277,1.5415282255127518,0.012020557001625999,0.012065634145090065,0.9905612302299055,-0.16964441550595186,1.1102230246251565e-16,0.0,9.8879238130678e-17,3.0571344067364947e-12,2.4577229140732015e-10,True
D:\2026_PD\outputs\locked\phase13_full\predictions\SeasonalHA_h6_seed2025.parquet,999525c3cd1abaac39c640a44348fcd8b558fbf91420c43990ec98039af284eb,SeasonalHA,6,2025,12166,51,2026-02-18 20:00:00,2026-02-28 19:00:00,0,0bc1463b6f27bf8dc20fc5742c8bd56f5ec750d840e4bfe09db6e8fd23758f27,e92c1b6d553ee39ef16adec67dc20b17ce6c75e544ec017316b2a848c330ac32,12166,0.9103676185940277,1.5415282255127518,0.012020557001625999,0.012065634145090065,0.9905612302299055,-0.16964441550595186,1.1102230246251565e-16,0.0,9.8879238130678e-17,3.0571344067364947e-12,2.4577229140732015e-10,True
D:\2026_PD\outputs\locked\phase13_full\predictions\SeasonalHA_h6_seed2026.parquet,1b11c28f5d62a715687f0d944856f25435c759de9b200b5a3baba1d4c943cbb5,SeasonalHA,6,2026,12166,51,2026-02-18 20:00:00,2026-02-28 19:00:00,0,0bc1463b6f27bf8dc20fc5742c8bd56f5ec750d840e4bfe09db6e8fd23758f27,e92c1b6d553ee39ef16adec67dc20b17ce6c75e544ec017316b2a848c330ac32,12166,0.9103676185940277,1.5415282255127518,0.012020557001625999,0.012065634145090065,0.9905612302299055,-0.16964441550595186,1.1102230246251565e-16,0.0,9.8879238130678e-17,3.0571344067364947e-12,2.4577229140732015e-10,True
D:\2026_PD\outputs\locked\phase13_full\predictions\SeasonalHA_h6_seed3407.parquet,c8939d259dbe192b0bba8654cff91246ead544a6eb65c1cb80f67a04c9851063,SeasonalHA,6,3407,12166,51,2026-02-18 20:00:00,2026-02-28 19:00:00,0,0bc1463b6f27bf8dc20fc5742c8bd56f5ec750d840e4bfe09db6e8fd23758f27,e92c1b6d553ee39ef16adec67dc20b17ce6c75e544ec017316b2a848c330ac32,12166,0.9103676185940277,1.5415282255127518,0.012020557001625999,0.012065634145090065,0.9905612302299055,-0.16964441550595186,1.1102230246251565e-16,0.0,9.8879238130678e-17,3.0571344067364947e-12,2.4577229140732015e-10,True
D:\2026_PD\outputs\locked\phase13_full\predictions\SeasonalHA_h6_seed42.parquet,be0d3705904597412fbde3125a34f1f0ac653302e85d2cdf9dabc2e1ad48eb44,SeasonalHA,6,42,12166,51,2026-02-18 20:00:00,2026-02-28 19:00:00,0,0bc1463b6f27bf8dc20fc5742c8bd56f5ec750d840e4bfe09db6e8fd23758f27,e92c1b6d553ee39ef16adec67dc20b17ce6c75e544ec017316b2a848c330ac32,12166,0.9103676185940277,1.5415282255127518,0.012020557001625999,0.012065634145090065,0.9905612302299055,-0.16964441550595186,1.1102230246251565e-16,0.0,9.8879238130678e-17,3.0571344067364947e-12,2.4577229140732015e-10,True
D:\2026_PD\outputs\locked\phase13_full\predictions\ST-Transformer-lite_h1_seed2024.parquet,9a833f59cb4be67cae9a7789bacae0810909ad30eb2ecbbf13b548aee99d5f2f,ST-Transformer-lite,1,2024,12265,51,2026-02-18 20:00:00,2026-02-28 23:00:00,0,f137b4a55af99d3760e92f98becd75d98b46d8d75dbc2627cfc6712da881e6f6,b5eae531e1e31ab51f1ee3dad551cbd243dc20568f64bf3a5edd8a327acd84c8,12265,1.0536606097775385,2.445787180952758,0.014545430010795477,0.014106810123442053,0.9766694699956731,0.28849343409890116,0.0,0.0,7.632783294297951e-17,9.45304771959865e-12,1.0774350300835067e-09,True
D:\2026_PD\outputs\locked\phase13_full\predictions\ST-Transformer-lite_h1_seed2025.parquet,2c5bca348c351960f1a567f35acd44212fc8fda1361c3b06723971d874df8114,ST-Transformer-lite,1,2025,12265,51,2026-02-18 20:00:00,2026-02-28 23:00:00,0,f137b4a55af99d3760e92f98becd75d98b46d8d75dbc2627cfc6712da881e6f6,b5eae531e1e31ab51f1ee3dad551cbd243dc20568f64bf3a5edd8a327acd84c8,12265,1.0086975192518268,2.4265423766830563,0.014082517300446446,0.013891966567226674,0.9770351804961179,-0.02809835979027793,0.0,0.0,4.683753385137379e-17,1.367617477598948e-11,1.060545873343699e-09,True
D:\2026_PD\outputs\locked\phase13_full\predictions\ST-Transformer-lite_h1_seed2026.parquet,f5dd321bff6095500086fca46f51f2bf53da4ac759b97a6f92215f62cd8a7d0c,ST-Transformer-lite,1,2026,12265,51,2026-02-18 20:00:00,2026-02-28 23:00:00,0,f137b4a55af99d3760e92f98becd75d98b46d8d75dbc2627cfc6712da881e6f6,b5eae531e1e31ab51f1ee3dad551cbd243dc20568f64bf3a5edd8a327acd84c8,12265,1.1148925384695658,2.4751620871113245,0.01523337472627109,0.014885370752882755,0.9761056861188789,0.14938998916321175,0.0,0.0,8.847089727481716e-17,5.866255398112585e-12,1.1034713143232011e-09,True
D:\2026_PD\outputs\locked\phase13_full\predictions\ST-Transformer-lite_h1_seed3407.parquet,9781a9f12454b308b693d26d9a81dd220da98daf68d2fbc44431a45eb5c585ed,ST-Transformer-lite,1,3407,12265,51,2026-02-18 20:00:00,2026-02-28 23:00:00,0,f137b4a55af99d3760e92f98becd75d98b46d8d75dbc2627cfc6712da881e6f6,b5eae531e1e31ab51f1ee3dad551cbd243dc20568f64bf3a5edd8a327acd84c8,12265,1.022140058633312,2.5862653543382703,0.014488510465871835,0.01410942715711782,0.9739124412505769,0.22991757196550022,0.0,0.0,3.469446951953614e-17,9.897079683574006e-12,1.2047582931273837e-09,True
D:\2026_PD\outputs\locked\phase13_full\predictions\ST-Transformer-lite_h1_seed42.parquet,26e29953d8e8694521489c7e0b7f470803b72ab4e36189ccee203acae29f1a5c,ST-Transformer-lite,1,42,12265,51,2026-02-18 20:00:00,2026-02-28 23:00:00,0,f137b4a55af99d3760e92f98becd75d98b46d8d75dbc2627cfc6712da881e6f6,b5eae531e1e31ab51f1ee3dad551cbd243dc20568f64bf3a5edd8a327acd84c8,12265,1.1339109752793435,2.493446266319621,0.0156115539212805,0.01537270023449509,0.9757513646150783,-0.018349609965943727,2.220446049250313e-16,0.0,0.0,2.752090222379877e-12,1.1198342253493365e-09,True
D:\2026_PD\outputs\locked\phase13_full\predictions\ST-Transformer-lite_h3_seed2024.parquet,b365ed273c7e411e5cb3825a225ab1874fde048feb797316ff11cb36afa2acc2,ST-Transformer-lite,3,2024,11878,51,2026-02-18 20:00:00,2026-02-28 21:00:00,0,1e9987e1d992cd551a7f271a4f2b44dccbfad56f0e29b07d5a418293ccdf4fc0,9297e0f15dec631df06034cc43a7c7765ff306c8a0317ed34d08a2c2edb4a1d5,11878,1.0312760931651868,1.8740137401174344,0.013849956243724214,0.013791590747791068,0.9860518872166735,0.284075910424038,0.0,0.0,1.3877787807814457e-17,1.1773068631093508e-11,5.405066394459368e-10,True
D:\2026_PD\outputs\locked\phase13_full\predictions\ST-Transformer-lite_h3_seed2025.parquet,d159bb56e87b01a307283916064e7af2d8c54db15dfba621ba5a8041b807c065,ST-Transformer-lite,3,2025,11878,51,2026-02-18 20:00:00,2026-02-28 21:00:00,0,1e9987e1d992cd551a7f271a4f2b44dccbfad56f0e29b07d5a418293ccdf4fc0,9297e0f15dec631df06034cc43a7c7765ff306c8a0317ed34d08a2c2edb4a1d5,11878,1.0004095508506712,1.8352107598052922,0.013515193432444405,0.013482585081355159,0.9866235212954141,0.03608937527640015,0.0,2.220446049250313e-16,5.204170427930421e-18,3.5177590007595683e-12,5.183551365917083e-10,True
D:\2026_PD\outputs\locked\phase13_full\predictions\ST-Transformer-lite_h3_seed2026.parquet,5c048321ca6f477a1b0d06f3b27e7ddf56692d0c715152a50406611451f51ea3,ST-Transformer-lite,3,2026,11878,51,2026-02-18 20:00:00,2026-02-28 21:00:00,0,1e9987e1d992cd551a7f271a4f2b44dccbfad56f0e29b07d5a418293ccdf4fc0,9297e0f15dec631df06034cc43a7c7765ff306c8a0317ed34d08a2c2edb4a1d5,11878,0.9530041913509288,1.825860432244613,0.012862187122851452,0.012687298338481943,0.9867594793395543,0.2072539523025618,0.0,0.0,5.204170427930421e-17,9.445569326693715e-13,5.130865732283496e-10,True
D:\2026_PD\outputs\locked\phase13_full\predictions\ST-Transformer-lite_h3_seed3407.parquet,cf6b40633f06899d062c9486b2b464ae332f3bfc84279f2154e036e50481e751,ST-Transformer-lite,3,3407,11878,51,2026-02-18 20:00:00,2026-02-28 21:00:00,0,1e9987e1d992cd551a7f271a4f2b44dccbfad56f0e29b07d5a418293ccdf4fc0,9297e0f15dec631df06034cc43a7c7765ff306c8a0317ed34d08a2c2edb4a1d5,11878,0.9400040219781134,1.7767922236294487,0.012731110499791719,0.012693407487486577,0.9874615688817883,0.05876159041713516,0.0,2.220446049250313e-16,1.9081958235744878e-17,9.730822050912913e-12,4.858798918760954e-10,True
D:\2026_PD\outputs\locked\phase13_full\predictions\ST-Transformer-lite_h3_seed42.parquet,b6170e053c6a2578f3053540515ac044f81ed682ce412da75ac7209c56aaeba1,ST-Transformer-lite,3,42,11878,51,2026-02-18 20:00:00,2026-02-28 21:00:00,0,1e9987e1d992cd551a7f271a4f2b44dccbfad56f0e29b07d5a418293ccdf4fc0,9297e0f15dec631df06034cc43a7c7765ff306c8a0317ed34d08a2c2edb4a1d5,11878,0.9987882171582043,1.9089679742597874,0.013616782191138002,0.013304354519561317,0.9855267123402073,0.3982382938303436,1.1102230246251565e-16,2.220446049250313e-16,1.734723475976807e-18,1.3914583027463401e-11,5.608579156657356e-10,True
D:\2026_PD\outputs\locked\phase13_full\predictions\ST-Transformer-lite_h6_seed2024.parquet,023abdc16b46236ebde415845a537a615e3b787f251dc24467362746b8b0771e,ST-Transformer-lite,6,2024,12166,51,2026-02-18 20:00:00,2026-02-28 19:00:00,0,0bc1463b6f27bf8dc20fc5742c8bd56f5ec750d840e4bfe09db6e8fd23758f27,e92c1b6d553ee39ef16adec67dc20b17ce6c75e544ec017316b2a848c330ac32,12166,0.8900082970888388,1.5310866590641574,0.011947383432061988,0.012005564092546293,0.9906886644946062,0.03363139547448046,0.0,0.0,8.673617379884035e-17,1.5330618718945033e-13,2.424540568313205e-10,True
D:\2026_PD\outputs\locked\phase13_full\predictions\ST-Transformer-lite_h6_seed2025.parquet,1535a9294e17eb0eda038f66136d5c0a591b7351e7bfefcea62090a243b8f681,ST-Transformer-lite,6,2025,12166,51,2026-02-18 20:00:00,2026-02-28 19:00:00,0,0bc1463b6f27bf8dc20fc5742c8bd56f5ec750d840e4bfe09db6e8fd23758f27,e92c1b6d553ee39ef16adec67dc20b17ce6c75e544ec017316b2a848c330ac32,12166,0.8797634142941988,1.4890291208327708,0.011859763945816712,0.011945546132925347,0.9911931862192056,-0.06489592995393556,0.0,0.0,1.214306433183765e-17,3.1082532381265793e-12,2.2931700982553593e-10,True
D:\2026_PD\outputs\locked\phase13_full\predictions\ST-Transformer-lite_h6_seed2026.parquet,9f8be4c3d95939e51b914bc2e0ecfaa771925975c6d24642affcdda5cc733e2f,ST-Transformer-lite,6,2026,12166,51,2026-02-18 20:00:00,2026-02-28 19:00:00,0,0bc1463b6f27bf8dc20fc5742c8bd56f5ec750d840e4bfe09db6e8fd23758f27,e92c1b6d553ee39ef16adec67dc20b17ce6c75e544ec017316b2a848c330ac32,12166,0.918715313784919,1.6326448907126054,0.01238271752156565,0.012326273332246021,0.9894124396748653,0.23945929285689402,0.0,0.0,5.0306980803327406e-17,7.810179586398291e-12,2.7568525240440067e-10,True
D:\2026_PD\outputs\locked\phase13_full\predictions\ST-Transformer-lite_h6_seed3407.parquet,5e4331af209ec3aa4cee78068b251372e3ed78983e171ad16affde53bc75f953,ST-Transformer-lite,6,3407,12166,51,2026-02-18 20:00:00,2026-02-28 19:00:00,0,0bc1463b6f27bf8dc20fc5742c8bd56f5ec750d840e4bfe09db6e8fd23758f27,e92c1b6d553ee39ef16adec67dc20b17ce6c75e544ec017316b2a848c330ac32,12166,0.9311357774409968,1.770834587062946,0.012756662914101442,0.012588768460865747,0.9875442918890307,0.16866802702838998,0.0,0.0,4.163336342344337e-17,1.7665046508907878e-11,3.243291191168396e-10,True
D:\2026_PD\outputs\locked\phase13_full\predictions\ST-Transformer-lite_h6_seed42.parquet,811f85381807cdd24c2518c4369cbdccaf29bfa24a630a4bc760adef07bbc5f9,ST-Transformer-lite,6,42,12166,51,2026-02-18 20:00:00,2026-02-28 19:00:00,0,0bc1463b6f27bf8dc20fc5742c8bd56f5ec750d840e4bfe09db6e8fd23758f27,e92c1b6d553ee39ef16adec67dc20b17ce6c75e544ec017316b2a848c330ac32,12166,0.8868063855049702,1.5564880749260253,0.012058626418318445,0.012107755832152081,0.9903771431320305,0.005139189567609816,0.0,0.0,4.5102810375396984e-17,6.016180609247357e-12,2.505655682938368e-10,True
D:\2026_PD\outputs\locked\phase13_full\predictions\TCN_h1_seed2024.parquet,9ad41d3d72eeb593cc3f483fed585ccff1be70e50cd279b9fc8cd8ae329afa75,TCN,1,2024,12265,51,2026-02-18 20:00:00,2026-02-28 23:00:00,0,f137b4a55af99d3760e92f98becd75d98b46d8d75dbc2627cfc6712da881e6f6,b5eae531e1e31ab51f1ee3dad551cbd243dc20568f64bf3a5edd8a327acd84c8,12265,1.2894024442664176,2.550351453703432,0.017988954240079937,0.017392012778627383,0.974631934993262,0.4134135577905144,0.0,0.0,3.8163916471489756e-17,3.2164826357927723e-12,1.1715312053794946e-09,True
D:\2026_PD\outputs\locked\phase13_full\predictions\TCN_h1_seed2025.parquet,d5b645f602152c99f65a073e9de19748a18bf49edc0178c545c8bf3ef489166e,TCN,1,2025,12265,51,2026-02-18 20:00:00,2026-02-28 23:00:00,0,f137b4a55af99d3760e92f98becd75d98b46d8d75dbc2627cfc6712da881e6f6,b5eae531e1e31ab51f1ee3dad551cbd243dc20568f64bf3a5edd8a327acd84c8,12265,1.0763352222652567,2.4200855051295362,0.014870486977032658,0.014533438336166469,0.9771572336762347,0.10064579963295303,2.220446049250313e-16,4.440892098500626e-16,5.898059818321144e-17,1.5866669089703578e-11,1.0549093820699795e-09,True
D:\2026_PD\outputs\locked\phase13_full\predictions\TCN_h1_seed2026.parquet,116acb08c7e8ec7395818ab32f8b7ebac09766ab5547be39a3c4fb706fe819ec,TCN,1,2026,12265,51,2026-02-18 20:00:00,2026-02-28 23:00:00,0,f137b4a55af99d3760e92f98becd75d98b46d8d75dbc2627cfc6712da881e6f6,b5eae531e1e31ab51f1ee3dad551cbd243dc20568f64bf3a5edd8a327acd84c8,12265,1.1523838764786283,2.4317375030474984,0.015435763518398718,0.015153756937797545,0.9769367417842464,0.04382194413295144,2.220446049250313e-16,0.0,1.734723475976807e-17,1.2055644676989274e-11,1.065092014584934e-09,True
D:\2026_PD\outputs\locked\phase13_full\predictions\TCN_h1_seed3407.parquet,e99ccfd35dbbe99ce5ab2d52ce2cb71a087959b8ad20e7e70b4d1cf5eb1cc08e,TCN,1,3407,12265,51,2026-02-18 20:00:00,2026-02-28 23:00:00,0,f137b4a55af99d3760e92f98becd75d98b46d8d75dbc2627cfc6712da881e6f6,b5eae531e1e31ab51f1ee3dad551cbd243dc20568f64bf3a5edd8a327acd84c8,12265,1.1110538793689029,2.4104664274849346,0.014896746402506118,0.014589707925105251,0.9773384584064497,0.3233015218268984,0.0,0.0,1.734723475976807e-17,9.305750614529984e-12,1.0465400768211452e-09,True
D:\2026_PD\outputs\locked\phase13_full\predictions\TCN_h1_seed42.parquet,e02c3d43c7fe541b6f237879ed94f94a8aee96fb7a3a89d65edf4913bb8d8f04,TCN,1,42,12265,51,2026-02-18 20:00:00,2026-02-28 23:00:00,0,f137b4a55af99d3760e92f98becd75d98b46d8d75dbc2627cfc6712da881e6f6,b5eae531e1e31ab51f1ee3dad551cbd243dc20568f64bf3a5edd8a327acd84c8,12265,1.0808280047522825,2.4107457541105277,0.014670250992170605,0.01437337826878368,0.9773332060298701,0.1578017533773118,0.0,4.440892098500626e-16,5.204170427930421e-18,1.066197997945384e-11,1.0467828825966308e-09,True
D:\2026_PD\outputs\locked\phase13_full\predictions\TCN_h3_seed2024.parquet,3ad8c8543fa80c14e68ddd732e1849e66c284a70ed281e8fbc6e307feb9f6de7,TCN,3,2024,11878,51,2026-02-18 20:00:00,2026-02-28 21:00:00,0,1e9987e1d992cd551a7f271a4f2b44dccbfad56f0e29b07d5a418293ccdf4fc0,9297e0f15dec631df06034cc43a7c7765ff306c8a0317ed34d08a2c2edb4a1d5,11878,0.9782033187408884,1.7975557706969278,0.01323787488457491,0.01306348559106979,0.9871668090580495,0.23495757585825153,0.0,0.0,1.0408340855860843e-17,8.86919010456566e-12,4.973019773757414e-10,True
D:\2026_PD\outputs\locked\phase13_full\predictions\TCN_h3_seed2025.parquet,dbb54bf3cc538c3d52d26e769db5718eea5d48ed79d14ab45cc0ce230e24e6b4,TCN,3,2025,11878,51,2026-02-18 20:00:00,2026-02-28 21:00:00,0,1e9987e1d992cd551a7f271a4f2b44dccbfad56f0e29b07d5a418293ccdf4fc0,9297e0f15dec631df06034cc43a7c7765ff306c8a0317ed34d08a2c2edb4a1d5,11878,0.9752991474483688,1.814527271239447,0.013189396537380372,0.01298313996663661,0.9869233377004475,0.35882522739089884,0.0,0.0,7.112366251504909e-17,1.4130288952807213e-11,5.06736874683611e-10,True
D:\2026_PD\outputs\locked\phase13_full\predictions\TCN_h3_seed2026.parquet,621e7c7d4ded71c8069910b14de5a49cbc67e2988218b64cfb202c22aebcd4ae,TCN,3,2026,11878,51,2026-02-18 20:00:00,2026-02-28 21:00:00,0,1e9987e1d992cd551a7f271a4f2b44dccbfad56f0e29b07d5a418293ccdf4fc0,9297e0f15dec631df06034cc43a7c7765ff306c8a0317ed34d08a2c2edb4a1d5,11878,1.0721781453333192,1.8397670000835094,0.014429172808264033,0.01446227251586436,0.9865570198257783,-0.11483556298138538,0.0,2.220446049250313e-16,3.2959746043559335e-17,1.2372439878172159e-11,5.209322972987707e-10,True
D:\2026_PD\outputs\locked\phase13_full\predictions\TCN_h3_seed3407.parquet,5982ebaf702b969ca6ee423a5caf5b4fea060f0eceef7e92c36a2d4e105a96a2,TCN,3,3407,11878,51,2026-02-18 20:00:00,2026-02-28 21:00:00,0,1e9987e1d992cd551a7f271a4f2b44dccbfad56f0e29b07d5a418293ccdf4fc0,9297e0f15dec631df06034cc43a7c7765ff306c8a0317ed34d08a2c2edb4a1d5,11878,1.0087301718664803,1.801372838019881,0.013415065324474416,0.013314641920529465,0.9871122492340897,0.09888540098694845,2.220446049250313e-16,0.0,1.5612511283791264e-17,5.047634185628702e-12,4.994165081484425e-10,True
D:\2026_PD\outputs\locked\phase13_full\predictions\TCN_h3_seed42.parquet,15b37c4a79b55295d6bbd639f3bc48df4ee984e592170876993724e63cb0e0da,TCN,3,42,11878,51,2026-02-18 20:00:00,2026-02-28 21:00:00,0,1e9987e1d992cd551a7f271a4f2b44dccbfad56f0e29b07d5a418293ccdf4fc0,9297e0f15dec631df06034cc43a7c7765ff306c8a0317ed34d08a2c2edb4a1d5,11878,1.0222466029308324,1.8519774583210475,0.013575195192580929,0.0135130376311609,0.9863779866551139,0.16172627042612056,0.0,0.0,2.7755575615628914e-17,9.28919961784569e-12,5.278698589350483e-10,True
D:\2026_PD\outputs\locked\phase13_full\predictions\TCN_h6_seed2024.parquet,b716b5b96a0c46c059d8afcd0cbc0b08cd6fbc5527389429d74b2d6173a6b321,TCN,6,2024,12166,51,2026-02-18 20:00:00,2026-02-28 19:00:00,0,0bc1463b6f27bf8dc20fc5742c8bd56f5ec750d840e4bfe09db6e8fd23758f27,e92c1b6d553ee39ef16adec67dc20b17ce6c75e544ec017316b2a848c330ac32,12166,0.9421427672030442,1.519236551604223,0.012367692516802503,0.012331570524027852,0.9908322400744151,-0.04315492453474013,0.0,0.0,3.469446951953614e-18,6.829448465084376e-12,2.3871549181819773e-10,True
D:\2026_PD\outputs\locked\phase13_full\predictions\TCN_h6_seed2025.parquet,f0796fb88838aa5317b51b6176c3c912bd884048be0550129d7c30a3bc485a05,TCN,6,2025,12166,51,2026-02-18 20:00:00,2026-02-28 19:00:00,0,0bc1463b6f27bf8dc20fc5742c8bd56f5ec750d840e4bfe09db6e8fd23758f27,e92c1b6d553ee39ef16adec67dc20b17ce6c75e544ec017316b2a848c330ac32,12166,0.9584343797494643,1.5635670485159194,0.012707069508418385,0.012670911937124676,0.9902894137662442,0.057642724587300805,1.1102230246251565e-16,0.0,8.500145032286355e-17,6.4414237832544075e-12,2.5284985216700306e-10,True
D:\2026_PD\outputs\locked\phase13_full\predictions\TCN_h6_seed2026.parquet,9c7870918919b3f238614810b8a3774b26dc23031ec984a65bbe9912e32e6b45,TCN,6,2026,12166,51,2026-02-18 20:00:00,2026-02-28 19:00:00,0,0bc1463b6f27bf8dc20fc5742c8bd56f5ec750d840e4bfe09db6e8fd23758f27,e92c1b6d553ee39ef16adec67dc20b17ce6c75e544ec017316b2a848c330ac32,12166,0.9204931759273812,1.4977414957878707,0.012143472016013282,0.01206770607189041,0.9910898266099588,0.0656099427634118,0.0,0.0,8.153200337090993e-17,9.928190214392174e-12,2.3200841248183224e-10,True
D:\2026_PD\outputs\locked\phase13_full\predictions\TCN_h6_seed3407.parquet,23e06c23d65c27ebc6c9b04b7ee24e84943c980e7651b282dd16023f85fa6106,TCN,6,3407,12166,51,2026-02-18 20:00:00,2026-02-28 19:00:00,0,0bc1463b6f27bf8dc20fc5742c8bd56f5ec750d840e4bfe09db6e8fd23758f27,e92c1b6d553ee39ef16adec67dc20b17ce6c75e544ec017316b2a848c330ac32,12166,0.9484445172745245,1.5278579922060087,0.012882614756542368,0.01272620314275529,0.9907278934989292,0.08392813784617961,1.1102230246251565e-16,0.0,6.765421556309548e-17,1.8684099406529597e-12,2.4143265164866534e-10,True
D:\2026_PD\outputs\locked\phase13_full\predictions\TCN_h6_seed42.parquet,78d11c1720cc2bf23cf976d000cf3c35ab3ae7d9b713157811a4196cd5b08706,TCN,6,42,12166,51,2026-02-18 20:00:00,2026-02-28 19:00:00,0,0bc1463b6f27bf8dc20fc5742c8bd56f5ec750d840e4bfe09db6e8fd23758f27,e92c1b6d553ee39ef16adec67dc20b17ce6c75e544ec017316b2a848c330ac32,12166,0.9193061027169404,1.5223382176872675,0.012320818359791819,0.01238272339292095,0.9907947681524744,-0.021380265684439795,0.0,0.0,1.9081958235744878e-17,2.4717485003211692e-12,2.396911558122383e-10,True
D:\2026_PD\outputs\locked\phase13_full\predictions\XGBoost_h1_seed2024.parquet,408df81145061ae22b126856143165eaa75b280c82a63c12aea065c842fcd5d9,XGBoost,1,2024,12265,51,2026-02-18 20:00:00,2026-02-28 23:00:00,0,f137b4a55af99d3760e92f98becd75d98b46d8d75dbc2627cfc6712da881e6f6,b5eae531e1e31ab51f1ee3dad551cbd243dc20568f64bf3a5edd8a327acd84c8,12265,0.9666126464271467,2.2575673804204706,0.01276403739039089,0.012645361233181877,0.9801221815970762,-0.17054236218047736,1.1102230246251565e-16,0.0,9.020562075079397e-17,1.0396477082008637e-11,9.179842441753294e-10,True
D:\2026_PD\outputs\locked\phase13_full\predictions\XGBoost_h1_seed2025.parquet,58712abe959ba97dd6359224c6c2a7f8bbf01026a5f72c150ddb73d250a0100f,XGBoost,1,2025,12265,51,2026-02-18 20:00:00,2026-02-28 23:00:00,0,f137b4a55af99d3760e92f98becd75d98b46d8d75dbc2627cfc6712da881e6f6,b5eae531e1e31ab51f1ee3dad551cbd243dc20568f64bf3a5edd8a327acd84c8,12265,0.9864562109641236,2.300100721195666,0.013023581273306746,0.012914753846292513,0.9793661160165227,-0.18978190385124122,0.0,0.0,4.683753385137379e-17,6.326866114347851e-13,9.529003142105807e-10,True
D:\2026_PD\outputs\locked\phase13_full\predictions\XGBoost_h1_seed2026.parquet,070aba8502f3ef2364b7b4beaf419b965deca8364f2d4b1215974122d2b076ab,XGBoost,1,2026,12265,51,2026-02-18 20:00:00,2026-02-28 23:00:00,0,f137b4a55af99d3760e92f98becd75d98b46d8d75dbc2627cfc6712da881e6f6,b5eae531e1e31ab51f1ee3dad551cbd243dc20568f64bf3a5edd8a327acd84c8,12265,0.9719442484964899,2.274192934170031,0.012800073319621578,0.012682183320478914,0.9798283284628334,-0.1778705752435335,1.1102230246251565e-16,0.0,7.806255641895632e-17,1.3157213166192783e-11,9.315546112276252e-10,True
D:\2026_PD\outputs\locked\phase13_full\predictions\XGBoost_h1_seed3407.parquet,3d2eae26c10e10fdfa3ab0c13362043bd125d61328ae25e9f4a71edaff9183eb,XGBoost,1,3407,12265,51,2026-02-18 20:00:00,2026-02-28 23:00:00,0,f137b4a55af99d3760e92f98becd75d98b46d8d75dbc2627cfc6712da881e6f6,b5eae531e1e31ab51f1ee3dad551cbd243dc20568f64bf3a5edd8a327acd84c8,12265,0.9674360639943038,2.2658686073388195,0.01278205198800721,0.012659618639472492,0.9799757286853423,-0.1704868685212662,0.0,0.0,1.0408340855860843e-17,3.217089095119974e-11,9.24747500796741e-10,True
D:\2026_PD\outputs\locked\phase13_full\predictions\XGBoost_h1_seed42.parquet,250e41be696ec17b7a703013b292b9f248046dc39e4abe45d311a62a273f8c6b,XGBoost,1,42,12265,51,2026-02-18 20:00:00,2026-02-28 23:00:00,0,f137b4a55af99d3760e92f98becd75d98b46d8d75dbc2627cfc6712da881e6f6,b5eae531e1e31ab51f1ee3dad551cbd243dc20568f64bf3a5edd8a327acd84c8,12265,0.9754881618171627,2.2737300456448932,0.012887561596825296,0.012777337891027257,0.9798365390987017,-0.18145920900826157,1.1102230246251565e-16,4.440892098500626e-16,9.71445146547012e-17,1.0714543835499413e-11,9.311754700647157e-10,True
D:\2026_PD\outputs\locked\phase13_full\predictions\XGBoost_h3_seed2024.parquet,6eb2f2a045a336674d165d0374929e627fe66c23dfc4118e3e2b7ec0c566feca,XGBoost,3,2024,11878,51,2026-02-18 20:00:00,2026-02-28 21:00:00,0,1e9987e1d992cd551a7f271a4f2b44dccbfad56f0e29b07d5a418293ccdf4fc0,9297e0f15dec631df06034cc43a7c7765ff306c8a0317ed34d08a2c2edb4a1d5,11878,0.8725682599192457,1.6560855864258712,0.011378125135301943,0.011396740607907713,0.98910730198632,-0.15992428056518124,0.0,0.0,4.336808689942018e-17,3.432878981080023e-13,4.2210557271715743e-10,True
D:\2026_PD\outputs\locked\phase13_full\predictions\XGBoost_h3_seed2025.parquet,6090b4c959f00313c185455f265cd5aed38b228732ae7aed32525d85e9cd70b2,XGBoost,3,2025,11878,51,2026-02-18 20:00:00,2026-02-28 21:00:00,0,1e9987e1d992cd551a7f271a4f2b44dccbfad56f0e29b07d5a418293ccdf4fc0,9297e0f15dec631df06034cc43a7c7765ff306c8a0317ed34d08a2c2edb4a1d5,11878,0.8654067557675807,1.651715349857346,0.011301319625304776,0.011320269952951226,0.9891647155125661,-0.15476912700642156,0.0,0.0,7.632783294297951e-17,6.022673679217938e-12,4.198806857758086e-10,True
D:\2026_PD\outputs\locked\phase13_full\predictions\XGBoost_h3_seed2026.parquet,aa30ed0ebc1efa26a70b0562bb2008969002b1bfa639a338bee4af4e84dbc546,XGBoost,3,2026,11878,51,2026-02-18 20:00:00,2026-02-28 21:00:00,0,1e9987e1d992cd551a7f271a4f2b44dccbfad56f0e29b07d5a418293ccdf4fc0,9297e0f15dec631df06034cc43a7c7765ff306c8a0317ed34d08a2c2edb4a1d5,11878,0.8774718724430801,1.66227703484509,0.01142105418388312,0.011437351873785983,0.9890257027656848,-0.1597950256599443,0.0,0.0,2.0816681711721685e-17,6.7198833303416805e-12,4.2526759891359234e-10,True
D:\2026_PD\outputs\locked\phase13_full\predictions\XGBoost_h3_seed3407.parquet,7bd12e4bda836dd077d1fd73aafdc5c033c535411cf86bf360655d1a295e0fe7,XGBoost,3,3407,11878,51,2026-02-18 20:00:00,2026-02-28 21:00:00,0,1e9987e1d992cd551a7f271a4f2b44dccbfad56f0e29b07d5a418293ccdf4fc0,9297e0f15dec631df06034cc43a7c7765ff306c8a0317ed34d08a2c2edb4a1d5,11878,0.8638691671730834,1.6527685195222583,0.011300295740924289,0.011309029424944363,0.9891508934808098,-0.1390761439497974,0.0,0.0,8.847089727481716e-17,3.311562829511061e-12,4.2041636838519025e-10,True
D:\2026_PD\outputs\locked\phase13_full\predictions\XGBoost_h3_seed42.parquet,c50932f8ada600dc6b9f448c207843399811b530f25e1680201dff72dde4f7e2,XGBoost,3,42,11878,51,2026-02-18 20:00:00,2026-02-28 21:00:00,0,1e9987e1d992cd551a7f271a4f2b44dccbfad56f0e29b07d5a418293ccdf4fc0,9297e0f15dec631df06034cc43a7c7765ff306c8a0317ed34d08a2c2edb4a1d5,11878,0.8652056803063404,1.6477636168012721,0.01128301103580809,0.011298214039016539,0.9892165003804825,-0.15146824454072952,0.0,2.220446049250313e-16,9.020562075079397e-17,4.342538481583169e-12,4.178740686811011e-10,True
D:\2026_PD\outputs\locked\phase13_full\predictions\XGBoost_h6_seed2024.parquet,87f92a6862ae9f99e7f7d72a2a92ca454a707fa72c42671f42cc351e982127b7,XGBoost,6,2024,12166,51,2026-02-18 20:00:00,2026-02-28 19:00:00,0,0bc1463b6f27bf8dc20fc5742c8bd56f5ec750d840e4bfe09db6e8fd23758f27,e92c1b6d553ee39ef16adec67dc20b17ce6c75e544ec017316b2a848c330ac32,12166,0.7843854444191171,1.3487850646684223,0.010299522611900638,0.01033726745410498,0.992774000497963,-0.15436512221048365,0.0,0.0,3.8163916471489756e-17,1.23723791628505e-11,1.8815482505374348e-10,True
D:\2026_PD\outputs\locked\phase13_full\predictions\XGBoost_h6_seed2025.parquet,87b4609be82d14d2cf4b33c4039977e265b9ee870d4ad588b42ef5af5785ecc2,XGBoost,6,2025,12166,51,2026-02-18 20:00:00,2026-02-28 19:00:00,0,0bc1463b6f27bf8dc20fc5742c8bd56f5ec750d840e4bfe09db6e8fd23758f27,e92c1b6d553ee39ef16adec67dc20b17ce6c75e544ec017316b2a848c330ac32,12166,0.7888537169717829,1.3528689250057413,0.010349991842127211,0.010387280412584925,0.992730176394652,-0.15543800377834005,0.0,0.0,1.0408340855860843e-17,1.1958749962515114e-12,1.8929602330075568e-10,True
D:\2026_PD\outputs\locked\phase13_full\predictions\XGBoost_h6_seed2026.parquet,25b6d135503af22c0a96f5168b4d44b4f0365f5ce6914246e4ddccb7872ca98b,XGBoost,6,2026,12166,51,2026-02-18 20:00:00,2026-02-28 19:00:00,0,0bc1463b6f27bf8dc20fc5742c8bd56f5ec750d840e4bfe09db6e8fd23758f27,e92c1b6d553ee39ef16adec67dc20b17ce6c75e544ec017316b2a848c330ac32,12166,0.7870403119221577,1.3547759569338143,0.010327163963876142,0.010363502745946322,0.992709666562828,-0.1522250761038062,0.0,2.220446049250313e-16,4.163336342344337e-17,5.987578488575451e-12,1.8983004057560038e-10,True
D:\2026_PD\outputs\locked\phase13_full\predictions\XGBoost_h6_seed3407.parquet,839128c619f59ce0b25e2a577704d5ba6542cc642710cb34baa485b169a5996a,XGBoost,6,3407,12166,51,2026-02-18 20:00:00,2026-02-28 19:00:00,0,0bc1463b6f27bf8dc20fc5742c8bd56f5ec750d840e4bfe09db6e8fd23758f27,e92c1b6d553ee39ef16adec67dc20b17ce6c75e544ec017316b2a848c330ac32,12166,0.7897973072366183,1.348066913123569,0.01032740950837634,0.010364185141575662,0.9927816933191853,-0.1609303881889618,0.0,0.0,3.9898639947466563e-17,3.715137572579685e-12,1.879545408201011e-10,True
D:\2026_PD\outputs\locked\phase13_full\predictions\XGBoost_h6_seed42.parquet,eb37ffe254b6cd8d5291ec3f403f61cd202f4206e13d5680391aaf490fab6249,XGBoost,6,42,12166,51,2026-02-18 20:00:00,2026-02-28 19:00:00,0,0bc1463b6f27bf8dc20fc5742c8bd56f5ec750d840e4bfe09db6e8fd23758f27,e92c1b6d553ee39ef16adec67dc20b17ce6c75e544ec017316b2a848c330ac32,12166,0.7833349846233648,1.3482397623353466,0.010291376162129951,0.010325866260794235,0.9927798421371754,-0.14298037347600742,0.0,0.0,5.204170427930421e-17,1.8148659658434596e-12,1.8800261347706737e-10,True
