sample_id,node_id,target_start,horizon,observed_hours,stored_y_true,recomputed_window_mean,absolute_difference,match_tolerance_1e-5
6864,N001,2026-02-21 01:00:00,1,1,90.0,90.0,0.0,True
7300,N001,2026-02-25 14:00:00,1,1,90.0,90.0,0.0,True
112676,N002,2026-02-22 08:00:00,1,1,94.0,94.0,0.0,True
324680,N004,2026-02-28 21:00:00,1,1,90.0,90.0,0.0,True
429448,N005,2026-02-19 07:00:00,1,1,43.0,43.0,0.0,True
430052,N005,2026-02-25 14:00:00,1,1,43.0,43.0,0.0,True
430376,N005,2026-02-28 23:00:00,1,1,43.0,43.0,0.0,True
535488,N006,2026-02-22 23:00:00,1,1,90.0,90.0,0.0,True
640792,N007,2026-02-18 23:00:00,1,1,90.0,90.0,0.0,True
746892,N008,2026-02-23 06:00:00,1,1,90.0,90.0,0.0,True
747360,N008,2026-02-28 03:00:00,1,1,90.0,90.0,0.0,True
747432,N008,2026-02-28 21:00:00,1,1,90.0,90.0,0.0,True
852544,N009,2026-02-22 21:00:00,1,1,90.0,90.0,0.0,True
853120,N009,2026-02-28 21:00:00,1,1,90.0,90.0,0.0,True
957900,N010,2026-02-19 10:00:00,1,1,94.0,94.0,0.0,True
958464,N010,2026-02-25 07:00:00,1,1,94.0,94.0,0.0,True
958748,N010,2026-02-28 06:00:00,1,1,94.0,94.0,0.0,True
1064024,N011,2026-02-23 23:00:00,1,1,94.0,94.0,0.0,True
1064152,N011,2026-02-25 07:00:00,1,1,94.0,94.0,0.0,True
1169700,N012,2026-02-23 20:00:00,1,1,94.0,94.0,0.0,True
1169824,N012,2026-02-25 03:00:00,1,1,94.0,94.0,0.0,True
1380904,N014,2026-02-22 01:00:00,1,1,94.0,94.0,0.0,True
1381316,N014,2026-02-26 08:00:00,1,1,94.0,94.0,0.0,True
1486384,N015,2026-02-19 21:00:00,1,1,94.0,94.0,0.0,True
1486600,N015,2026-02-22 03:00:00,1,1,94.0,94.0,0.0,True
1592092,N016,2026-02-20 02:00:00,1,1,99.0,99.0,0.0,True
1592224,N016,2026-02-21 11:00:00,1,1,99.0,99.0,0.0,True
1592932,N016,2026-02-28 20:00:00,1,1,93.5,93.5,0.0,True
1697928,N017,2026-02-21 15:00:00,1,1,99.0,99.0,0.0,True
1698264,N017,2026-02-25 03:00:00,1,1,99.0,99.0,0.0,True
1803548,N018,2026-02-20 22:00:00,1,1,98.0,98.0,0.0,True
1803912,N018,2026-02-24 17:00:00,1,1,98.0,98.0,0.0,True
1804308,N018,2026-02-28 20:00:00,1,1,92.75,92.75,0.0,True
1909528,N019,2026-02-23 23:00:00,1,1,91.66666412353516,91.66666666666669,2.543131529364473e-06,True
1909584,N019,2026-02-24 13:00:00,1,1,98.0,98.0,0.0,True
1909780,N019,2026-02-26 14:00:00,1,1,98.0,98.0,0.0,True
2121176,N021,2026-02-26 19:00:00,1,1,100.0,100.0,0.0,True
2121352,N021,2026-02-28 15:00:00,1,1,100.0,100.0,0.0,True
2226432,N022,2026-02-22 07:00:00,1,1,98.0,98.0,0.0,True
2226872,N022,2026-02-26 21:00:00,1,1,98.0,98.0,0.0,True
2226948,N022,2026-02-27 16:00:00,1,1,98.0,98.0,0.0,True
2331804,N023,2026-02-19 00:00:00,1,1,100.0,100.0,0.0,True
2331896,N023,2026-02-19 23:00:00,1,1,100.0,100.0,0.0,True
2332492,N023,2026-02-26 04:00:00,1,1,94.0,94.0,0.0,True
2332496,N023,2026-02-26 05:00:00,1,1,100.0,100.0,0.0,True
2437784,N024,2026-02-22 01:00:00,1,1,100.0,100.0,0.0,True
2438008,N024,2026-02-24 09:00:00,1,1,100.0,100.0,0.0,True
2438088,N024,2026-02-25 05:00:00,1,1,100.0,100.0,0.0,True
2438096,N024,2026-02-25 07:00:00,1,1,100.0,100.0,0.0,True
2543240,N025,2026-02-19 15:00:00,1,1,98.0,98.0,0.0,True
2543404,N025,2026-02-21 08:00:00,1,1,98.0,98.0,0.0,True
2648968,N026,2026-02-20 01:00:00,1,1,100.0,100.0,0.0,True
2754644,N027,2026-02-19 22:00:00,1,1,100.0,100.0,0.0,True
2755200,N027,2026-02-25 17:00:00,1,1,100.0,100.0,0.0,True
2755396,N027,2026-02-27 18:00:00,1,1,100.0,100.0,0.0,True
2860720,N028,2026-02-23 23:00:00,1,1,100.0,100.0,0.0,True
2861160,N028,2026-02-28 13:00:00,1,1,100.0,100.0,0.0,True
2966572,N029,2026-02-25 16:00:00,1,1,98.0,98.0,0.0,True
3072148,N030,2026-02-24 12:00:00,1,1,98.0,98.0,0.0,True
3177512,N031,2026-02-21 03:00:00,1,1,100.0,100.0,0.0,True
3177568,N031,2026-02-21 17:00:00,1,1,100.0,100.0,0.0,True
3177908,N031,2026-02-25 06:00:00,1,1,100.0,100.0,0.0,True
3178128,N031,2026-02-27 13:00:00,1,1,100.0,100.0,0.0,True
3283900,N032,2026-02-28 10:00:00,1,1,100.0,100.0,0.0,True
3388896,N033,2026-02-21 05:00:00,1,1,100.0,100.0,0.0,True
3389040,N033,2026-02-22 17:00:00,1,1,100.0,100.0,0.0,True
3389224,N033,2026-02-24 15:00:00,1,1,100.0,100.0,0.0,True
3389332,N033,2026-02-25 18:00:00,1,1,100.0,100.0,0.0,True
3494424,N034,2026-02-19 13:00:00,1,1,100.0,100.0,0.0,True
3494628,N034,2026-02-21 16:00:00,1,1,100.0,100.0,0.0,True
3495028,N034,2026-02-25 20:00:00,1,1,100.0,100.0,0.0,True
3495064,N034,2026-02-26 05:00:00,1,1,100.0,100.0,0.0,True
3706176,N036,2026-02-23 11:00:00,1,1,100.0,100.0,0.0,True
3706396,N036,2026-02-25 18:00:00,1,1,100.0,100.0,0.0,True
3706432,N036,2026-02-26 03:00:00,1,1,100.0,100.0,0.0,True
3811936,N037,2026-02-24 05:00:00,1,1,100.0,100.0,0.0,True
3812288,N037,2026-02-27 21:00:00,1,1,100.0,100.0,0.0,True
3917388,N038,2026-02-21 18:00:00,1,1,100.0,100.0,0.0,True
4022956,N039,2026-02-20 12:00:00,1,1,100.0,100.0,0.0,True
4234184,N041,2026-02-18 23:00:00,1,1,88.0,88.0,0.0,True
4234588,N041,2026-02-23 04:00:00,1,1,88.0,88.0,0.0,True
4234696,N041,2026-02-24 07:00:00,1,1,75.0,75.0,0.0,True
4340712,N042,2026-02-27 17:00:00,1,1,54.0,54.0,0.0,True
4445612,N043,2026-02-19 12:00:00,1,1,67.0,67.0,0.0,True
4445704,N043,2026-02-20 11:00:00,1,1,66.5,66.5,0.0,True
4551336,N044,2026-02-19 21:00:00,1,1,69.5,69.5,0.0,True
4551572,N044,2026-02-22 08:00:00,1,1,67.0,67.0,0.0,True
4551716,N044,2026-02-23 20:00:00,1,1,68.0,68.0,0.0,True
4657400,N045,2026-02-23 19:00:00,1,1,66.0,66.0,0.0,True
4763456,N046,2026-02-27 15:00:00,1,1,89.0,89.0,0.0,True
4763460,N046,2026-02-27 16:00:00,1,1,77.0,77.0,0.0,True
4868936,N047,2026-02-25 11:00:00,1,1,67.5,67.5,0.0,True
4974552,N048,2026-02-24 17:00:00,1,1,64.0,64.0,0.0,True
5079868,N049,2026-02-20 20:00:00,1,1,35.0,35.0,0.0,True
5080344,N049,2026-02-25 19:00:00,1,1,36.5,36.5,0.0,True
5185380,N050,2026-02-19 00:00:00,1,1,53.0,53.0,0.0,True
5185420,N050,2026-02-19 10:00:00,1,1,39.5,39.5,0.0,True
5185964,N050,2026-02-25 02:00:00,1,1,48.75,48.75,0.0,True
5291376,N051,2026-02-22 05:00:00,1,1,78.0,78.0,0.0,True
5291836,N051,2026-02-27 00:00:00,1,1,78.0,78.0,0.0,True
14396,N001,2026-02-20 04:00:00,3,3,90.0,90.0,0.0,True
120496,N002,2026-02-24 11:00:00,3,3,94.0,94.0,0.0,True
120612,N002,2026-02-25 16:00:00,3,3,94.0,94.0,0.0,True
225900,N003,2026-02-21 12:00:00,3,3,90.0,90.0,0.0,True
331720,N004,2026-02-22 21:00:00,3,3,90.0,90.0,0.0,True
331772,N004,2026-02-23 10:00:00,3,3,90.0,90.0,0.0,True
332244,N004,2026-02-28 08:00:00,3,3,90.0,90.0,0.0,True
437304,N005,2026-02-21 19:00:00,3,3,43.0,43.0,0.0,True
542900,N006,2026-02-20 20:00:00,3,3,90.0,90.0,0.0,True
542928,N006,2026-02-21 03:00:00,3,3,90.0,90.0,0.0,True
543548,N006,2026-02-27 14:00:00,3,3,90.0,90.0,0.0,True
648464,N007,2026-02-19 13:00:00,3,3,90.0,90.0,0.0,True
648960,N007,2026-02-24 17:00:00,3,3,90.0,90.0,0.0,True
649192,N007,2026-02-27 03:00:00,3,3,90.0,90.0,0.0,True
649248,N007,2026-02-27 17:00:00,3,3,90.0,90.0,0.0,True
754116,N008,2026-02-19 04:00:00,3,3,90.0,90.0,0.0,True
754464,N008,2026-02-22 19:00:00,3,3,90.0,90.0,0.0,True
966072,N010,2026-02-25 05:00:00,3,3,94.0,94.0,0.0,True
1072064,N011,2026-02-28 09:00:00,3,3,94.0,94.0,0.0,True
1176848,N012,2026-02-18 23:00:00,3,3,94.0,94.0,0.0,True
1177588,N012,2026-02-26 16:00:00,3,3,94.0,94.0,0.0,True
1282864,N013,2026-02-22 09:00:00,3,3,94.0,94.0,0.0,True
1283468,N013,2026-02-28 16:00:00,3,3,94.0,94.0,0.0,True
1494088,N015,2026-02-20 19:00:00,3,3,94.0,94.0,0.0,True
1494324,N015,2026-02-23 06:00:00,3,3,94.0,94.0,0.0,True
1494620,N015,2026-02-26 08:00:00,3,3,94.0,94.0,0.0,True
1600496,N016,2026-02-28 07:00:00,3,3,99.0,99.0,0.0,True
1705484,N017,2026-02-21 00:00:00,3,3,96.44444274902344,96.44444444444444,1.6954210053654606e-06,True
1705572,N017,2026-02-21 22:00:00,3,3,99.0,99.0,0.0,True
1706212,N017,2026-02-28 14:00:00,3,3,99.0,99.0,0.0,True
1706224,N017,2026-02-28 17:00:00,3,3,99.0,99.0,0.0,True
1811076,N018,2026-02-20 00:00:00,3,3,98.0,98.0,0.0,True
1811136,N018,2026-02-20 15:00:00,3,3,98.0,98.0,0.0,True
1811500,N018,2026-02-24 10:00:00,3,3,98.0,98.0,0.0,True
1916672,N019,2026-02-19 01:00:00,3,3,98.0,98.0,0.0,True
1916708,N019,2026-02-19 10:00:00,3,3,98.0,98.0,0.0,True
1916960,N019,2026-02-22 01:00:00,3,3,98.0,98.0,0.0,True
1917392,N019,2026-02-26 13:00:00,3,3,98.0,98.0,0.0,True
1917596,N019,2026-02-28 16:00:00,3,3,98.0,98.0,0.0,True
2128376,N021,2026-02-22 11:00:00,3,3,100.0,100.0,0.0,True
2128820,N021,2026-02-27 02:00:00,3,3,100.0,100.0,0.0,True
2234052,N022,2026-02-22 08:00:00,3,3,98.0,98.0,0.0,True
2234080,N022,2026-02-22 15:00:00,3,3,94.33333587646484,94.33333333333333,2.5431315151536182e-06,True
2445112,N024,2026-02-19 01:00:00,3,3,100.0,100.0,0.0,True
2445256,N024,2026-02-20 13:00:00,3,3,100.0,100.0,0.0,True
2445844,N024,2026-02-26 16:00:00,3,3,100.0,100.0,0.0,True
2445900,N024,2026-02-27 06:00:00,3,3,100.0,100.0,0.0,True
2445988,N024,2026-02-28 04:00:00,3,3,100.0,100.0,0.0,True
2446032,N024,2026-02-28 15:00:00,3,3,100.0,100.0,0.0,True
2762292,N027,2026-02-20 06:00:00,3,3,100.0,100.0,0.0,True
2762844,N027,2026-02-26 00:00:00,3,3,100.0,100.0,0.0,True
2763072,N027,2026-02-28 09:00:00,3,3,100.0,100.0,0.0,True
2973664,N029,2026-02-20 05:00:00,3,3,98.0,98.0,0.0,True
2973896,N029,2026-02-22 15:00:00,3,3,94.33333587646484,94.33333333333333,2.5431315151536182e-06,True
2974044,N029,2026-02-24 04:00:00,3,3,98.0,98.0,0.0,True
3080104,N030,2026-02-28 01:00:00,3,3,98.0,98.0,0.0,True
3185196,N031,2026-02-21 20:00:00,3,3,100.0,100.0,0.0,True
3185336,N031,2026-02-23 07:00:00,3,3,100.0,100.0,0.0,True
3185608,N031,2026-02-26 03:00:00,3,3,100.0,100.0,0.0,True
3185656,N031,2026-02-26 15:00:00,3,3,100.0,100.0,0.0,True
3185672,N031,2026-02-26 19:00:00,3,3,94.0,94.0,0.0,True
3290732,N032,2026-02-20 06:00:00,3,3,100.0,100.0,0.0,True
3291164,N032,2026-02-24 18:00:00,3,3,100.0,100.0,0.0,True
3291392,N032,2026-02-27 03:00:00,3,3,100.0,100.0,0.0,True
3502036,N034,2026-02-19 12:00:00,3,3,100.0,100.0,0.0,True
3502184,N034,2026-02-21 01:00:00,3,3,100.0,100.0,0.0,True
3502448,N034,2026-02-23 19:00:00,3,3,100.0,100.0,0.0,True
3502504,N034,2026-02-24 09:00:00,3,3,100.0,100.0,0.0,True
3502664,N034,2026-02-26 01:00:00,3,3,98.16666412353516,98.16666666666667,2.5431315151536182e-06,True
3502844,N034,2026-02-27 22:00:00,3,3,90.58333587646484,90.58333333333333,2.5431315151536182e-06,True
3713456,N036,2026-02-19 23:00:00,3,3,100.0,100.0,0.0,True
3713772,N036,2026-02-23 06:00:00,3,3,100.0,100.0,0.0,True
3713892,N036,2026-02-24 12:00:00,3,3,100.0,100.0,0.0,True
3714296,N036,2026-02-28 17:00:00,3,3,100.0,100.0,0.0,True
3819528,N037,2026-02-23 23:00:00,3,3,100.0,100.0,0.0,True
3924808,N038,2026-02-19 17:00:00,3,3,100.0,100.0,0.0,True
3925372,N038,2026-02-25 14:00:00,3,3,100.0,100.0,0.0,True
3925560,N038,2026-02-27 13:00:00,3,3,100.0,100.0,0.0,True
4031156,N039,2026-02-26 14:00:00,3,3,100.0,100.0,0.0,True
4031280,N039,2026-02-27 21:00:00,3,3,97.66666412353516,97.66666666666667,2.5431315151536182e-06,True
4136532,N040,2026-02-23 08:00:00,3,3,100.0,100.0,0.0,True
4136932,N040,2026-02-27 12:00:00,3,3,100.0,100.0,0.0,True
4347608,N042,2026-02-20 05:00:00,3,3,70.66666412353516,70.66666666666667,2.5431315151536182e-06,True
4347908,N042,2026-02-23 08:00:00,3,3,65.33333587646484,65.33333333333333,2.5431315151536182e-06,True
4348064,N042,2026-02-24 23:00:00,3,3,78.0,78.0,0.0,True
4454012,N043,2026-02-27 16:00:00,3,3,56.97222137451172,56.97222222222223,8.477105097881577e-07,True
4559256,N044,2026-02-23 01:00:00,3,3,78.0,78.0,0.0,True
4559480,N044,2026-02-25 09:00:00,3,3,67.77777862548828,67.77777777777777,8.477105097881577e-07,True
4665280,N045,2026-02-26 13:00:00,3,3,60.97222137451172,60.97222222222222,8.477105026827303e-07,True
4770480,N046,2026-02-21 11:00:00,3,3,88.0,88.0,0.0,True
4876580,N047,2026-02-25 18:00:00,3,3,67.05555725097656,67.05555555555556,1.6954210053654606e-06,True
4981648,N048,2026-02-19 07:00:00,3,3,65.16666412353516,65.16666666666667,2.5431315151536182e-06,True
4981724,N048,2026-02-20 02:00:00,3,3,78.0,78.0,0.0,True
4982284,N048,2026-02-25 22:00:00,3,3,76.66666412353516,76.66666666666667,2.5431315151536182e-06,True
4982476,N048,2026-02-27 22:00:00,3,3,74.55555725097656,74.55555555555556,1.6954210053654606e-06,True
4982480,N048,2026-02-27 23:00:00,3,3,78.0,78.0,0.0,True
5088044,N049,2026-02-26 16:00:00,3,3,33.97222137451172,33.97222222222222,8.477105026827303e-07,True
5193120,N050,2026-02-20 07:00:00,3,3,28.16666603088379,28.166666666666668,6.357828787884046e-07,True
5298720,N051,2026-02-19 09:00:00,3,3,66.33333587646484,66.33333333333333,2.5431315151536182e-06,True
5299096,N051,2026-02-23 07:00:00,3,3,66.11111450195312,66.11111111111111,3.390842010730921e-06,True
22296,N001,2026-02-23 11:00:00,6,5,90.0,90.0,0.0,True
22608,N001,2026-02-26 17:00:00,6,6,90.0,90.0,0.0,True
127608,N002,2026-02-19 13:00:00,6,6,94.0,94.0,0.0,True
127676,N002,2026-02-20 06:00:00,6,6,94.0,94.0,0.0,True
127808,N002,2026-02-21 15:00:00,6,6,94.0,94.0,0.0,True
127920,N002,2026-02-22 19:00:00,6,6,92.41666412353516,92.41666666666667,2.5431315151536182e-06,True
339776,N004,2026-02-27 19:00:00,6,6,90.0,90.0,0.0,True
339848,N004,2026-02-28 13:00:00,6,6,89.45833587646484,89.45833333333333,2.5431315151536182e-06,True
445516,N005,2026-02-28 08:00:00,6,6,42.80555725097656,42.805555555555564,1.6954209982600332e-06,True
550668,N006,2026-02-22 18:00:00,6,6,90.0,90.0,0.0,True
656008,N007,2026-02-19 03:00:00,6,5,90.0,90.0,0.0,True
656072,N007,2026-02-19 19:00:00,6,6,88.33333587646484,88.33333333333333,2.5431315151536182e-06,True
656076,N007,2026-02-19 20:00:00,6,6,88.33333587646484,88.33333333333333,2.5431315151536182e-06,True
761724,N008,2026-02-19 10:00:00,6,6,90.0,90.0,0.0,True
761992,N008,2026-02-22 05:00:00,6,6,90.0,90.0,0.0,True
762432,N008,2026-02-26 19:00:00,6,6,88.61111450195312,88.61111111111113,3.3908419965200665e-06,True
973060,N010,2026-02-19 00:00:00,6,6,94.0,94.0,0.0,True
1079000,N011,2026-02-21 15:00:00,6,6,94.0,94.0,0.0,True
1079044,N011,2026-02-22 02:00:00,6,6,94.0,94.0,0.0,True
1079132,N011,2026-02-23 00:00:00,6,6,94.0,94.0,0.0,True
1079160,N011,2026-02-23 07:00:00,6,6,94.0,94.0,0.0,True
1079444,N011,2026-02-26 06:00:00,6,6,94.0,94.0,0.0,True
1290252,N013,2026-02-20 08:00:00,6,6,94.0,94.0,0.0,True
1396100,N014,2026-02-22 00:00:00,6,6,94.0,94.0,0.0,True
1396496,N014,2026-02-26 03:00:00,6,6,94.0,94.0,0.0,True
1396556,N014,2026-02-26 18:00:00,6,6,92.88888549804688,92.88888888888887,3.3908419965200665e-06,True
1501640,N015,2026-02-20 11:00:00,6,5,94.0,94.0,0.0,True
1501776,N015,2026-02-21 21:00:00,6,5,94.0,94.0,0.0,True
1607232,N016,2026-02-19 11:00:00,6,6,96.33333587646484,96.33333333333333,2.5431315151536182e-06,True
1607952,N016,2026-02-26 23:00:00,6,6,95.625,95.625,0.0,True
1607956,N016,2026-02-27 00:00:00,6,6,97.75,97.75,0.0,True
1712992,N017,2026-02-20 05:00:00,6,5,99.0,99.0,0.0,True
1713576,N017,2026-02-26 07:00:00,6,6,99.0,99.0,0.0,True
1924292,N019,2026-02-19 10:00:00,6,6,98.0,98.0,0.0,True
1924476,N019,2026-02-21 08:00:00,6,6,98.0,98.0,0.0,True
1924620,N019,2026-02-22 20:00:00,6,6,96.25,96.25,0.0,True
1924868,N019,2026-02-25 10:00:00,6,6,98.0,98.0,0.0,True
1925008,N019,2026-02-26 21:00:00,6,6,98.0,98.0,0.0,True
2135708,N021,2026-02-19 20:00:00,6,6,98.58333587646484,98.58333333333333,2.5431315151536182e-06,True
2135776,N021,2026-02-20 13:00:00,6,6,100.0,100.0,0.0,True
2135960,N021,2026-02-22 11:00:00,6,6,96.33333587646484,96.33333333333333,2.5431315151536182e-06,True
2136276,N021,2026-02-25 18:00:00,6,6,99.25,99.25,0.0,True
2241432,N022,2026-02-20 05:00:00,6,6,98.0,98.0,0.0,True
2241696,N022,2026-02-22 23:00:00,6,6,98.0,98.0,0.0,True
2242000,N022,2026-02-26 03:00:00,6,6,98.0,98.0,0.0,True
2347168,N023,2026-02-20 17:00:00,6,6,100.0,100.0,0.0,True
2453020,N024,2026-02-22 10:00:00,6,6,95.08333587646484,95.08333333333333,2.5431315151536182e-06,True
2453072,N024,2026-02-22 23:00:00,6,6,100.0,100.0,0.0,True
2559060,N025,2026-02-26 02:00:00,6,6,98.0,98.0,0.0,True
2559152,N025,2026-02-27 01:00:00,6,6,98.0,98.0,0.0,True
2559304,N025,2026-02-28 15:00:00,6,6,96.66666412353516,96.66666666666667,2.5431315151536182e-06,True
2664092,N026,2026-02-19 06:00:00,6,6,100.0,100.0,0.0,True
2664276,N026,2026-02-21 04:00:00,6,6,100.0,100.0,0.0,True
2769748,N027,2026-02-18 22:00:00,6,6,100.0,100.0,0.0,True
2770164,N027,2026-02-23 06:00:00,6,6,100.0,100.0,0.0,True
2875440,N028,2026-02-18 23:00:00,6,6,100.0,100.0,0.0,True
2875476,N028,2026-02-19 08:00:00,6,6,100.0,100.0,0.0,True
2876240,N028,2026-02-27 07:00:00,6,5,100.0,100.0,0.0,True
2876340,N028,2026-02-28 08:00:00,6,6,100.0,100.0,0.0,True
2981164,N029,2026-02-19 08:00:00,6,5,98.0,98.0,0.0,True
2981248,N029,2026-02-20 05:00:00,6,6,98.0,98.0,0.0,True
2982072,N029,2026-02-28 19:00:00,6,5,96.9000015258789,96.9,1.5258789005656581e-06,True
3087036,N030,2026-02-21 06:00:00,6,6,98.0,98.0,0.0,True
3087624,N030,2026-02-27 09:00:00,6,6,98.0,98.0,0.0,True
3193168,N031,2026-02-25 21:00:00,6,6,100.0,100.0,0.0,True
3298732,N032,2026-02-24 14:00:00,6,6,100.0,100.0,0.0,True
3404244,N033,2026-02-22 18:00:00,6,6,100.0,100.0,0.0,True
3404608,N033,2026-02-26 13:00:00,6,6,100.0,100.0,0.0,True
3404756,N033,2026-02-28 02:00:00,6,6,99.0,99.0,0.0,True
3509592,N034,2026-02-19 05:00:00,6,6,100.0,100.0,0.0,True
3509836,N034,2026-02-21 18:00:00,6,6,100.0,100.0,0.0,True
3615812,N035,2026-02-24 18:00:00,6,6,98.25,98.25,0.0,True
3721308,N036,2026-02-22 18:00:00,6,6,100.0,100.0,0.0,True
3721400,N036,2026-02-23 17:00:00,6,6,100.0,100.0,0.0,True
3827120,N037,2026-02-24 01:00:00,6,6,100.0,100.0,0.0,True
3827176,N037,2026-02-24 15:00:00,6,6,100.0,100.0,0.0,True
3932984,N038,2026-02-25 21:00:00,6,6,100.0,100.0,0.0,True
4038080,N039,2026-02-19 17:00:00,6,6,100.0,100.0,0.0,True
4143704,N040,2026-02-19 01:00:00,6,6,100.0,100.0,0.0,True
4143760,N040,2026-02-19 15:00:00,6,6,100.0,100.0,0.0,True
4143872,N040,2026-02-20 19:00:00,6,6,100.0,100.0,0.0,True
4144240,N040,2026-02-24 15:00:00,6,6,100.0,100.0,0.0,True
4249444,N041,2026-02-19 14:00:00,6,6,87.41666412353516,87.41666666666667,2.5431315151536182e-06,True
4355780,N042,2026-02-26 08:00:00,6,6,64.97222137451172,64.97222222222221,8.477104955773029e-07,True
4461364,N043,2026-02-25 06:00:00,6,6,72.125,72.125,0.0,True
4461652,N043,2026-02-28 06:00:00,6,6,68.81944274902344,68.81944444444444,1.6954210053654606e-06,True
4567132,N044,2026-02-26 02:00:00,6,6,77.08333587646484,77.08333333333333,2.5431315151536182e-06,True
4567340,N044,2026-02-28 06:00:00,6,6,68.68055725097656,68.68055555555556,1.6954210053654606e-06,True
4672140,N045,2026-02-19 00:00:00,6,6,77.41666412353516,77.41666666666667,2.5431315151536182e-06,True
4672344,N045,2026-02-21 03:00:00,6,6,76.41666412353516,76.41666666666667,2.5431315151536182e-06,True
4672688,N045,2026-02-24 17:00:00,6,5,67.0999984741211,67.1,1.5258789005656581e-06,True
4777924,N046,2026-02-20 00:00:00,6,6,88.0,88.0,0.0,True
4778180,N046,2026-02-22 16:00:00,6,5,79.4000015258789,79.4,1.5258789005656581e-06,True
4778452,N046,2026-02-25 12:00:00,6,6,89.0,89.0,0.0,True
4884136,N047,2026-02-25 11:00:00,6,5,66.96666717529297,66.96666666666667,5.086263001885527e-07,True
4884420,N047,2026-02-28 10:00:00,6,6,65.29166412353516,65.29166666666667,2.5431315151536182e-06,True
5095084,N049,2026-02-21 00:00:00,6,6,52.05555725097656,52.05555555555555,1.695421012470888e-06,True
5201140,N050,2026-02-24 20:00:00,6,6,44.02777862548828,44.02777777777777,8.477105097881577e-07,True
5306616,N051,2026-02-22 15:00:00,6,6,60.0,60.0,0.0,True
5306852,N051,2026-02-25 02:00:00,6,6,78.0,78.0,0.0,True
