full_path,size_bytes,sha256,family,role
D:\2026_PD\backups\phase13_in_progress_20260626_164225\configs\phase13_strong_baselines.yaml,1644,1e0c21e899d847f32be86f4b23b27b54e6fddf90a19c6b84a34b9fe2058d8353,legacy_PD_future_window_mean,configuration
D:\2026_PD\backups\phase13_in_progress_20260626_164225\outputs\tables\phase13_strong_baseline_metrics.csv,41863,1facfbed54d3babc97d301db5bdc72f69e3b29f8a8d7a0255d47319bc16e13c5,legacy_PD_future_window_mean,metric_or_table
D:\2026_PD\backups\phase13_in_progress_20260626_164225\scripts\phase13_strong_baselines.py,18144,1cc5bfb590c1b25c9aa6c2614571c417800140a0c848988aca653e08897aa709,legacy_PD_future_window_mean,code
D:\2026_PD\backups\phase14_validation_fix_before_20260630_083310\phase14_final_statistical_tests.py,8263,7fe1c360821b4128d1d3ef31ff4c7d73d7970565968f1307056adca586dd1078,legacy_PD_future_window_mean,code
D:\2026_PD\backups\phase14_validation_fix_before_20260630_083310\validate_phase14_final_statistics.py,1837,a05b47399908fed479eb9b93a75cc2a38991c361d9a86daa43c935ef1c8d1c35,legacy_PD_future_window_mean,code
D:\2026_PD\backups\phase15_accel_before_20260627_012910\phase13_strong_baselines.py,18144,1cc5bfb590c1b25c9aa6c2614571c417800140a0c848988aca653e08897aa709,legacy_PD_future_window_mean,code
D:\2026_PD\backups\phase16_reuse_clean_before_20260628_191835\phase16_robustness.py,17042,cb46b7735e19afaa21001bd6d9cd20d1b26f17b3106286603ea4a95007049f14,legacy_PD_future_window_mean,code
D:\2026_PD\backups\phase16_reuse_clean_before_20260628_191835\phase16_robustness.yaml,1423,eaa3fcbaef80daa36cb2782192557681656c80fdc907db20cc85c55f3126e5d6,legacy_PD_future_window_mean,configuration
D:\2026_PD\backups\phase17_empty_strata_before_20260630_082101\phase17_stratified_evaluation.py,8033,91b1c0493a68c5b18855c6307c655e37243a48fe1ac0a28e196e4c848a6f681c,legacy_PD_future_window_mean,code
D:\2026_PD\backups\phase17_empty_strata_before_20260630_082101\validate_phase17_stratified_evaluation.py,1976,853f9134b05a28f548dee574bab80d7b0505dfb36d2ab7b90360b6dc310c189d,legacy_PD_future_window_mean,code
D:\2026_PD\conference_paper_support_package_20260706\01_FIGURE_CANDIDATE_DATA\Fig02_candidate_data\phase13_strong_baseline_metrics.csv,42073,fe0ed0cef3a4d373bc755cba62fa167ca38203115881d248c98a0fa3561d2ffe,legacy_PD_future_window_mean,metric_or_table
D:\2026_PD\conference_paper_support_package_20260706\01_FIGURE_CANDIDATE_DATA\Fig03_candidate_data\phase13_strong_baseline_metrics.csv,42073,fe0ed0cef3a4d373bc755cba62fa167ca38203115881d248c98a0fa3561d2ffe,legacy_PD_future_window_mean,metric_or_table
D:\2026_PD\conference_paper_support_package_20260706\02_TABLE_CANDIDATE_DATA\Table01_candidate_data\phase13_strong_baseline_metrics.csv,42073,fe0ed0cef3a4d373bc755cba62fa167ca38203115881d248c98a0fa3561d2ffe,legacy_PD_future_window_mean,metric_or_table
D:\2026_PD\conference_paper_support_package_20260706\02_TABLE_CANDIDATE_DATA\Table03_candidate_data\phase13_strong_baseline_metrics.csv,42073,fe0ed0cef3a4d373bc755cba62fa167ca38203115881d248c98a0fa3561d2ffe,legacy_PD_future_window_mean,metric_or_table
D:\2026_PD\conference_paper_support_package_20260706\02_TABLE_CANDIDATE_DATA\Table03_candidate_data\phase14_final_mean_std_summary.csv,3038,0acbd7867304a5d1c31cd6dcebb86a3736a97512ccd46490a131a1af9b51510b,legacy_PD_future_window_mean,metric_or_table
D:\2026_PD\conference_paper_support_package_20260706\02_TABLE_CANDIDATE_DATA\Table04_candidate_data\phase16_degradation_summary.csv,777,5a8cbff51120ade01bc3997e66b5f0ef64eab688ec2f6a9db0fc69f3d923e0bd,legacy_PD_future_window_mean,metric_or_table
D:\2026_PD\conference_paper_support_package_20260706\02_TABLE_CANDIDATE_DATA\Table04_candidate_data\phase17_combined_stratified_summary.csv,3774,a1c74cef2508b47545936cad38ab2d5f3504b2a459399a0fcd5d0deb055fd24a,legacy_PD_future_window_mean,metric_or_table
D:\2026_PD\conference_paper_support_package_20260706\03_PHASE13_MAIN_RESULTS\phase13_strong_baseline_metrics.csv,42073,fe0ed0cef3a4d373bc755cba62fa167ca38203115881d248c98a0fa3561d2ffe,legacy_PD_future_window_mean,metric_or_table
D:\2026_PD\conference_paper_support_package_20260706\05_PHASE16_ROBUSTNESS_RESULTS\phase16_missingness_metrics_combined.csv,10200,31f410f824600c99f0737fcc40382a33c23f18cd586b7b2b574a298ab3262459,legacy_PD_future_window_mean,metric_or_table
D:\2026_PD\conference_paper_support_package_20260706\05_PHASE16_ROBUSTNESS_RESULTS\phase16_noise_metrics_combined.csv,10006,0c40cb0682e708665dee72b5625771189664caae48090a0699b7f1873a955157,legacy_PD_future_window_mean,metric_or_table
D:\2026_PD\conference_paper_support_package_20260706\05_PHASE16_ROBUSTNESS_RESULTS\phase16_readiness_report.md,163,79bc8db1d5f1eed35dce330b616f598b64a16f8f68a5a144b8e30422abf4836b,legacy_PD_future_window_mean,report_or_documentation
D:\2026_PD\conference_paper_support_package_20260706\05_PHASE16_ROBUSTNESS_RESULTS\phase16_small_sample_metrics_combined.csv,13473,2d9b93c1ccd452cbb0ead97822a4196e41b598da8972767eeaad17fdd00a35d5,legacy_PD_future_window_mean,metric_or_table
D:\2026_PD\conference_paper_support_package_20260706\05_PHASE16_ROBUSTNESS_RESULTS\phase16_validation_report.md,59588,40a1970126a8680885ed57ac719ade38fd95e4556a3e40c15fd7d58fc2a82bf8,legacy_PD_future_window_mean,report_or_documentation
D:\2026_PD\conference_paper_support_package_20260706\10_CONFIGS_ENVIRONMENT_LOGS\configs\phase13_strong_baselines.yaml,1644,1e0c21e899d847f32be86f4b23b27b54e6fddf90a19c6b84a34b9fe2058d8353,legacy_PD_future_window_mean,configuration
D:\2026_PD\conference_paper_support_package_20260706\10_CONFIGS_ENVIRONMENT_LOGS\configs\phase14_final_statistical_tests.yaml,653,4af7210ddcdd29f3329e5b32184c095ad3281f78d4cf576a8958a222d7cd01fa,legacy_PD_future_window_mean,configuration
D:\2026_PD\conference_paper_support_package_20260706\10_CONFIGS_ENVIRONMENT_LOGS\configs\phase16_robustness.yaml,1423,eaa3fcbaef80daa36cb2782192557681656c80fdc907db20cc85c55f3126e5d6,legacy_PD_future_window_mean,configuration
D:\2026_PD\conference_paper_support_package_20260706\10_CONFIGS_ENVIRONMENT_LOGS\configs\phase17_stratified_evaluation.yaml,680,a61026ab66e882aa31d5895db347e8aeaeed7bbba2df3d61d05dfd4ed1575f20,legacy_PD_future_window_mean,configuration
D:\2026_PD\conference_paper_support_package_20260706\10_CONFIGS_ENVIRONMENT_LOGS\reports\phase14_final_statistical_tests_report.md,564,5ddf909dd08f13f5a72248fef2de68e1703a300ccc541e3804d50fa8a48a0c89,legacy_PD_future_window_mean,report_or_documentation
D:\2026_PD\conference_paper_support_package_20260706\10_CONFIGS_ENVIRONMENT_LOGS\reports\phase16_robustness_report.md,4089,5d642324d03ca3ea21c9b432627eb1b42850fba7335a554961dc62203954922b,legacy_PD_future_window_mean,report_or_documentation
D:\2026_PD\conference_paper_support_package_20260706\10_CONFIGS_ENVIRONMENT_LOGS\reports\phase16_validation_report.md,59588,40a1970126a8680885ed57ac719ade38fd95e4556a3e40c15fd7d58fc2a82bf8,legacy_PD_future_window_mean,report_or_documentation
D:\2026_PD\conference_paper_support_package_20260706\10_CONFIGS_ENVIRONMENT_LOGS\reports\phase17_stratified_evaluation_report.md,6554,e32132eb6890c86e3ea2d999a78d2c9906b7d80f698bb243e1556f138d12f1f6,legacy_PD_future_window_mean,report_or_documentation
D:\2026_PD\conference_paper_support_package_20260706\10_CONFIGS_ENVIRONMENT_LOGS\reports\phase17_validation_report.md,1781,47dbaec3a2a3456b9e62c52f1a17a7835100ecf728351f9380e89b079f1baea6,legacy_PD_future_window_mean,report_or_documentation
D:\2026_PD\configs\phase13_strong_baselines.yaml,1644,1e0c21e899d847f32be86f4b23b27b54e6fddf90a19c6b84a34b9fe2058d8353,legacy_PD_future_window_mean,configuration
D:\2026_PD\configs\phase14_final_statistical_tests.yaml,653,4af7210ddcdd29f3329e5b32184c095ad3281f78d4cf576a8958a222d7cd01fa,legacy_PD_future_window_mean,configuration
D:\2026_PD\configs\phase16_robustness.yaml,1423,eaa3fcbaef80daa36cb2782192557681656c80fdc907db20cc85c55f3126e5d6,legacy_PD_future_window_mean,configuration
D:\2026_PD\configs\phase17_stratified_evaluation.yaml,680,a61026ab66e882aa31d5895db347e8aeaeed7bbba2df3d61d05dfd4ed1575f20,legacy_PD_future_window_mean,configuration
D:\2026_PD\GitHub\repo_push\2026-PanBorneo-FCD-Forecasting-Reproducibility\conference_paper_support_package_20260706\01_FIGURE_CANDIDATE_DATA\Fig02_candidate_data\phase13_strong_baseline_metrics.csv,42073,fe0ed0cef3a4d373bc755cba62fa167ca38203115881d248c98a0fa3561d2ffe,legacy_PD_future_window_mean,metric_or_table
D:\2026_PD\GitHub\repo_push\2026-PanBorneo-FCD-Forecasting-Reproducibility\conference_paper_support_package_20260706\01_FIGURE_CANDIDATE_DATA\Fig03_candidate_data\phase13_strong_baseline_metrics.csv,42073,fe0ed0cef3a4d373bc755cba62fa167ca38203115881d248c98a0fa3561d2ffe,legacy_PD_future_window_mean,metric_or_table
D:\2026_PD\GitHub\repo_push\2026-PanBorneo-FCD-Forecasting-Reproducibility\conference_paper_support_package_20260706\02_TABLE_CANDIDATE_DATA\Table01_candidate_data\phase13_strong_baseline_metrics.csv,42073,fe0ed0cef3a4d373bc755cba62fa167ca38203115881d248c98a0fa3561d2ffe,legacy_PD_future_window_mean,metric_or_table
D:\2026_PD\GitHub\repo_push\2026-PanBorneo-FCD-Forecasting-Reproducibility\conference_paper_support_package_20260706\02_TABLE_CANDIDATE_DATA\Table03_candidate_data\phase13_strong_baseline_metrics.csv,42073,fe0ed0cef3a4d373bc755cba62fa167ca38203115881d248c98a0fa3561d2ffe,legacy_PD_future_window_mean,metric_or_table
D:\2026_PD\GitHub\repo_push\2026-PanBorneo-FCD-Forecasting-Reproducibility\conference_paper_support_package_20260706\02_TABLE_CANDIDATE_DATA\Table03_candidate_data\phase14_final_mean_std_summary.csv,3038,0acbd7867304a5d1c31cd6dcebb86a3736a97512ccd46490a131a1af9b51510b,legacy_PD_future_window_mean,metric_or_table
D:\2026_PD\GitHub\repo_push\2026-PanBorneo-FCD-Forecasting-Reproducibility\conference_paper_support_package_20260706\02_TABLE_CANDIDATE_DATA\Table04_candidate_data\phase16_degradation_summary.csv,777,5a8cbff51120ade01bc3997e66b5f0ef64eab688ec2f6a9db0fc69f3d923e0bd,legacy_PD_future_window_mean,metric_or_table
D:\2026_PD\GitHub\repo_push\2026-PanBorneo-FCD-Forecasting-Reproducibility\conference_paper_support_package_20260706\02_TABLE_CANDIDATE_DATA\Table04_candidate_data\phase17_combined_stratified_summary.csv,3774,a1c74cef2508b47545936cad38ab2d5f3504b2a459399a0fcd5d0deb055fd24a,legacy_PD_future_window_mean,metric_or_table
D:\2026_PD\GitHub\repo_push\2026-PanBorneo-FCD-Forecasting-Reproducibility\conference_paper_support_package_20260706\03_PHASE13_MAIN_RESULTS\phase13_strong_baseline_metrics.csv,42073,fe0ed0cef3a4d373bc755cba62fa167ca38203115881d248c98a0fa3561d2ffe,legacy_PD_future_window_mean,metric_or_table
D:\2026_PD\GitHub\repo_push\2026-PanBorneo-FCD-Forecasting-Reproducibility\conference_paper_support_package_20260706\05_PHASE16_ROBUSTNESS_RESULTS\phase16_missingness_metrics_combined.csv,10200,31f410f824600c99f0737fcc40382a33c23f18cd586b7b2b574a298ab3262459,legacy_PD_future_window_mean,metric_or_table
D:\2026_PD\GitHub\repo_push\2026-PanBorneo-FCD-Forecasting-Reproducibility\conference_paper_support_package_20260706\05_PHASE16_ROBUSTNESS_RESULTS\phase16_noise_metrics_combined.csv,10006,0c40cb0682e708665dee72b5625771189664caae48090a0699b7f1873a955157,legacy_PD_future_window_mean,metric_or_table
D:\2026_PD\GitHub\repo_push\2026-PanBorneo-FCD-Forecasting-Reproducibility\conference_paper_support_package_20260706\05_PHASE16_ROBUSTNESS_RESULTS\phase16_readiness_report.md,163,79bc8db1d5f1eed35dce330b616f598b64a16f8f68a5a144b8e30422abf4836b,legacy_PD_future_window_mean,report_or_documentation
D:\2026_PD\GitHub\repo_push\2026-PanBorneo-FCD-Forecasting-Reproducibility\conference_paper_support_package_20260706\05_PHASE16_ROBUSTNESS_RESULTS\phase16_small_sample_metrics_combined.csv,13473,2d9b93c1ccd452cbb0ead97822a4196e41b598da8972767eeaad17fdd00a35d5,legacy_PD_future_window_mean,metric_or_table
D:\2026_PD\GitHub\repo_push\2026-PanBorneo-FCD-Forecasting-Reproducibility\conference_paper_support_package_20260706\05_PHASE16_ROBUSTNESS_RESULTS\phase16_validation_report.md,59588,40a1970126a8680885ed57ac719ade38fd95e4556a3e40c15fd7d58fc2a82bf8,legacy_PD_future_window_mean,report_or_documentation
D:\2026_PD\GitHub\repo_push\2026-PanBorneo-FCD-Forecasting-Reproducibility\conference_paper_support_package_20260706\10_CONFIGS_ENVIRONMENT_LOGS\configs\phase13_strong_baselines.yaml,1715,47f5a4a647fb3fd02172a60871a151e1a36b4f376f46a2a566b5618d2a0df471,legacy_PD_future_window_mean,configuration
D:\2026_PD\GitHub\repo_push\2026-PanBorneo-FCD-Forecasting-Reproducibility\conference_paper_support_package_20260706\10_CONFIGS_ENVIRONMENT_LOGS\configs\phase14_final_statistical_tests.yaml,669,ca77e26601820101650edecbc6a9083ee510383e70da4875025ddde247d4fcb9,legacy_PD_future_window_mean,configuration
D:\2026_PD\GitHub\repo_push\2026-PanBorneo-FCD-Forecasting-Reproducibility\conference_paper_support_package_20260706\10_CONFIGS_ENVIRONMENT_LOGS\configs\phase16_robustness.yaml,1480,b80cf4bfde212d42a03bac91f1f895c0511ce2260556e9106f6c9a303930144b,legacy_PD_future_window_mean,configuration
D:\2026_PD\GitHub\repo_push\2026-PanBorneo-FCD-Forecasting-Reproducibility\conference_paper_support_package_20260706\10_CONFIGS_ENVIRONMENT_LOGS\configs\phase17_stratified_evaluation.yaml,700,7bae12924d300bd7fc3a74d5a5b0bf8eb2fdd70266b313547ec2435fcc16bade,legacy_PD_future_window_mean,configuration
D:\2026_PD\GitHub\repo_push\2026-PanBorneo-FCD-Forecasting-Reproducibility\conference_paper_support_package_20260706\10_CONFIGS_ENVIRONMENT_LOGS\reports\phase14_final_statistical_tests_report.md,564,5ddf909dd08f13f5a72248fef2de68e1703a300ccc541e3804d50fa8a48a0c89,legacy_PD_future_window_mean,report_or_documentation
D:\2026_PD\GitHub\repo_push\2026-PanBorneo-FCD-Forecasting-Reproducibility\conference_paper_support_package_20260706\10_CONFIGS_ENVIRONMENT_LOGS\reports\phase16_robustness_report.md,4089,5d642324d03ca3ea21c9b432627eb1b42850fba7335a554961dc62203954922b,legacy_PD_future_window_mean,report_or_documentation
D:\2026_PD\GitHub\repo_push\2026-PanBorneo-FCD-Forecasting-Reproducibility\conference_paper_support_package_20260706\10_CONFIGS_ENVIRONMENT_LOGS\reports\phase16_validation_report.md,59588,40a1970126a8680885ed57ac719ade38fd95e4556a3e40c15fd7d58fc2a82bf8,legacy_PD_future_window_mean,report_or_documentation
D:\2026_PD\GitHub\repo_push\2026-PanBorneo-FCD-Forecasting-Reproducibility\conference_paper_support_package_20260706\10_CONFIGS_ENVIRONMENT_LOGS\reports\phase17_stratified_evaluation_report.md,6554,e32132eb6890c86e3ea2d999a78d2c9906b7d80f698bb243e1556f138d12f1f6,legacy_PD_future_window_mean,report_or_documentation
D:\2026_PD\GitHub\repo_push\2026-PanBorneo-FCD-Forecasting-Reproducibility\conference_paper_support_package_20260706\10_CONFIGS_ENVIRONMENT_LOGS\reports\phase17_validation_report.md,1781,47dbaec3a2a3456b9e62c52f1a17a7835100ecf728351f9380e89b079f1baea6,legacy_PD_future_window_mean,report_or_documentation
D:\2026_PD\outputs\locked\phase13_full\predictions\GRU_h1_seed2024.parquet,268060,39bed638373695245ef1a6c7fc8a221073a0764702bdd0eaa48fe54c7cdb5480,legacy_PD_future_window_mean,prediction_or_sample_data
D:\2026_PD\outputs\locked\phase13_full\predictions\GRU_h1_seed2025.parquet,268228,e94fe5272e39612868e47d8196a5f1cc84b10d37168932c2d18679ca9541e856,legacy_PD_future_window_mean,prediction_or_sample_data
D:\2026_PD\outputs\locked\phase13_full\predictions\GRU_h1_seed2026.parquet,267488,5ed18b2c7f2876f966a2b6e7658af03fa9d4e25969e78325fdc3e9ef9c042efa,legacy_PD_future_window_mean,prediction_or_sample_data
D:\2026_PD\outputs\locked\phase13_full\predictions\GRU_h1_seed3407.parquet,268140,d7313c5a8860f8c764fb55903a7578d2b6298f6897dca4055118dae2b3bdfe4f,legacy_PD_future_window_mean,prediction_or_sample_data
D:\2026_PD\outputs\locked\phase13_full\predictions\GRU_h1_seed42.parquet,268004,119ffa292ec9f74ccc117cb0b993999ab587629050e876f943271dce8bfc5e9d,legacy_PD_future_window_mean,prediction_or_sample_data
D:\2026_PD\outputs\locked\phase13_full\predictions\GRU_h3_seed2024.parquet,264513,657315cbb35d813f8f481a926897bdaa16b5fc2f8391932dab666d6fa6a158ee,legacy_PD_future_window_mean,prediction_or_sample_data
D:\2026_PD\outputs\locked\phase13_full\predictions\GRU_h3_seed2025.parquet,264473,bfda4a78fc68ed26a719a4f0c567493e17c496a5111220830bbb3f7d04ab3671,legacy_PD_future_window_mean,prediction_or_sample_data
D:\2026_PD\outputs\locked\phase13_full\predictions\GRU_h3_seed2026.parquet,264773,fb6696d3d1a9fd7cdfa07534de37c7966a6d27d2f96f1b8a2250e9143f62cde8,legacy_PD_future_window_mean,prediction_or_sample_data
D:\2026_PD\outputs\locked\phase13_full\predictions\GRU_h3_seed3407.parquet,264705,d2f08cd6a5634b517ac623b9ace5a727b5ab743c2143dd81b3049dd599cb295e,legacy_PD_future_window_mean,prediction_or_sample_data
D:\2026_PD\outputs\locked\phase13_full\predictions\GRU_h3_seed42.parquet,264501,c0b0fd44419e1936655ab235e8bda4c78921fda06f05d507c767552737ef04d9,legacy_PD_future_window_mean,prediction_or_sample_data
D:\2026_PD\outputs\locked\phase13_full\predictions\GRU_h6_seed2024.parquet,274748,a919f24139e583397000443a641fbd0cff78a0845e1f0d36bd9e84d1b2eae433,legacy_PD_future_window_mean,prediction_or_sample_data
D:\2026_PD\outputs\locked\phase13_full\predictions\GRU_h6_seed2025.parquet,274604,89ad73f6b54cbd42519e732cad422fc51fc7f8c4f285a724d052a6b77cef0b2d,legacy_PD_future_window_mean,prediction_or_sample_data
D:\2026_PD\outputs\locked\phase13_full\predictions\GRU_h6_seed2026.parquet,274416,5dd0bec3c3c7bdbe8ce4a904aec38ce44fdd08585a0e881f7f475c974953bc95,legacy_PD_future_window_mean,prediction_or_sample_data
D:\2026_PD\outputs\locked\phase13_full\predictions\GRU_h6_seed3407.parquet,275024,1ca476684ca02cbddc7a9099c93b7cced6196edf263e6ac46f318f1075093cad,legacy_PD_future_window_mean,prediction_or_sample_data
D:\2026_PD\outputs\locked\phase13_full\predictions\GRU_h6_seed42.parquet,275056,c59b4fe1233ec78b8f1f21b3d72432eaecf3b867edd33e3bd69d81db68282161,legacy_PD_future_window_mean,prediction_or_sample_data
D:\2026_PD\outputs\locked\phase13_full\predictions\HA_h1_seed2024.parquet,101009,12737d9bd4e673d046766834e6b1e45f5568f0961d5da866ba85eebfeb113db6,legacy_PD_future_window_mean,prediction_or_sample_data
D:\2026_PD\outputs\locked\phase13_full\predictions\HA_h1_seed2025.parquet,101009,ce8a75cad5f6040d29df904d3c421836d4295af595caa001f7b118fd1dd789f7,legacy_PD_future_window_mean,prediction_or_sample_data
D:\2026_PD\outputs\locked\phase13_full\predictions\HA_h1_seed2026.parquet,101009,21111b0661f4ba8311d08c9483611ae55f8c5d7e32c2135ef113e094da568f85,legacy_PD_future_window_mean,prediction_or_sample_data
D:\2026_PD\outputs\locked\phase13_full\predictions\HA_h1_seed3407.parquet,101009,cb10f6ea2477cb4b658043fba0914f1bebe18a4e299c073c77752e9d4a243fd3,legacy_PD_future_window_mean,prediction_or_sample_data
D:\2026_PD\outputs\locked\phase13_full\predictions\HA_h1_seed42.parquet,101009,9ddf219588a9b5f9bec8468616900d68b9f7d0516a9a073a8bbe2e5365361577,legacy_PD_future_window_mean,prediction_or_sample_data
D:\2026_PD\outputs\locked\phase13_full\predictions\HA_h3_seed2024.parquet,109283,fa17c1c09ff73816c8d255c201873cf326e0bea1c9784a77208901c37f76af63,legacy_PD_future_window_mean,prediction_or_sample_data
D:\2026_PD\outputs\locked\phase13_full\predictions\HA_h3_seed2025.parquet,109283,1859180ce8e8036111cb928a51f93aa865d727706d1ae20ececd208c1382cd90,legacy_PD_future_window_mean,prediction_or_sample_data
D:\2026_PD\outputs\locked\phase13_full\predictions\HA_h3_seed2026.parquet,109283,19a372cf94ad8f8debca6d98d668fe030b241e66f26df24bed24e71c7b033f2f,legacy_PD_future_window_mean,prediction_or_sample_data
D:\2026_PD\outputs\locked\phase13_full\predictions\HA_h3_seed3407.parquet,109283,8b68a30dcb3814d71054c2f8463eb01cfa5e80495f39547dfabd67443996cc6b,legacy_PD_future_window_mean,prediction_or_sample_data
D:\2026_PD\outputs\locked\phase13_full\predictions\HA_h3_seed42.parquet,109283,aebe35da2c7f9bc3122128261d57c2725d124c4871abc7f2863d4a73aba39865,legacy_PD_future_window_mean,prediction_or_sample_data
D:\2026_PD\outputs\locked\phase13_full\predictions\HA_h6_seed2024.parquet,120399,2deebdf8f028c60a30a960205f2e80a5e1f0e7b9ef0c61abacac928136d4e8b9,legacy_PD_future_window_mean,prediction_or_sample_data
D:\2026_PD\outputs\locked\phase13_full\predictions\HA_h6_seed2025.parquet,120399,425c2ebef658715ec5b28a6b01d898342217bd6fc5c88ce56329de2b5146e061,legacy_PD_future_window_mean,prediction_or_sample_data
D:\2026_PD\outputs\locked\phase13_full\predictions\HA_h6_seed2026.parquet,120399,e00e9ee40b3d3cb2b5f7555f4703c01b5f1a5deaa5b9b957f33a04c26e054d75,legacy_PD_future_window_mean,prediction_or_sample_data
D:\2026_PD\outputs\locked\phase13_full\predictions\HA_h6_seed3407.parquet,120399,0db261fd2bded56b127ccb00159f975e25549000a6a89b9bda66280021dd147f,legacy_PD_future_window_mean,prediction_or_sample_data
D:\2026_PD\outputs\locked\phase13_full\predictions\HA_h6_seed42.parquet,120399,92f1fe7affe8a33d9b5275f1e1c6b15d9a521c98b52fb4552e6a6d9aa93add80,legacy_PD_future_window_mean,prediction_or_sample_data
D:\2026_PD\outputs\locked\phase13_full\predictions\Persistence_h1_seed2024.parquet,99999,06b47add85b8d818719ead999c10b07230eebfc499876c023ed7c40c0aa6efff,legacy_PD_future_window_mean,prediction_or_sample_data
D:\2026_PD\outputs\locked\phase13_full\predictions\Persistence_h1_seed2025.parquet,99999,afec8e152a5b6add62a2445f6497146dcffe3b8e868a9ecce7ab2849293cfa76,legacy_PD_future_window_mean,prediction_or_sample_data
D:\2026_PD\outputs\locked\phase13_full\predictions\Persistence_h1_seed2026.parquet,99999,466a59f67efa3196ae6e4f826b3f412e363c45a5081a74ac8b35270fd119ff5f,legacy_PD_future_window_mean,prediction_or_sample_data
D:\2026_PD\outputs\locked\phase13_full\predictions\Persistence_h1_seed3407.parquet,99999,f65640ee46184f911292f6743051ce46dcf2ba24a9a17a345c591711f4444266,legacy_PD_future_window_mean,prediction_or_sample_data
D:\2026_PD\outputs\locked\phase13_full\predictions\Persistence_h1_seed42.parquet,99999,6f10495cf02991a21b5dfd39392924c3ee9539af659059deeda17de53da95fcd,legacy_PD_future_window_mean,prediction_or_sample_data
D:\2026_PD\outputs\locked\phase13_full\predictions\Persistence_h3_seed2024.parquet,105512,2c8dad7dabcbfa71419ebd35cc16c4867c534021026da8ab29226a33a96b3417,legacy_PD_future_window_mean,prediction_or_sample_data
D:\2026_PD\outputs\locked\phase13_full\predictions\Persistence_h3_seed2025.parquet,105512,acb088f455210a6d9217681aeb0dd1142eb5a3583fc02d9a178eb535c9227053,legacy_PD_future_window_mean,prediction_or_sample_data
D:\2026_PD\outputs\locked\phase13_full\predictions\Persistence_h3_seed2026.parquet,105512,742bfc32e68a954f4dfab106830b4846d4ef637cb71c4b8fc9ad93ada2eb4be7,legacy_PD_future_window_mean,prediction_or_sample_data
D:\2026_PD\outputs\locked\phase13_full\predictions\Persistence_h3_seed3407.parquet,105512,c6475733188248da795cbdc7f6220f203d6f0496af7db704e8972ef8ce09d884,legacy_PD_future_window_mean,prediction_or_sample_data
D:\2026_PD\outputs\locked\phase13_full\predictions\Persistence_h3_seed42.parquet,105512,4676e3c54de59c86723896348414a8d9f48f571ec5e4c9818bc19bed969e754f,legacy_PD_future_window_mean,prediction_or_sample_data
D:\2026_PD\outputs\locked\phase13_full\predictions\Persistence_h6_seed2024.parquet,116759,b68097801b49532fb052a335f9bc00cb4a739f66ea5946b1b40b07e85308d0d1,legacy_PD_future_window_mean,prediction_or_sample_data
D:\2026_PD\outputs\locked\phase13_full\predictions\Persistence_h6_seed2025.parquet,116759,aeee5cd885d4848b9b2c8f6494a1609c1790029cc39835f4dbe85578b65ebecd,legacy_PD_future_window_mean,prediction_or_sample_data
D:\2026_PD\outputs\locked\phase13_full\predictions\Persistence_h6_seed2026.parquet,116759,d697153d28fda81e062db69d97e8e05ab4e03e9db06d7b267495ddc8fc366a0e,legacy_PD_future_window_mean,prediction_or_sample_data
D:\2026_PD\outputs\locked\phase13_full\predictions\Persistence_h6_seed3407.parquet,116759,50b57e32870f38947deb6c55949c5261407838fdaad2110420141a3b27dea1dc,legacy_PD_future_window_mean,prediction_or_sample_data
D:\2026_PD\outputs\locked\phase13_full\predictions\Persistence_h6_seed42.parquet,116759,d678792c9aa1fb6a0d8a2936d8644792117584ba984c59a04faf51f8d6ed9f12,legacy_PD_future_window_mean,prediction_or_sample_data
D:\2026_PD\outputs\locked\phase13_full\predictions\SeasonalHA_h1_seed2024.parquet,133600,22e363f1cbc1b16aace7c03f70949b7df54c3e02d22c6c3a2a2a8a9c982be15d,legacy_PD_future_window_mean,prediction_or_sample_data
D:\2026_PD\outputs\locked\phase13_full\predictions\SeasonalHA_h1_seed2025.parquet,133600,89cc17d383dce84c1628c4623e380fa766c44dbfcd71021908e12d7137297352,legacy_PD_future_window_mean,prediction_or_sample_data
D:\2026_PD\outputs\locked\phase13_full\predictions\SeasonalHA_h1_seed2026.parquet,133600,af68d7b89bc7755414773d889c9724e0f3c94913d87d5bb279e45cd2f8c3ef3d,legacy_PD_future_window_mean,prediction_or_sample_data
D:\2026_PD\outputs\locked\phase13_full\predictions\SeasonalHA_h1_seed3407.parquet,133600,b866e331cdf3f748ddc827322c0ca0f316d2f4afd242c477e3ba829515a379bf,legacy_PD_future_window_mean,prediction_or_sample_data
D:\2026_PD\outputs\locked\phase13_full\predictions\SeasonalHA_h1_seed42.parquet,133600,1493c2c40fbc0f7471071a755923e6a933c81c8248dfe047e5c7bf5a08ce419f,legacy_PD_future_window_mean,prediction_or_sample_data
D:\2026_PD\outputs\locked\phase13_full\predictions\SeasonalHA_h3_seed2024.parquet,154742,c5d00ed95d51c61794ecb8f9d839a9292af98b2e32039f515be46ac0e2a146d7,legacy_PD_future_window_mean,prediction_or_sample_data
D:\2026_PD\outputs\locked\phase13_full\predictions\SeasonalHA_h3_seed2025.parquet,154742,fcae2fcec22e6b177b9531c9dae0de2a98093cf4d2aa1d7884773ae60559ebe7,legacy_PD_future_window_mean,prediction_or_sample_data
D:\2026_PD\outputs\locked\phase13_full\predictions\SeasonalHA_h3_seed2026.parquet,154742,9a05be717a5f9fe4e370767c7c8320467535df43589b5d713a3d012644ea9359,legacy_PD_future_window_mean,prediction_or_sample_data
D:\2026_PD\outputs\locked\phase13_full\predictions\SeasonalHA_h3_seed3407.parquet,154742,1b4af14b7f4b84bca65f30fcaa99e50c61da6e95e674620c06a0eca9d48dedb7,legacy_PD_future_window_mean,prediction_or_sample_data
D:\2026_PD\outputs\locked\phase13_full\predictions\SeasonalHA_h3_seed42.parquet,154742,0165f10069dc3603956b5856e7a7a075bf2d376fecad1273b38ea456b16e5233,legacy_PD_future_window_mean,prediction_or_sample_data
D:\2026_PD\outputs\locked\phase13_full\predictions\SeasonalHA_h6_seed2024.parquet,178986,80d444a592b870ad9844a3adb9731622e0e06479cb2177673004455eb7cf23a2,legacy_PD_future_window_mean,prediction_or_sample_data
D:\2026_PD\outputs\locked\phase13_full\predictions\SeasonalHA_h6_seed2025.parquet,178986,999525c3cd1abaac39c640a44348fcd8b558fbf91420c43990ec98039af284eb,legacy_PD_future_window_mean,prediction_or_sample_data
D:\2026_PD\outputs\locked\phase13_full\predictions\SeasonalHA_h6_seed2026.parquet,178986,1b11c28f5d62a715687f0d944856f25435c759de9b200b5a3baba1d4c943cbb5,legacy_PD_future_window_mean,prediction_or_sample_data
D:\2026_PD\outputs\locked\phase13_full\predictions\SeasonalHA_h6_seed3407.parquet,178986,c8939d259dbe192b0bba8654cff91246ead544a6eb65c1cb80f67a04c9851063,legacy_PD_future_window_mean,prediction_or_sample_data
D:\2026_PD\outputs\locked\phase13_full\predictions\SeasonalHA_h6_seed42.parquet,178986,be0d3705904597412fbde3125a34f1f0ac653302e85d2cdf9dabc2e1ad48eb44,legacy_PD_future_window_mean,prediction_or_sample_data
D:\2026_PD\outputs\locked\phase13_full\predictions\ST-Transformer-lite_h1_seed2024.parquet,287476,9a833f59cb4be67cae9a7789bacae0810909ad30eb2ecbbf13b548aee99d5f2f,legacy_PD_future_window_mean,prediction_or_sample_data
D:\2026_PD\outputs\locked\phase13_full\predictions\ST-Transformer-lite_h1_seed2025.parquet,285968,2c5bca348c351960f1a567f35acd44212fc8fda1361c3b06723971d874df8114,legacy_PD_future_window_mean,prediction_or_sample_data
D:\2026_PD\outputs\locked\phase13_full\predictions\ST-Transformer-lite_h1_seed2026.parquet,288380,f5dd321bff6095500086fca46f51f2bf53da4ac759b97a6f92215f62cd8a7d0c,legacy_PD_future_window_mean,prediction_or_sample_data
D:\2026_PD\outputs\locked\phase13_full\predictions\ST-Transformer-lite_h1_seed3407.parquet,286168,9781a9f12454b308b693d26d9a81dd220da98daf68d2fbc44431a45eb5c585ed,legacy_PD_future_window_mean,prediction_or_sample_data
D:\2026_PD\outputs\locked\phase13_full\predictions\ST-Transformer-lite_h1_seed42.parquet,288052,26e29953d8e8694521489c7e0b7f470803b72ab4e36189ccee203acae29f1a5c,legacy_PD_future_window_mean,prediction_or_sample_data
D:\2026_PD\outputs\locked\phase13_full\predictions\ST-Transformer-lite_h3_seed2024.parquet,282925,b365ed273c7e411e5cb3825a225ab1874fde048feb797316ff11cb36afa2acc2,legacy_PD_future_window_mean,prediction_or_sample_data
D:\2026_PD\outputs\locked\phase13_full\predictions\ST-Transformer-lite_h3_seed2025.parquet,282525,d159bb56e87b01a307283916064e7af2d8c54db15dfba621ba5a8041b807c065,legacy_PD_future_window_mean,prediction_or_sample_data
D:\2026_PD\outputs\locked\phase13_full\predictions\ST-Transformer-lite_h3_seed2026.parquet,282425,5c048321ca6f477a1b0d06f3b27e7ddf56692d0c715152a50406611451f51ea3,legacy_PD_future_window_mean,prediction_or_sample_data
D:\2026_PD\outputs\locked\phase13_full\predictions\ST-Transformer-lite_h3_seed3407.parquet,281981,cf6b40633f06899d062c9486b2b464ae332f3bfc84279f2154e036e50481e751,legacy_PD_future_window_mean,prediction_or_sample_data
D:\2026_PD\outputs\locked\phase13_full\predictions\ST-Transformer-lite_h3_seed42.parquet,282837,b6170e053c6a2578f3053540515ac044f81ed682ce412da75ac7209c56aaeba1,legacy_PD_future_window_mean,prediction_or_sample_data
D:\2026_PD\outputs\locked\phase13_full\predictions\ST-Transformer-lite_h6_seed2024.parquet,291600,023abdc16b46236ebde415845a537a615e3b787f251dc24467362746b8b0771e,legacy_PD_future_window_mean,prediction_or_sample_data
D:\2026_PD\outputs\locked\phase13_full\predictions\ST-Transformer-lite_h6_seed2025.parquet,291696,1535a9294e17eb0eda038f66136d5c0a591b7351e7bfefcea62090a243b8f681,legacy_PD_future_window_mean,prediction_or_sample_data
D:\2026_PD\outputs\locked\phase13_full\predictions\ST-Transformer-lite_h6_seed2026.parquet,291832,9f8be4c3d95939e51b914bc2e0ecfaa771925975c6d24642affcdda5cc733e2f,legacy_PD_future_window_mean,prediction_or_sample_data
D:\2026_PD\outputs\locked\phase13_full\predictions\ST-Transformer-lite_h6_seed3407.parquet,291736,5e4331af209ec3aa4cee78068b251372e3ed78983e171ad16affde53bc75f953,legacy_PD_future_window_mean,prediction_or_sample_data
D:\2026_PD\outputs\locked\phase13_full\predictions\ST-Transformer-lite_h6_seed42.parquet,291516,811f85381807cdd24c2518c4369cbdccaf29bfa24a630a4bc760adef07bbc5f9,legacy_PD_future_window_mean,prediction_or_sample_data
D:\2026_PD\outputs\locked\phase13_full\predictions\TCN_h1_seed2024.parquet,269012,9ad41d3d72eeb593cc3f483fed585ccff1be70e50cd279b9fc8cd8ae329afa75,legacy_PD_future_window_mean,prediction_or_sample_data
D:\2026_PD\outputs\locked\phase13_full\predictions\TCN_h1_seed2025.parquet,268240,d5b645f602152c99f65a073e9de19748a18bf49edc0178c545c8bf3ef489166e,legacy_PD_future_window_mean,prediction_or_sample_data
D:\2026_PD\outputs\locked\phase13_full\predictions\TCN_h1_seed2026.parquet,268756,116acb08c7e8ec7395818ab32f8b7ebac09766ab5547be39a3c4fb706fe819ec,legacy_PD_future_window_mean,prediction_or_sample_data
D:\2026_PD\outputs\locked\phase13_full\predictions\TCN_h1_seed3407.parquet,268580,e99ccfd35dbbe99ce5ab2d52ce2cb71a087959b8ad20e7e70b4d1cf5eb1cc08e,legacy_PD_future_window_mean,prediction_or_sample_data
D:\2026_PD\outputs\locked\phase13_full\predictions\TCN_h1_seed42.parquet,268380,e02c3d43c7fe541b6f237879ed94f94a8aee96fb7a3a89d65edf4913bb8d8f04,legacy_PD_future_window_mean,prediction_or_sample_data
D:\2026_PD\outputs\locked\phase13_full\predictions\TCN_h3_seed2024.parquet,264633,3ad8c8543fa80c14e68ddd732e1849e66c284a70ed281e8fbc6e307feb9f6de7,legacy_PD_future_window_mean,prediction_or_sample_data
D:\2026_PD\outputs\locked\phase13_full\predictions\TCN_h3_seed2025.parquet,264293,dbb54bf3cc538c3d52d26e769db5718eea5d48ed79d14ab45cc0ce230e24e6b4,legacy_PD_future_window_mean,prediction_or_sample_data
D:\2026_PD\outputs\locked\phase13_full\predictions\TCN_h3_seed2026.parquet,264841,621e7c7d4ded71c8069910b14de5a49cbc67e2988218b64cfb202c22aebcd4ae,legacy_PD_future_window_mean,prediction_or_sample_data
D:\2026_PD\outputs\locked\phase13_full\predictions\TCN_h3_seed3407.parquet,264541,5982ebaf702b969ca6ee423a5caf5b4fea060f0eceef7e92c36a2d4e105a96a2,legacy_PD_future_window_mean,prediction_or_sample_data
D:\2026_PD\outputs\locked\phase13_full\predictions\TCN_h3_seed42.parquet,264853,15b37c4a79b55295d6bbd639f3bc48df4ee984e592170876993724e63cb0e0da,legacy_PD_future_window_mean,prediction_or_sample_data
D:\2026_PD\outputs\locked\phase13_full\predictions\TCN_h6_seed2024.parquet,274716,b716b5b96a0c46c059d8afcd0cbc0b08cd6fbc5527389429d74b2d6173a6b321,legacy_PD_future_window_mean,prediction_or_sample_data
D:\2026_PD\outputs\locked\phase13_full\predictions\TCN_h6_seed2025.parquet,274776,f0796fb88838aa5317b51b6176c3c912bd884048be0550129d7c30a3bc485a05,legacy_PD_future_window_mean,prediction_or_sample_data
D:\2026_PD\outputs\locked\phase13_full\predictions\TCN_h6_seed2026.parquet,274740,9c7870918919b3f238614810b8a3774b26dc23031ec984a65bbe9912e32e6b45,legacy_PD_future_window_mean,prediction_or_sample_data
D:\2026_PD\outputs\locked\phase13_full\predictions\TCN_h6_seed3407.parquet,274784,23e06c23d65c27ebc6c9b04b7ee24e84943c980e7651b282dd16023f85fa6106,legacy_PD_future_window_mean,prediction_or_sample_data
D:\2026_PD\outputs\locked\phase13_full\predictions\TCN_h6_seed42.parquet,274360,78d11c1720cc2bf23cf976d000cf3c35ab3ae7d9b713157811a4196cd5b08706,legacy_PD_future_window_mean,prediction_or_sample_data
D:\2026_PD\outputs\locked\phase13_full\predictions\XGBoost_h1_seed2024.parquet,265396,408df81145061ae22b126856143165eaa75b280c82a63c12aea065c842fcd5d9,legacy_PD_future_window_mean,prediction_or_sample_data
D:\2026_PD\outputs\locked\phase13_full\predictions\XGBoost_h1_seed2025.parquet,265464,58712abe959ba97dd6359224c6c2a7f8bbf01026a5f72c150ddb73d250a0100f,legacy_PD_future_window_mean,prediction_or_sample_data
D:\2026_PD\outputs\locked\phase13_full\predictions\XGBoost_h1_seed2026.parquet,265316,070aba8502f3ef2364b7b4beaf419b965deca8364f2d4b1215974122d2b076ab,legacy_PD_future_window_mean,prediction_or_sample_data
D:\2026_PD\outputs\locked\phase13_full\predictions\XGBoost_h1_seed3407.parquet,265416,3d2eae26c10e10fdfa3ab0c13362043bd125d61328ae25e9f4a71edaff9183eb,legacy_PD_future_window_mean,prediction_or_sample_data
D:\2026_PD\outputs\locked\phase13_full\predictions\XGBoost_h1_seed42.parquet,265264,250e41be696ec17b7a703013b292b9f248046dc39e4abe45d311a62a273f8c6b,legacy_PD_future_window_mean,prediction_or_sample_data
D:\2026_PD\outputs\locked\phase13_full\predictions\XGBoost_h3_seed2024.parquet,262609,6eb2f2a045a336674d165d0374929e627fe66c23dfc4118e3e2b7ec0c566feca,legacy_PD_future_window_mean,prediction_or_sample_data
D:\2026_PD\outputs\locked\phase13_full\predictions\XGBoost_h3_seed2025.parquet,262585,6090b4c959f00313c185455f265cd5aed38b228732ae7aed32525d85e9cd70b2,legacy_PD_future_window_mean,prediction_or_sample_data
D:\2026_PD\outputs\locked\phase13_full\predictions\XGBoost_h3_seed2026.parquet,262597,aa30ed0ebc1efa26a70b0562bb2008969002b1bfa639a338bee4af4e84dbc546,legacy_PD_future_window_mean,prediction_or_sample_data
D:\2026_PD\outputs\locked\phase13_full\predictions\XGBoost_h3_seed3407.parquet,262553,7bd12e4bda836dd077d1fd73aafdc5c033c535411cf86bf360655d1a295e0fe7,legacy_PD_future_window_mean,prediction_or_sample_data
D:\2026_PD\outputs\locked\phase13_full\predictions\XGBoost_h3_seed42.parquet,262437,c50932f8ada600dc6b9f448c207843399811b530f25e1680201dff72dde4f7e2,legacy_PD_future_window_mean,prediction_or_sample_data
D:\2026_PD\outputs\locked\phase13_full\predictions\XGBoost_h6_seed2024.parquet,272716,87f92a6862ae9f99e7f7d72a2a92ca454a707fa72c42671f42cc351e982127b7,legacy_PD_future_window_mean,prediction_or_sample_data
D:\2026_PD\outputs\locked\phase13_full\predictions\XGBoost_h6_seed2025.parquet,272732,87b4609be82d14d2cf4b33c4039977e265b9ee870d4ad588b42ef5af5785ecc2,legacy_PD_future_window_mean,prediction_or_sample_data
D:\2026_PD\outputs\locked\phase13_full\predictions\XGBoost_h6_seed2026.parquet,272660,25b6d135503af22c0a96f5168b4d44b4f0365f5ce6914246e4ddccb7872ca98b,legacy_PD_future_window_mean,prediction_or_sample_data
D:\2026_PD\outputs\locked\phase13_full\predictions\XGBoost_h6_seed3407.parquet,272792,839128c619f59ce0b25e2a577704d5ba6542cc642710cb34baa485b169a5996a,legacy_PD_future_window_mean,prediction_or_sample_data
D:\2026_PD\outputs\locked\phase13_full\predictions\XGBoost_h6_seed42.parquet,272736,eb37ffe254b6cd8d5291ec3f403f61cd202f4206e13d5680391aaf490fab6249,legacy_PD_future_window_mean,prediction_or_sample_data
D:\2026_PD\outputs\locked\phase13_full\tables\phase13_strong_baseline_metrics.csv,42073,fe0ed0cef3a4d373bc755cba62fa167ca38203115881d248c98a0fa3561d2ffe,legacy_PD_future_window_mean,metric_or_table
D:\2026_PD\outputs\manuscript_package\phase19_applied_intelligence\source_tables\phase14_final_effect_size_summary.csv,15666,372150cb2714e078552ce8b6d915e465aeb6e6a15169940a20840ec11f906c4e,legacy_PD_future_window_mean,metric_or_table
D:\2026_PD\outputs\manuscript_package\phase19_applied_intelligence\source_tables\phase14_final_mean_std_summary.csv,3038,0acbd7867304a5d1c31cd6dcebb86a3736a97512ccd46490a131a1af9b51510b,legacy_PD_future_window_mean,metric_or_table
D:\2026_PD\outputs\paper_data_package_for_gpt_review\01_FIGURE_CANDIDATE_DATA\Fig02_candidate_data\phase13_strong_baseline_metrics.csv,42073,fe0ed0cef3a4d373bc755cba62fa167ca38203115881d248c98a0fa3561d2ffe,legacy_PD_future_window_mean,metric_or_table
D:\2026_PD\outputs\paper_data_package_for_gpt_review\01_FIGURE_CANDIDATE_DATA\Fig03_candidate_data\phase13_strong_baseline_metrics.csv,42073,fe0ed0cef3a4d373bc755cba62fa167ca38203115881d248c98a0fa3561d2ffe,legacy_PD_future_window_mean,metric_or_table
D:\2026_PD\outputs\paper_data_package_for_gpt_review\02_TABLE_CANDIDATE_DATA\Table01_candidate_data\phase13_strong_baseline_metrics.csv,42073,fe0ed0cef3a4d373bc755cba62fa167ca38203115881d248c98a0fa3561d2ffe,legacy_PD_future_window_mean,metric_or_table
D:\2026_PD\outputs\paper_data_package_for_gpt_review\02_TABLE_CANDIDATE_DATA\Table03_candidate_data\phase13_strong_baseline_metrics.csv,42073,fe0ed0cef3a4d373bc755cba62fa167ca38203115881d248c98a0fa3561d2ffe,legacy_PD_future_window_mean,metric_or_table
D:\2026_PD\outputs\paper_data_package_for_gpt_review\02_TABLE_CANDIDATE_DATA\Table03_candidate_data\phase14_final_mean_std_summary.csv,3038,0acbd7867304a5d1c31cd6dcebb86a3736a97512ccd46490a131a1af9b51510b,legacy_PD_future_window_mean,metric_or_table
D:\2026_PD\outputs\paper_data_package_for_gpt_review\02_TABLE_CANDIDATE_DATA\Table04_candidate_data\phase16_degradation_summary.csv,777,5a8cbff51120ade01bc3997e66b5f0ef64eab688ec2f6a9db0fc69f3d923e0bd,legacy_PD_future_window_mean,metric_or_table
D:\2026_PD\outputs\paper_data_package_for_gpt_review\02_TABLE_CANDIDATE_DATA\Table04_candidate_data\phase17_combined_stratified_summary.csv,3774,a1c74cef2508b47545936cad38ab2d5f3504b2a459399a0fcd5d0deb055fd24a,legacy_PD_future_window_mean,metric_or_table
D:\2026_PD\outputs\paper_data_package_for_gpt_review\03_PHASE13_MAIN_RESULTS\phase13_strong_baseline_metrics.csv,42073,fe0ed0cef3a4d373bc755cba62fa167ca38203115881d248c98a0fa3561d2ffe,legacy_PD_future_window_mean,metric_or_table
D:\2026_PD\outputs\paper_data_package_for_gpt_review\05_PHASE16_ROBUSTNESS_RESULTS\phase16_missingness_metrics_combined.csv,10200,31f410f824600c99f0737fcc40382a33c23f18cd586b7b2b574a298ab3262459,legacy_PD_future_window_mean,metric_or_table
D:\2026_PD\outputs\paper_data_package_for_gpt_review\05_PHASE16_ROBUSTNESS_RESULTS\phase16_noise_metrics_combined.csv,10006,0c40cb0682e708665dee72b5625771189664caae48090a0699b7f1873a955157,legacy_PD_future_window_mean,metric_or_table
D:\2026_PD\outputs\paper_data_package_for_gpt_review\05_PHASE16_ROBUSTNESS_RESULTS\phase16_readiness_report.md,163,79bc8db1d5f1eed35dce330b616f598b64a16f8f68a5a144b8e30422abf4836b,legacy_PD_future_window_mean,report_or_documentation
D:\2026_PD\outputs\paper_data_package_for_gpt_review\05_PHASE16_ROBUSTNESS_RESULTS\phase16_small_sample_metrics_combined.csv,13473,2d9b93c1ccd452cbb0ead97822a4196e41b598da8972767eeaad17fdd00a35d5,legacy_PD_future_window_mean,metric_or_table
D:\2026_PD\outputs\paper_data_package_for_gpt_review\05_PHASE16_ROBUSTNESS_RESULTS\phase16_validation_report.md,59588,40a1970126a8680885ed57ac719ade38fd95e4556a3e40c15fd7d58fc2a82bf8,legacy_PD_future_window_mean,report_or_documentation
D:\2026_PD\outputs\paper_data_package_for_gpt_review\10_CONFIGS_ENVIRONMENT_LOGS\configs\phase13_strong_baselines.yaml,1644,1e0c21e899d847f32be86f4b23b27b54e6fddf90a19c6b84a34b9fe2058d8353,legacy_PD_future_window_mean,configuration
D:\2026_PD\outputs\paper_data_package_for_gpt_review\10_CONFIGS_ENVIRONMENT_LOGS\configs\phase14_final_statistical_tests.yaml,653,4af7210ddcdd29f3329e5b32184c095ad3281f78d4cf576a8958a222d7cd01fa,legacy_PD_future_window_mean,configuration
D:\2026_PD\outputs\paper_data_package_for_gpt_review\10_CONFIGS_ENVIRONMENT_LOGS\configs\phase16_robustness.yaml,1423,eaa3fcbaef80daa36cb2782192557681656c80fdc907db20cc85c55f3126e5d6,legacy_PD_future_window_mean,configuration
D:\2026_PD\outputs\paper_data_package_for_gpt_review\10_CONFIGS_ENVIRONMENT_LOGS\configs\phase17_stratified_evaluation.yaml,680,a61026ab66e882aa31d5895db347e8aeaeed7bbba2df3d61d05dfd4ed1575f20,legacy_PD_future_window_mean,configuration
D:\2026_PD\outputs\paper_data_package_for_gpt_review\10_CONFIGS_ENVIRONMENT_LOGS\reports\phase14_final_statistical_tests_report.md,564,5ddf909dd08f13f5a72248fef2de68e1703a300ccc541e3804d50fa8a48a0c89,legacy_PD_future_window_mean,report_or_documentation
D:\2026_PD\outputs\paper_data_package_for_gpt_review\10_CONFIGS_ENVIRONMENT_LOGS\reports\phase16_robustness_report.md,4089,5d642324d03ca3ea21c9b432627eb1b42850fba7335a554961dc62203954922b,legacy_PD_future_window_mean,report_or_documentation
D:\2026_PD\outputs\paper_data_package_for_gpt_review\10_CONFIGS_ENVIRONMENT_LOGS\reports\phase16_validation_report.md,59588,40a1970126a8680885ed57ac719ade38fd95e4556a3e40c15fd7d58fc2a82bf8,legacy_PD_future_window_mean,report_or_documentation
D:\2026_PD\outputs\paper_data_package_for_gpt_review\10_CONFIGS_ENVIRONMENT_LOGS\reports\phase17_stratified_evaluation_report.md,6554,e32132eb6890c86e3ea2d999a78d2c9906b7d80f698bb243e1556f138d12f1f6,legacy_PD_future_window_mean,report_or_documentation
D:\2026_PD\outputs\paper_data_package_for_gpt_review\10_CONFIGS_ENVIRONMENT_LOGS\reports\phase17_validation_report.md,1781,47dbaec3a2a3456b9e62c52f1a17a7835100ecf728351f9380e89b079f1baea6,legacy_PD_future_window_mean,report_or_documentation
D:\2026_PD\outputs\tables\phase13_strong_baseline_metrics.csv,42073,fe0ed0cef3a4d373bc755cba62fa167ca38203115881d248c98a0fa3561d2ffe,legacy_PD_future_window_mean,metric_or_table
D:\2026_PD\outputs\tables\phase14_final_effect_size_summary.csv,15666,372150cb2714e078552ce8b6d915e465aeb6e6a15169940a20840ec11f906c4e,legacy_PD_future_window_mean,metric_or_table
D:\2026_PD\outputs\tables\phase14_final_mean_std_summary.csv,3038,0acbd7867304a5d1c31cd6dcebb86a3736a97512ccd46490a131a1af9b51510b,legacy_PD_future_window_mean,metric_or_table
D:\2026_PD\outputs\tables\phase16_degradation_summary.csv,777,5a8cbff51120ade01bc3997e66b5f0ef64eab688ec2f6a9db0fc69f3d923e0bd,legacy_PD_future_window_mean,metric_or_table
D:\2026_PD\outputs\tables\phase16_missingness_stress.csv,10418,7210100c45de8efda279a83583743eb2dbaee19d75460d2559529444eb47eddb,legacy_PD_future_window_mean,metric_or_table
D:\2026_PD\outputs\tables\phase16_noise_stress.csv,10252,c55e9895023ea6aa9bb94c6b16c880fabe68a246c1024c8a677e99bc1bea0fd9,legacy_PD_future_window_mean,metric_or_table
D:\2026_PD\outputs\tables\phase16_small_sample_training.csv,13788,69e8d515a0deb676060205ada1ac6fa1a3e82f4a60223ad8649de010cdd73c77,legacy_PD_future_window_mean,metric_or_table
D:\2026_PD\outputs\tables\phase17_combined_stratified_summary.csv,3774,a1c74cef2508b47545936cad38ab2d5f3504b2a459399a0fcd5d0deb055fd24a,legacy_PD_future_window_mean,metric_or_table
D:\2026_PD\outputs\tables\phase17_coverage_stratified_metrics.csv,14887,a7331bbc64bba2d13ed906433d9ed862cd7f0d388a0f75655c545e02ec6b2cf5,legacy_PD_future_window_mean,metric_or_table
D:\2026_PD\outputs\tables\phase17_reliability_stratified_metrics.csv,14347,74af58a5ccbffff72510127f2cb2b9c6db45572263557b93737706d0c16435bd,legacy_PD_future_window_mean,metric_or_table
D:\2026_PD\outputs\tables\phase17_traffic_state_stratified_metrics.csv,14877,d85cb9b01c7923ec8a3e77fd2b31e51fe53e6578485611d7707572682ed7afb6,legacy_PD_future_window_mean,metric_or_table
D:\2026_PD\outputs\tables\phase17_volatility_stratified_metrics.csv,15860,d80af241204ca783ef082cd86289583c558f76c68529ea3d4cfb3f40fa50fdcb,legacy_PD_future_window_mean,metric_or_table
D:\2026_PD\reports\phase14_final_statistical_tests_report.md,564,5ddf909dd08f13f5a72248fef2de68e1703a300ccc541e3804d50fa8a48a0c89,legacy_PD_future_window_mean,report_or_documentation
D:\2026_PD\reports\phase16_robustness_report.md,4089,5d642324d03ca3ea21c9b432627eb1b42850fba7335a554961dc62203954922b,legacy_PD_future_window_mean,report_or_documentation
D:\2026_PD\reports\phase16_validation_report.md,59588,40a1970126a8680885ed57ac719ade38fd95e4556a3e40c15fd7d58fc2a82bf8,legacy_PD_future_window_mean,report_or_documentation
D:\2026_PD\reports\phase17_stratified_evaluation_report.md,6554,e32132eb6890c86e3ea2d999a78d2c9906b7d80f698bb243e1556f138d12f1f6,legacy_PD_future_window_mean,report_or_documentation
D:\2026_PD\reports\phase17_validation_report.md,1781,47dbaec3a2a3456b9e62c52f1a17a7835100ecf728351f9380e89b079f1baea6,legacy_PD_future_window_mean,report_or_documentation
D:\2026_PD\scripts\phase13_strong_baselines.py,21445,28c706014f8e8f73078f677f0c5a600a591203379438e153d5c82bbf3717b4b9,legacy_PD_future_window_mean,code
D:\2026_PD\scripts\phase14_final_statistical_tests.py,8729,4c0c3fe5bd6ea8a34684a3c91fa31b6516a2ca38e1630c2c84716b57e9a9ede6,legacy_PD_future_window_mean,code
D:\2026_PD\scripts\phase16_robustness.py,18800,3c9e17fcece2e115812ade8d0f87cfa30b4eee81538d73ada0873fbb66b4fef1,legacy_PD_future_window_mean,code
D:\2026_PD\scripts\phase17_stratified_evaluation.py,8738,a7845ee0a379a6fff115760bbf33d02dd21d5602a2ef2f70f5c58e918a78c734,legacy_PD_future_window_mean,code
D:\2026_PD\scripts\validate_phase14_final_statistics.py,1837,a05b47399908fed479eb9b93a75cc2a38991c361d9a86daa43c935ef1c8d1c35,legacy_PD_future_window_mean,code
D:\2026_PD\scripts\validate_phase16_robustness.py,4167,5d48ab73ba30ab9283311a3b59661cef03bc249d6325b8e08753f51db047cdb9,legacy_PD_future_window_mean,code
D:\2026_PD\scripts\validate_phase17_stratified_evaluation.py,1976,853f9134b05a28f548dee574bab80d7b0505dfb36d2ab7b90360b6dc310c189d,legacy_PD_future_window_mean,code
D:\2026_07_23\多数据源数据\多数据源数据补全\source_package_extracted\paper_data_package_for_gpt_review\01_FIGURE_CANDIDATE_DATA\Fig02_candidate_data\phase13_strong_baseline_metrics.csv,42073,fe0ed0cef3a4d373bc755cba62fa167ca38203115881d248c98a0fa3561d2ffe,archive_and_working_sources,metric_or_table
D:\2026_07_23\多数据源数据\多数据源数据补全\source_package_extracted\paper_data_package_for_gpt_review\01_FIGURE_CANDIDATE_DATA\Fig03_candidate_data\phase13_strong_baseline_metrics.csv,42073,fe0ed0cef3a4d373bc755cba62fa167ca38203115881d248c98a0fa3561d2ffe,archive_and_working_sources,metric_or_table
D:\2026_07_23\多数据源数据\多数据源数据补全\source_package_extracted\paper_data_package_for_gpt_review\02_TABLE_CANDIDATE_DATA\Table01_candidate_data\phase13_strong_baseline_metrics.csv,42073,fe0ed0cef3a4d373bc755cba62fa167ca38203115881d248c98a0fa3561d2ffe,archive_and_working_sources,metric_or_table
D:\2026_07_23\多数据源数据\多数据源数据补全\source_package_extracted\paper_data_package_for_gpt_review\02_TABLE_CANDIDATE_DATA\Table03_candidate_data\phase13_strong_baseline_metrics.csv,42073,fe0ed0cef3a4d373bc755cba62fa167ca38203115881d248c98a0fa3561d2ffe,archive_and_working_sources,metric_or_table
D:\2026_07_23\多数据源数据\多数据源数据补全\source_package_extracted\paper_data_package_for_gpt_review\02_TABLE_CANDIDATE_DATA\Table03_candidate_data\phase14_final_mean_std_summary.csv,3038,0acbd7867304a5d1c31cd6dcebb86a3736a97512ccd46490a131a1af9b51510b,archive_and_working_sources,metric_or_table
D:\2026_07_23\多数据源数据\多数据源数据补全\source_package_extracted\paper_data_package_for_gpt_review\02_TABLE_CANDIDATE_DATA\Table04_candidate_data\phase16_degradation_summary.csv,777,5a8cbff51120ade01bc3997e66b5f0ef64eab688ec2f6a9db0fc69f3d923e0bd,archive_and_working_sources,metric_or_table
D:\2026_07_23\多数据源数据\多数据源数据补全\source_package_extracted\paper_data_package_for_gpt_review\02_TABLE_CANDIDATE_DATA\Table04_candidate_data\phase17_combined_stratified_summary.csv,3774,a1c74cef2508b47545936cad38ab2d5f3504b2a459399a0fcd5d0deb055fd24a,archive_and_working_sources,metric_or_table
D:\2026_07_23\多数据源数据\多数据源数据补全\source_package_extracted\paper_data_package_for_gpt_review\03_PHASE13_MAIN_RESULTS\phase13_strong_baseline_metrics.csv,42073,fe0ed0cef3a4d373bc755cba62fa167ca38203115881d248c98a0fa3561d2ffe,archive_and_working_sources,metric_or_table
D:\2026_07_23\多数据源数据\多数据源数据补全\source_package_extracted\paper_data_package_for_gpt_review\05_PHASE16_ROBUSTNESS_RESULTS\phase16_missingness_metrics_combined.csv,10200,31f410f824600c99f0737fcc40382a33c23f18cd586b7b2b574a298ab3262459,archive_and_working_sources,metric_or_table
D:\2026_07_23\多数据源数据\多数据源数据补全\source_package_extracted\paper_data_package_for_gpt_review\05_PHASE16_ROBUSTNESS_RESULTS\phase16_noise_metrics_combined.csv,10006,0c40cb0682e708665dee72b5625771189664caae48090a0699b7f1873a955157,archive_and_working_sources,metric_or_table
D:\2026_07_23\多数据源数据\多数据源数据补全\source_package_extracted\paper_data_package_for_gpt_review\05_PHASE16_ROBUSTNESS_RESULTS\phase16_readiness_report.md,163,79bc8db1d5f1eed35dce330b616f598b64a16f8f68a5a144b8e30422abf4836b,archive_and_working_sources,report_or_documentation
D:\2026_07_23\多数据源数据\多数据源数据补全\source_package_extracted\paper_data_package_for_gpt_review\05_PHASE16_ROBUSTNESS_RESULTS\phase16_small_sample_metrics_combined.csv,13473,2d9b93c1ccd452cbb0ead97822a4196e41b598da8972767eeaad17fdd00a35d5,archive_and_working_sources,metric_or_table
D:\2026_07_23\多数据源数据\多数据源数据补全\source_package_extracted\paper_data_package_for_gpt_review\05_PHASE16_ROBUSTNESS_RESULTS\phase16_validation_report.md,59588,40a1970126a8680885ed57ac719ade38fd95e4556a3e40c15fd7d58fc2a82bf8,archive_and_working_sources,report_or_documentation
D:\2026_07_23\多数据源数据\多数据源数据补全\source_package_extracted\paper_data_package_for_gpt_review\10_CONFIGS_ENVIRONMENT_LOGS\configs\phase13_strong_baselines.yaml,1644,1e0c21e899d847f32be86f4b23b27b54e6fddf90a19c6b84a34b9fe2058d8353,archive_and_working_sources,configuration
D:\2026_07_23\多数据源数据\多数据源数据补全\source_package_extracted\paper_data_package_for_gpt_review\10_CONFIGS_ENVIRONMENT_LOGS\configs\phase14_final_statistical_tests.yaml,653,4af7210ddcdd29f3329e5b32184c095ad3281f78d4cf576a8958a222d7cd01fa,archive_and_working_sources,configuration
D:\2026_07_23\多数据源数据\多数据源数据补全\source_package_extracted\paper_data_package_for_gpt_review\10_CONFIGS_ENVIRONMENT_LOGS\configs\phase16_robustness.yaml,1423,eaa3fcbaef80daa36cb2782192557681656c80fdc907db20cc85c55f3126e5d6,archive_and_working_sources,configuration
D:\2026_07_23\多数据源数据\多数据源数据补全\source_package_extracted\paper_data_package_for_gpt_review\10_CONFIGS_ENVIRONMENT_LOGS\configs\phase17_stratified_evaluation.yaml,680,a61026ab66e882aa31d5895db347e8aeaeed7bbba2df3d61d05dfd4ed1575f20,archive_and_working_sources,configuration
D:\2026_07_23\多数据源数据\多数据源数据补全\source_package_extracted\paper_data_package_for_gpt_review\10_CONFIGS_ENVIRONMENT_LOGS\reports\phase14_final_statistical_tests_report.md,564,5ddf909dd08f13f5a72248fef2de68e1703a300ccc541e3804d50fa8a48a0c89,archive_and_working_sources,report_or_documentation
D:\2026_07_23\多数据源数据\多数据源数据补全\source_package_extracted\paper_data_package_for_gpt_review\10_CONFIGS_ENVIRONMENT_LOGS\reports\phase16_robustness_report.md,4089,5d642324d03ca3ea21c9b432627eb1b42850fba7335a554961dc62203954922b,archive_and_working_sources,report_or_documentation
D:\2026_07_23\多数据源数据\多数据源数据补全\source_package_extracted\paper_data_package_for_gpt_review\10_CONFIGS_ENVIRONMENT_LOGS\reports\phase16_validation_report.md,59588,40a1970126a8680885ed57ac719ade38fd95e4556a3e40c15fd7d58fc2a82bf8,archive_and_working_sources,report_or_documentation
D:\2026_07_23\多数据源数据\多数据源数据补全\source_package_extracted\paper_data_package_for_gpt_review\10_CONFIGS_ENVIRONMENT_LOGS\reports\phase17_stratified_evaluation_report.md,6554,e32132eb6890c86e3ea2d999a78d2c9906b7d80f698bb243e1556f138d12f1f6,archive_and_working_sources,report_or_documentation
D:\2026_07_23\多数据源数据\多数据源数据补全\source_package_extracted\paper_data_package_for_gpt_review\10_CONFIGS_ENVIRONMENT_LOGS\reports\phase17_validation_report.md,1781,47dbaec3a2a3456b9e62c52f1a17a7835100ecf728351f9380e89b079f1baea6,archive_and_working_sources,report_or_documentation
D:\2026_AJSE_FINAL\01_PHASE2A_DEFINITION_FREEZE\AJSE_Phase2A0_Definition_Freeze\checksums_sha256.csv,4713,b4e6b395dfe8b873de18b9e2bbbdb6d1356c8a118e12e457d02f6484372c305b,Phase2A_definition_freeze,manifest_or_hash
D:\2026_AJSE_FINAL\01_PHASE2A_DEFINITION_FREEZE\AJSE_Phase2A0_Definition_Freeze\README_START_HERE.md,329,eb5d19edb3c4deb7f1cbab6e2e7622f479ad3367a582f0b596776ddf8274b7be,Phase2A_definition_freeze,report_or_documentation
D:\2026_AJSE_FINAL\01_PHASE2A_DEFINITION_FREEZE\AJSE_Phase2A0_Definition_Freeze\00_source_audit\base_v2_2_2of4_SOURCE_SNAPSHOT.yaml,5563,ebf99bc367a0f7aa4e9244a0304ae65fea6cd8af6ee6124388504581c5103bd5,Phase2A_definition_freeze,configuration
D:\2026_AJSE_FINAL\01_PHASE2A_DEFINITION_FREEZE\AJSE_Phase2A0_Definition_Freeze\00_source_audit\SOURCE_GIT_STATUS.txt,2101,0baa5dde5167e496a0adcc39cb8f00da7d66c44ed9b3561edb44c3674d3f94e8,Phase2A_definition_freeze,report_or_documentation
D:\2026_AJSE_FINAL\01_PHASE2A_DEFINITION_FREEZE\AJSE_Phase2A0_Definition_Freeze\01_blind_test_audit\BLIND_TEST_ELIGIBILITY.md,1399,9498f9f442499326a1662c59d24322b947b8afb58cbc6c3a5de839b31776710b,Phase2A_definition_freeze,report_or_documentation
D:\2026_AJSE_FINAL\01_PHASE2A_DEFINITION_FREEZE\AJSE_Phase2A0_Definition_Freeze\02_time_grid_definition\AGGREGATION_THRESHOLD_POLICY.yaml,289,1b92859d6c21a48b5c69c936164d8cf1819dc7960e08e6e53f63633cf5bba15c,Phase2A_definition_freeze,configuration
D:\2026_AJSE_FINAL\01_PHASE2A_DEFINITION_FREEZE\AJSE_Phase2A0_Definition_Freeze\02_time_grid_definition\TIME_GRID_AUDIT.md,827,c7e47e44edc81d71b7d8147e7fe299cad34139915858295a0d607225ce03b8c1,Phase2A_definition_freeze,report_or_documentation
D:\2026_AJSE_FINAL\01_PHASE2A_DEFINITION_FREEZE\AJSE_Phase2A0_Definition_Freeze\02_time_grid_definition\TIME_GRID_POLICY.yaml,491,bb5453c2a7d6f32f6e65de77fcd236351d775374f51e34dc049d69f13807357a,Phase2A_definition_freeze,configuration
D:\2026_AJSE_FINAL\01_PHASE2A_DEFINITION_FREEZE\AJSE_Phase2A0_Definition_Freeze\03_cleaning_policy\PROPOSED_CLEANING_POLICY.yaml,1004,0f71b06df665c31216fa2214d60579e59d630f5d19e20dcc2871c9572008999a,Phase2A_definition_freeze,configuration
D:\2026_AJSE_FINAL\01_PHASE2A_DEFINITION_FREEZE\AJSE_Phase2A0_Definition_Freeze\04_split_definition\SPLIT_AND_HISTORY_BOUNDARY.md,1063,86400baf8dfd659e9a2320db9991c977ec1e525b98a154561d42668c3d75dc32,Phase2A_definition_freeze,report_or_documentation
D:\2026_AJSE_FINAL\01_PHASE2A_DEFINITION_FREEZE\AJSE_Phase2A0_Definition_Freeze\04_split_definition\SPLIT_POLICY.yaml,1250,137736b47b6959f4392fa8cdb6e66f19652164b3de4fa41c868ec951339c4afb,Phase2A_definition_freeze,configuration
D:\2026_AJSE_FINAL\01_PHASE2A_DEFINITION_FREEZE\AJSE_Phase2A0_Definition_Freeze\05_target_definition\TARGET_DEFINITION.md,530,d469f1b2280542e655568e680c2ce2c700e72639cddae77ef15d355ed370e7a8,Phase2A_definition_freeze,report_or_documentation
D:\2026_AJSE_FINAL\01_PHASE2A_DEFINITION_FREEZE\AJSE_Phase2A0_Definition_Freeze\05_target_definition\TARGET_POLICY.yaml,556,adb6acd205bbfbd56c71beb5edc8137f4e267af5112946165dabd79445baff21,Phase2A_definition_freeze,configuration
D:\2026_AJSE_FINAL\01_PHASE2A_DEFINITION_FREEZE\AJSE_Phase2A0_Definition_Freeze\06_history_and_state_policy\HISTORY_POLICY.yaml,442,1f81883057b94024654195a0f3c81c024ffcdebef81b5fae725de637897e3aa7,Phase2A_definition_freeze,configuration
D:\2026_AJSE_FINAL\01_PHASE2A_DEFINITION_FREEZE\AJSE_Phase2A0_Definition_Freeze\07_feature_freeze\MODEL_INPUT_FREEZE_SPEC.md,935,d21db3979e0a0bad2e24a5fa96df17cae9d8962f36dc0d823d998799d3faf765,Phase2A_definition_freeze,report_or_documentation
D:\2026_AJSE_FINAL\01_PHASE2A_DEFINITION_FREEZE\AJSE_Phase2A0_Definition_Freeze\08_full_sample_validation_plan\FULL_SAMPLE_ASSERTION_PLAN.md,617,6fa8033fe6ba55ef7d0d2e172ded2606a64fda7ccb7db39092080fb0b22e0494,Phase2A_definition_freeze,report_or_documentation
D:\2026_AJSE_FINAL\01_PHASE2A_DEFINITION_FREEZE\AJSE_Phase2A0_Definition_Freeze\09_distribution_license\DISTRIBUTION_STATUS.md,463,130719b49f0709c16c23f11ff9ed8c7ebf206699be7b5480ebe1841060c7c731,Phase2A_definition_freeze,report_or_documentation
D:\2026_AJSE_FINAL\01_PHASE2A_DEFINITION_FREEZE\AJSE_Phase2A0_Definition_Freeze\10_final_configuration\AJSE_PHASE2A_DRAFT.yaml,2340,9c0a791d04ef08c77bef59f858cf220320471ca2934ce6e98db092a4d7f49464,Phase2A_definition_freeze,configuration
D:\2026_AJSE_FINAL\01_PHASE2A_DEFINITION_FREEZE\AJSE_Phase2A0_Definition_Freeze\11_reports\BLIND_TEST_ELIGIBILITY.md,1399,9498f9f442499326a1662c59d24322b947b8afb58cbc6c3a5de839b31776710b,Phase2A_definition_freeze,report_or_documentation
D:\2026_AJSE_FINAL\01_PHASE2A_DEFINITION_FREEZE\AJSE_Phase2A0_Definition_Freeze\11_reports\BLOCKING_ITEMS.md,1115,e6af3a4abe7d8174eede3372f391073008e0c15ecb2aa56e3c79c587da856323,Phase2A_definition_freeze,report_or_documentation
D:\2026_AJSE_FINAL\01_PHASE2A_DEFINITION_FREEZE\AJSE_Phase2A0_Definition_Freeze\11_reports\CLEANING_POLICY_REPORT.md,887,6517b2ce262dd071e50a805342c0d0ab4c8af735cc37246123f404df09eeb13d,Phase2A_definition_freeze,report_or_documentation
D:\2026_AJSE_FINAL\01_PHASE2A_DEFINITION_FREEZE\AJSE_Phase2A0_Definition_Freeze\11_reports\DISTRIBUTION_LICENSE_REPORT.md,463,130719b49f0709c16c23f11ff9ed8c7ebf206699be7b5480ebe1841060c7c731,Phase2A_definition_freeze,report_or_documentation
D:\2026_AJSE_FINAL\01_PHASE2A_DEFINITION_FREEZE\AJSE_Phase2A0_Definition_Freeze\11_reports\MODEL_INPUT_FREEZE_REPORT.md,935,d21db3979e0a0bad2e24a5fa96df17cae9d8962f36dc0d823d998799d3faf765,Phase2A_definition_freeze,report_or_documentation
D:\2026_AJSE_FINAL\01_PHASE2A_DEFINITION_FREEZE\AJSE_Phase2A0_Definition_Freeze\11_reports\PHASE2A0_EXECUTIVE_SUMMARY.md,1229,6712a3ed6a711ac43759284df554bb91871fea26519a190227498cbd8de13901,Phase2A_definition_freeze,report_or_documentation
D:\2026_AJSE_FINAL\01_PHASE2A_DEFINITION_FREEZE\AJSE_Phase2A0_Definition_Freeze\11_reports\SPLIT_AND_HISTORY_POLICY_REPORT.md,1063,86400baf8dfd659e9a2320db9991c977ec1e525b98a154561d42668c3d75dc32,Phase2A_definition_freeze,report_or_documentation
D:\2026_AJSE_FINAL\01_PHASE2A_DEFINITION_FREEZE\AJSE_Phase2A0_Definition_Freeze\11_reports\TARGET_AND_H6_SENSITIVITY_REPORT.md,530,d469f1b2280542e655568e680c2ce2c700e72639cddae77ef15d355ed370e7a8,Phase2A_definition_freeze,report_or_documentation
D:\2026_AJSE_FINAL\01_PHASE2A_DEFINITION_FREEZE\AJSE_Phase2A0_Definition_Freeze\11_reports\TIME_GRID_AND_DENOMINATOR_REPORT.md,827,c7e47e44edc81d71b7d8147e7fe299cad34139915858295a0d607225ce03b8c1,Phase2A_definition_freeze,report_or_documentation
D:\2026_AJSE_FINAL\05_COMPREHENSIVE_DATA_RESULT_AUDIT_20260730\00_SOURCE_OUTLINE\AJSE_Phase2A_详细写作大纲_逻辑关键词实验详解版.docx,519785,264699f1962b0060edcdc41c3812c59955030ae44c75240ca27b956468ac6e88,unclassified,report_or_documentation
D:\CRG_TCN_20260729\02_论文审计与投稿\AJSE_Audit_Export\AJSE_Audit_Core\01_target_definition_audit\configs\phase13_strong_baselines.yaml,1644,1e0c21e899d847f32be86f4b23b27b54e6fddf90a19c6b84a34b9fe2058d8353,v2.2_point_target_and_audits,configuration
D:\CRG_TCN_20260729\02_论文审计与投稿\AJSE_Audit_Export\AJSE_Audit_Core\03_split_and_leakage_audit\configs\phase13_strong_baselines.yaml,1644,1e0c21e899d847f32be86f4b23b27b54e6fddf90a19c6b84a34b9fe2058d8353,v2.2_point_target_and_audits,configuration
D:\CRG_TCN_20260729\02_论文审计与投稿\AJSE_Audit_Export\AJSE_Audit_Core\05_benchmark_results\configs\phase13_strong_baselines.yaml,1644,1e0c21e899d847f32be86f4b23b27b54e6fddf90a19c6b84a34b9fe2058d8353,v2.2_point_target_and_audits,configuration
D:\CRG_TCN_20260729\02_论文审计与投稿\AJSE_Audit_Export\AJSE_Audit_Core\05_benchmark_results\source_phase13\phase13_strong_baseline_metrics.csv,42073,fe0ed0cef3a4d373bc755cba62fa167ca38203115881d248c98a0fa3561d2ffe,v2.2_point_target_and_audits,metric_or_table
D:\CRG_TCN_20260729\02_论文审计与投稿\AJSE_Audit_Export\AJSE_Audit_Core\07_robustness_results\source_phase16_robustness_report.md,4089,5d642324d03ca3ea21c9b432627eb1b42850fba7335a554961dc62203954922b,v2.2_point_target_and_audits,report_or_documentation
D:\CRG_TCN_20260729\02_论文审计与投稿\AJSE_Audit_Export\AJSE_Audit_Core\07_robustness_results\configs\phase16_robustness.yaml,1423,eaa3fcbaef80daa36cb2782192557681656c80fdc907db20cc85c55f3126e5d6,v2.2_point_target_and_audits,configuration
D:\CRG_TCN_20260729\02_论文审计与投稿\AJSE_Audit_Export\AJSE_Audit_Core\07_robustness_results\source_phase16\phase16_missingness_metrics_combined.csv,10200,31f410f824600c99f0737fcc40382a33c23f18cd586b7b2b574a298ab3262459,v2.2_point_target_and_audits,metric_or_table
D:\CRG_TCN_20260729\02_论文审计与投稿\AJSE_Audit_Export\AJSE_Audit_Core\07_robustness_results\source_phase16\phase16_noise_metrics_combined.csv,10006,0c40cb0682e708665dee72b5625771189664caae48090a0699b7f1873a955157,v2.2_point_target_and_audits,metric_or_table
D:\CRG_TCN_20260729\02_论文审计与投稿\AJSE_Audit_Export\AJSE_Audit_Core\07_robustness_results\source_phase16\phase16_readiness_report.md,163,79bc8db1d5f1eed35dce330b616f598b64a16f8f68a5a144b8e30422abf4836b,v2.2_point_target_and_audits,report_or_documentation
D:\CRG_TCN_20260729\02_论文审计与投稿\AJSE_Audit_Export\AJSE_Audit_Core\07_robustness_results\source_phase16\phase16_small_sample_metrics_combined.csv,13473,2d9b93c1ccd452cbb0ead97822a4196e41b598da8972767eeaad17fdd00a35d5,v2.2_point_target_and_audits,metric_or_table
D:\CRG_TCN_20260729\02_论文审计与投稿\AJSE_Audit_Export\AJSE_Audit_Core\07_robustness_results\source_phase16\phase16_validation_report.md,59588,40a1970126a8680885ed57ac719ade38fd95e4556a3e40c15fd7d58fc2a82bf8,v2.2_point_target_and_audits,report_or_documentation
D:\CRG_TCN_20260729\02_论文审计与投稿\AJSE_Audit_Export\AJSE_Audit_Core\08_regime_results\source_phase17_stratified_evaluation_report.md,6554,e32132eb6890c86e3ea2d999a78d2c9906b7d80f698bb243e1556f138d12f1f6,v2.2_point_target_and_audits,report_or_documentation
D:\CRG_TCN_20260729\02_论文审计与投稿\AJSE_Audit_Export\AJSE_Audit_Core\08_regime_results\configs\phase17_stratified_evaluation.yaml,680,a61026ab66e882aa31d5895db347e8aeaeed7bbba2df3d61d05dfd4ed1575f20,v2.2_point_target_and_audits,configuration
D:\CRG_TCN_20260729\02_论文审计与投稿\AJSE_Audit_Export\AJSE_Audit_Core\09_figures_tables_sources\figure_candidate_data\Fig02_candidate_data\phase13_strong_baseline_metrics.csv,42073,fe0ed0cef3a4d373bc755cba62fa167ca38203115881d248c98a0fa3561d2ffe,v2.2_point_target_and_audits,metric_or_table
D:\CRG_TCN_20260729\02_论文审计与投稿\AJSE_Audit_Export\AJSE_Audit_Core\09_figures_tables_sources\figure_candidate_data\Fig02_candidate_data\phase14_final_mean_std_summary.csv,3038,0acbd7867304a5d1c31cd6dcebb86a3736a97512ccd46490a131a1af9b51510b,v2.2_point_target_and_audits,metric_or_table
D:\CRG_TCN_20260729\02_论文审计与投稿\AJSE_Audit_Export\AJSE_Audit_Core\09_figures_tables_sources\figure_candidate_data\Fig03_candidate_data\phase13_strong_baseline_metrics.csv,42073,fe0ed0cef3a4d373bc755cba62fa167ca38203115881d248c98a0fa3561d2ffe,v2.2_point_target_and_audits,metric_or_table
D:\CRG_TCN_20260729\02_论文审计与投稿\AJSE_Audit_Export\AJSE_Audit_Core\09_figures_tables_sources\figure_candidate_data\Fig03_candidate_data\phase14_final_mean_std_summary.csv,3038,0acbd7867304a5d1c31cd6dcebb86a3736a97512ccd46490a131a1af9b51510b,v2.2_point_target_and_audits,metric_or_table
D:\CRG_TCN_20260729\02_论文审计与投稿\AJSE_Audit_Export\AJSE_Audit_Core\09_figures_tables_sources\figure_candidate_data\Fig05_candidate_data\phase17_combined_stratified_summary.csv,3774,a1c74cef2508b47545936cad38ab2d5f3504b2a459399a0fcd5d0deb055fd24a,v2.2_point_target_and_audits,metric_or_table
D:\CRG_TCN_20260729\02_论文审计与投稿\AJSE_Audit_Export\AJSE_Audit_Core\09_figures_tables_sources\figure_candidate_data\Fig06_candidate_data\phase17_combined_stratified_summary.csv,3774,a1c74cef2508b47545936cad38ab2d5f3504b2a459399a0fcd5d0deb055fd24a,v2.2_point_target_and_audits,metric_or_table
D:\CRG_TCN_20260729\02_论文审计与投稿\AJSE_Audit_Export\AJSE_Audit_Core\09_figures_tables_sources\figure_candidate_data\Fig07_candidate_data\phase16_degradation_summary.csv,777,5a8cbff51120ade01bc3997e66b5f0ef64eab688ec2f6a9db0fc69f3d923e0bd,v2.2_point_target_and_audits,metric_or_table
D:\CRG_TCN_20260729\02_论文审计与投稿\AJSE_Audit_Export\AJSE_Audit_Core\09_figures_tables_sources\figure_candidate_data\Fig07_candidate_data\phase16_missingness_stress.csv,10418,7210100c45de8efda279a83583743eb2dbaee19d75460d2559529444eb47eddb,v2.2_point_target_and_audits,metric_or_table
D:\CRG_TCN_20260729\02_论文审计与投稿\AJSE_Audit_Export\AJSE_Audit_Core\09_figures_tables_sources\figure_candidate_data\Fig07_candidate_data\phase16_noise_stress.csv,10252,c55e9895023ea6aa9bb94c6b16c880fabe68a246c1024c8a677e99bc1bea0fd9,v2.2_point_target_and_audits,metric_or_table
D:\CRG_TCN_20260729\02_论文审计与投稿\AJSE_Audit_Export\AJSE_Audit_Core\09_figures_tables_sources\figure_candidate_data\Fig07_candidate_data\phase16_small_sample_training.csv,13788,69e8d515a0deb676060205ada1ac6fa1a3e82f4a60223ad8649de010cdd73c77,v2.2_point_target_and_audits,metric_or_table
D:\CRG_TCN_20260729\02_论文审计与投稿\AJSE_Audit_Export\AJSE_Audit_Core\09_figures_tables_sources\table_candidate_data\Table01_candidate_data\phase13_strong_baseline_metrics.csv,42073,fe0ed0cef3a4d373bc755cba62fa167ca38203115881d248c98a0fa3561d2ffe,v2.2_point_target_and_audits,metric_or_table
D:\CRG_TCN_20260729\02_论文审计与投稿\AJSE_Audit_Export\AJSE_Audit_Core\09_figures_tables_sources\table_candidate_data\Table03_candidate_data\phase13_strong_baseline_metrics.csv,42073,fe0ed0cef3a4d373bc755cba62fa167ca38203115881d248c98a0fa3561d2ffe,v2.2_point_target_and_audits,metric_or_table
D:\CRG_TCN_20260729\02_论文审计与投稿\AJSE_Audit_Export\AJSE_Audit_Core\09_figures_tables_sources\table_candidate_data\Table03_candidate_data\phase14_final_mean_std_summary.csv,3038,0acbd7867304a5d1c31cd6dcebb86a3736a97512ccd46490a131a1af9b51510b,v2.2_point_target_and_audits,metric_or_table
D:\CRG_TCN_20260729\02_论文审计与投稿\AJSE_Audit_Export\AJSE_Audit_Core\09_figures_tables_sources\table_candidate_data\Table04_candidate_data\phase16_degradation_summary.csv,777,5a8cbff51120ade01bc3997e66b5f0ef64eab688ec2f6a9db0fc69f3d923e0bd,v2.2_point_target_and_audits,metric_or_table
D:\CRG_TCN_20260729\02_论文审计与投稿\AJSE_Audit_Export\AJSE_Audit_Core\09_figures_tables_sources\table_candidate_data\Table04_candidate_data\phase17_combined_stratified_summary.csv,3774,a1c74cef2508b47545936cad38ab2d5f3504b2a459399a0fcd5d0deb055fd24a,v2.2_point_target_and_audits,metric_or_table
D:\CRG_TCN_20260729\02_论文审计与投稿\AJSE_Audit_Export\AJSE_Audit_Core\11_reproducibility\configs\phase13_strong_baselines.yaml,1644,1e0c21e899d847f32be86f4b23b27b54e6fddf90a19c6b84a34b9fe2058d8353,v2.2_point_target_and_audits,configuration
D:\CRG_TCN_20260729\02_论文审计与投稿\AJSE_Audit_Export\AJSE_Audit_Core\11_reproducibility\configs\phase14_final_statistical_tests.yaml,653,4af7210ddcdd29f3329e5b32184c095ad3281f78d4cf576a8958a222d7cd01fa,v2.2_point_target_and_audits,configuration
D:\CRG_TCN_20260729\02_论文审计与投稿\AJSE_Audit_Export\AJSE_Audit_Core\11_reproducibility\configs\phase16_robustness.yaml,1423,eaa3fcbaef80daa36cb2782192557681656c80fdc907db20cc85c55f3126e5d6,v2.2_point_target_and_audits,configuration
D:\CRG_TCN_20260729\02_论文审计与投稿\AJSE_Audit_Export\AJSE_Audit_Core\11_reproducibility\configs\phase17_stratified_evaluation.yaml,680,a61026ab66e882aa31d5895db347e8aeaeed7bbba2df3d61d05dfd4ed1575f20,v2.2_point_target_and_audits,configuration
